element,first_name,second_name,web_name,team,element_type,now_cost,selected_by_percent,form,points_per_game,minutes,goals_scored,assists,clean_sheets,expected_goals,expected_assists,expected_goal_involvements,expected_goals_conceded,transfers_in_event,transfers_out_event,status,news,season,season_start,full_name,player_id,name_key,team_name,short_name,strength,last_season_ppg,last_season_minutes_share,is_promoted_team
1,David,Raya Martín,Raya,1,1,60,36.6,0.0,4.4,3330,0,0,19,0.00,0.07,0.07,27.56,0,0,a,,2025-26,2025,David_Raya Martín,davidrayamartn,raya,Arsenal,ARS,,,,False
2,Kepa,Arrizabalaga Revuelta,Arrizabalaga,1,1,50,0.1,0.0,2.0,90,0,0,0,0.00,0.00,0.00,0.98,0,0,a,,2025-26,2025,Kepa_Arrizabalaga Revuelta,kepaarrizabalagarevuelta,arrizabalaga,Arsenal,ARS,,,,False
3,Illan,Meslier,Meslier,1,1,50,0.0,0.0,0.0,0,11,0,0,0.00,0.00,0.00,0.00,0,0,a,,2025-26,2025,Illan_Meslier,illanmeslier,meslier,Arsenal,ARS,,,,False
4,Gabriel,dos Santos Magalhães,Gabriel,1,2,80,29.7,0.0,6.5,2750,3,5,18,2.94,1.75,4.69,22.01,0,0,a,,2025-26,2025,Gabriel_dos Santos Magalhães,gabrieldossantosmagalhes,gabriel,Arsenal,ARS,,4.178571428571429,0.6909356725146198,False
5,Jurriën,Timber,J.Timber,1,2,65,0.2,0.0,5.0,2452,3,6,13,4.71,1.53,6.24,17.45,0,0,i,Groin injury - Unknown return date,2025-26,2025,Jurriën_Timber,jurrintimber,jtimber,Arsenal,ARS,,3.8,0.706140350877193,False
6,William,Saliba,Saliba,1,2,60,0.3,0.0,4.4,2614,1,0,15,0.88,1.21,2.09,20.41,0,0,i,Back injury - Unknown return date,2025-26,2025,William_Saliba,williamsaliba,saliba,Arsenal,ARS,,3.7142857142857144,0.8885964912280702,False
7,Myles,Lewis-Skelly,Lewis-Skelly,1,3,55,0.6,0.0,1.4,697,0,0,2,0.10,0.20,0.30,9.01,0,0,a,,2025-26,2025,Myles_Lewis-Skelly,myleslewisskelly,lewisskelly,Arsenal,ARS,,1.608695652173913,0.39824561403508774,False
8,Riccardo,Calafiori,Calafiori,1,2,55,33.3,0.0,4.2,1697,1,2,13,3.36,0.76,4.12,9.72,0,0,a,,2025-26,2025,Riccardo_Calafiori,riccardocalafiori,calafiori,Arsenal,ARS,,2.0526315789473686,0.28596491228070176,False
9,Piero,Hincapié,Hincapie,1,2,55,2.2,0.0,3.5,1787,1,2,5,0.36,1.67,2.03,17.53,0,0,a,,2025-26,2025,Piero_Hincapié,pierohincapi,hincapie,Arsenal,ARS,,,,False
10,Benjamin,White,White,1,2,55,3.6,0.0,3.8,699,0,1,5,0.45,0.69,1.14,8.68,0,0,a,,2025-26,2025,Benjamin_White,benjaminwhite,white,Arsenal,ARS,,2.9411764705882355,0.34941520467836257,False
11,Cristhian,Mosquera,Mosquera,1,2,55,8.4,0.0,2.0,986,0,0,3,0.10,0.63,0.73,9.04,0,0,a,,2025-26,2025,Cristhian_Mosquera,cristhianmosquera,mosquera,Arsenal,ARS,,,,False
12,Bukayo,Saka,Saka,1,3,95,9.3,0.0,5.1,2218,7,10,12,7.57,7.16,14.73,15.57,0,0,a,,2025-26,2025,Bukayo_Saka,bukayosaka,saka,Arsenal,ARS,,5.08,0.504093567251462,False
13,Declan,Rice,Rice,1,3,75,18.9,0.0,5.1,3093,4,9,18,3.15,7.32,10.47,23.87,0,0,a,,2025-26,2025,Declan_Rice,declanrice,rice,Arsenal,ARS,,3.6285714285714286,0.8254385964912281,False
14,Eberechi,Eze,Eze,1,3,65,2.2,0.0,3.4,1885,7,3,11,5.18,2.66,7.84,14.21,0,0,a,,2025-26,2025,Eberechi_Eze,eberechieze,eze,Arsenal,ARS,,4.352941176470588,0.7567251461988304,False
15,Martin,Ødegaard,Ødegaard,1,3,65,6.8,0.0,3.1,1363,1,7,6,1.25,3.65,4.90,16.20,0,0,a,,2025-26,2025,Martin_Ødegaard,martindegaard,degaard,Arsenal,ARS,,3.8666666666666667,0.678654970760234,False
16,Noni,Madueke,Madueke,1,3,65,0.3,0.0,2.8,1205,3,1,8,1.23,2.86,4.09,12.77,0,0,a,,2025-26,2025,Noni_Madueke,nonimadueke,madueke,Arsenal,ARS,,3.75,0.5929824561403508,False
17,Mikel,Merino Zazón,Merino,1,3,60,0.8,0.0,3.0,1024,4,3,4,3.36,1.45,4.81,7.36,0,0,a,,2025-26,2025,Mikel_Merino Zazón,mikelmerinozazn,merino,Arsenal,ARS,,,,False
18,Gabriel,Martinelli Silva,Martinelli,1,3,65,0.2,0.0,1.9,1065,1,5,2,4.12,1.27,5.39,10.51,0,0,a,,2025-26,2025,Gabriel_Martinelli Silva,gabrielmartinellisilva,martinelli,Arsenal,ARS,,3.787878787878788,0.6678362573099416,False
19,Martín,Zubimendi Ibáñez,Zubimendi,1,3,55,1.2,0.0,3.5,2991,5,1,16,2.84,2.27,5.11,26.09,0,0,a,,2025-26,2025,Martín_Zubimendi Ibáñez,martnzubimendiibez,zubimendi,Arsenal,ARS,,,,False
20,Max,Dowman,Dowman,1,3,55,0.1,0.0,2.7,152,1,1,1,1.19,0.30,1.49,0.88,0,0,a,,2025-26,2025,Max_Dowman,maxdowman,dowman,Arsenal,ARS,,,,False
22,Ethan,Nwaneri,Nwaneri,1,3,55,0.0,0.0,1.3,165,0,0,1,0.23,0.08,0.31,0.73,0,0,a,,2025-26,2025,Ethan_Nwaneri,ethannwaneri,nwaneri,Arsenal,ARS,,2.5384615384615383,0.2578947368421053,False
23,Fábio,Ferreira Vieira,Fábio Vieira,1,3,55,0.0,0.0,0.0,0,0,0,0,0.00,0.00,0.00,0.00,0,0,a,,2025-26,2025,Fábio_Ferreira Vieira,fbioferreiravieira,fbiovieira,Arsenal,ARS,,,0.0,False
24,Reiss,Nelson,Nelson,1,3,55,0.0,0.0,1.3,118,0,1,0,0.71,0.11,0.82,3.02,0,0,a,,2025-26,2025,Reiss_Nelson,reissnelson,nelson,Arsenal,ARS,,2.25,0.1412280701754386,False
25,Viktor,Gyökeres,Gyökeres,1,4,75,9.9,0.0,3.6,2217,14,1,12,12.26,1.94,14.19,17.81,0,0,a,,2025-26,2025,Viktor_Gyökeres,viktorgykeres,gykeres,Arsenal,ARS,,,,False
26,Kai,Havertz,Havertz,1,4,75,4.8,0.0,3.0,577,2,3,4,3.31,0.64,3.95,6.68,0,0,a,,2025-26,2025,Kai_Havertz,kaihavertz,havertz,Arsenal,ARS,,4.217391304347826,0.5473684210526316,False
27,Gabriel,Fernando de Jesus,G.Jesus,1,4,60,0.4,0.0,1.7,418,3,0,1,2.71,0.26,2.97,3.97,0,0,a,,2025-26,2025,Gabriel_Fernando de Jesus,gabrielfernandodejesus,gjesus,Arsenal,ARS,,2.4705882352941178,0.17543859649122806,False
452,Bruno,Guimarães Rodriguez Moura,Bruno G.,1,3,70,7.6,0.0,5.3,2456,9,7,6,5.59,4.96,10.55,31.99,0,0,d,Thigh injury - 75% chance of playing,2025-26,2025,Bruno_Guimarães Rodriguez Moura,brunoguimaresrodriguezmoura,brunog,Arsenal,ARS,,3.5526315789473686,0.9570175438596491,False
557,Christos,Tzolis,Tzolis,1,3,65,20.4,0.0,0.0,0,0,0,0,0.00,0.00,0.00,0.00,0,0,a,,2025-26,2025,Christos_Tzolis,christostzolis,tzolis,Arsenal,ARS,,,,False
28,Emiliano,Martínez Romero,Martinez,2,1,50,4.6,0.0,3.8,2835,0,1,7,0.00,0.08,0.08,42.92,0,0,a,,2025-26,2025,Emiliano_Martínez Romero,emilianomartnezromero,martinez,Aston Villa,AVL,,3.0,0.9342105263157895,False
29,Marco,Bizot,M.Bizot,2,1,45,0.1,0.0,2.3,585,0,0,1,0.00,0.00,0.00,11.02,0,0,a,,2025-26,2025,Marco_Bizot,marcobizot,mbizot,Aston Villa,AVL,,,,False
30,Lucas,Digne,Digne,2,2,45,0.3,0.0,3.1,1842,0,7,7,0.67,3.28,3.95,27.79,0,0,u,Has joined Paris Saint-Germain permanently,2025-26,2025,Lucas_Digne,lucasdigne,digne,Aston Villa,AVL,,2.78125,0.6865497076023391,False
31,Ezri,Konsa Ngoyo,Konsa,2,2,45,15.6,0.0,2.9,3035,0,1,9,1.27,0.59,1.86,48.93,0,0,a,,2025-26,2025,Ezri_Konsa Ngoyo,ezrikonsangoyo,konsa,Aston Villa,AVL,,3.0294117647058822,0.8584795321637427,False
32,Matty,Cash,Cash,2,2,45,8.5,0.0,3.3,3016,3,3,8,1.14,2.94,4.08,45.45,0,0,a,,2025-26,2025,Matty_Cash,mattycash,cash,Aston Villa,AVL,,2.814814814814815,0.6049707602339182,False
33,Tyrone,Mings,Mings,2,2,45,0.3,0.0,2.9,1322,0,1,3,1.30,0.42,1.72,23.37,0,0,a,,2025-26,2025,Tyrone_Mings,tyronemings,mings,Aston Villa,AVL,,3.357142857142857,0.32719298245614037,False
34,Pau,Torres,Pau,2,2,45,0.4,0.0,3.0,1673,0,2,5,1.33,0.39,1.72,22.81,0,0,a,,2025-26,2025,Pau_Torres,pautorres,pau,Aston Villa,AVL,,2.2916666666666665,0.5903508771929824,False
35,Lamare,Bogarde,Bogarde,2,3,50,0.1,0.0,1.4,1042,0,0,2,0.00,0.20,0.20,15.38,0,0,a,,2025-26,2025,Lamare_Bogarde,lamarebogarde,bogarde,Aston Villa,AVL,,0.75,0.13830409356725146,False
36,Ian,Maatsen,Maatsen,2,2,45,0.9,0.0,1.8,1590,0,1,2,1.26,2.39,3.65,26.64,0,0,a,,2025-26,2025,Ian_Maatsen,ianmaatsen,maatsen,Aston Villa,AVL,,1.9655172413793103,0.32894736842105265,False
37,Victor,Lindelöf,Lindelöf,2,2,45,0.2,0.0,1.7,942,0,1,1,0.28,0.10,0.38,15.93,0,0,a,,2025-26,2025,Victor_Lindelöf,victorlindelf,lindelf,Aston Villa,AVL,,1.6875,0.20321637426900585,False
38,Andrés,García,A.García,2,2,40,1.7,0.0,0.8,83,0,0,0,0.00,0.01,0.01,2.74,0,0,a,,2025-26,2025,Andrés_García,andrsgarca,agarca,Aston Villa,AVL,,1.1428571428571428,0.09239766081871345,False
39,Kosta,Nedeljkovic,Nedeljkovic,2,2,40,0.6,0.0,0.0,0,0,0,0,0.00,0.00,0.00,0.00,0,0,u,Has joined Rangers on loan for the rest of the season,2025-26,2025,Kosta_Nedeljkovic,kostanedeljkovic,nedeljkovic,Aston Villa,AVL,,,,False
41,Emiliano,Buendía Stati,Buendía,2,3,60,1.4,0.0,2.8,1753,6,2,3,3.38,2.23,5.61,28.03,0,0,a,,2025-26,2025,Emiliano_Buendía Stati,emilianobuendastati,buenda,Aston Villa,AVL,,0.9166666666666666,0.026023391812865497,False
44,Leon,Bailey,Bailey,2,3,55,0.1,0.0,1.6,450,0,2,0,0.50,1.46,1.96,7.03,0,0,a,,2025-26,2025,Leon_Bailey,leonbailey,bailey,Aston Villa,AVL,,1.9583333333333333,0.3309941520467836,False
45,John,McGinn,McGinn,2,3,55,3.3,0.0,3.4,2136,5,4,8,3.00,4.11,7.11,33.08,0,0,a,,2025-26,2025,John_McGinn,johnmcginn,mcginn,Aston Villa,AVL,,2.2941176470588234,0.6482456140350877,False
46,Ross,Barkley,Barkley,2,3,50,0.2,0.0,2.7,844,3,2,1,1.58,1.26,2.84,13.20,0,0,a,,2025-26,2025,Ross_Barkley,rossbarkley,barkley,Aston Villa,AVL,,2.2,0.16578947368421051,False
47,Boubacar,Kamara,Kamara,2,3,50,0.3,0.0,3.4,1410,1,3,5,0.53,0.84,1.36,20.80,0,0,a,,2025-26,2025,Boubacar_Kamara,boubacarkamara,kamara,Aston Villa,AVL,,2.1923076923076925,0.5029239766081871,False
48,Amadou,Onana,Onana,2,3,50,0.0,0.0,3.0,1755,2,0,6,1.68,0.69,2.37,28.53,0,0,i,Knee injury - Unknown return date,2025-26,2025,Amadou_Onana,amadouonana,onana,Aston Villa,AVL,,2.5,0.4716374269005848,False
49,Samuel,Iling-Junior,Iling Jr,2,3,50,0.0,0.0,0.0,0,0,0,0,0.00,0.00,0.00,0.00,0,0,u,Has joined Bolton Wanderers on loan for the rest of the season,2025-26,2025,Samuel_Iling-Junior,samuelilingjunior,ilingjr,Aston Villa,AVL,,,0.0,False
50,Bradley,Burrowes,Burrowes,2,3,45,0.7,0.0,1.0,16,0,0,0,0.00,0.00,0.00,0.90,0,0,a,,2025-26,2025,Bradley_Burrowes,bradleyburrowes,burrowes,Aston Villa,AVL,,,,False
51,George,Hemmings,George Hemmings,2,3,45,0.6,0.0,1.0,25,0,0,0,0.04,0.01,0.05,0.61,0,0,a,,2025-26,2025,George_Hemmings,georgehemmings,georgehemmings,Aston Villa,AVL,,,,False
52,Alysson Edward Franco,da Rocha dos Santos,Alysson,2,3,50,0.0,0.0,1.0,47,0,0,0,0.05,0.05,0.10,1.87,0,0,a,,2025-26,2025,Alysson Edward Franco_da Rocha dos Santos,alyssonedwardfrancodarochadossantos,alysson,Aston Villa,AVL,,,,False
53,Johan,Manzambi,Manzambi,2,3,60,0.5,0.0,0.0,0,0,0,0,0.00,0.00,0.00,0.00,0,0,i,Knee injury - Unknown return date,2025-26,2025,Johan_Manzambi,johanmanzambi,manzambi,Aston Villa,AVL,,,,False
54,Joao,Gomes,Gomes,2,3,55,0.1,0.0,3.0,2207,1,1,4,1.15,1.34,2.49,48.60,0,0,i,Calf injury - Unknown return date,2025-26,2025,Joao_Gomes,joaogomes,gomes,Aston Villa,AVL,,,,False
55,Ollie,Watkins,Watkins,2,4,80,11.3,0.0,4.5,2833,16,4,9,15.40,1.18,16.58,43.39,0,0,a,,2025-26,2025,Ollie_Watkins,olliewatkins,watkins,Aston Villa,AVL,,4.894736842105263,0.758187134502924,False
56,Tammy,Abraham,Abraham,2,4,55,0.2,0.0,1.9,278,2,0,0,2.05,0.36,2.41,5.12,0,0,d,Knock - 75% chance of playing,2025-26,2025,Tammy_Abraham,tammyabraham,abraham,Aston Villa,AVL,,,,False
160,Alejandro,Garnacho Ferreyra,Garnacho,2,3,60,0.7,0.0,2.3,1261,1,4,4,3.44,3.68,7.12,20.52,0,0,a,,2025-26,2025,Alejandro_Garnacho Ferreyra,alejandrogarnachoferreyra,garnacho,Aston Villa,AVL,,,,False
582,Brian,Madjo,Madjo,2,4,55,0.7,0.0,0.0,0,0,0,0,0.00,0.00,0.00,0.00,0,0,i,Unspecified injury - Unknown return date,2025-26,2025,Brian_Madjo,brianmadjo,madjo,Aston Villa,AVL,,,,False
596,Matteo,Ruggeri,Ruggeri,2,2,45,0.0,0.0,0.0,0,0,0,0,0.00,0.00,0.00,0.00,0,0,a,,2025-26,2025,Matteo_Ruggeri,matteoruggeri,ruggeri,Aston Villa,AVL,,,,False
597,Zion,Suzuki,Suzuki,2,1,50,0.2,0.0,0.0,0,0,0,0,0.00,0.00,0.00,0.00,0,0,a,,2025-26,2025,Zion_Suzuki,zionsuzuki,suzuki,Aston Villa,AVL,,,,False
57,Đorđe,Petrović,Petrović,3,1,45,3.4,0.0,3.3,3420,0,0,11,0.00,0.00,0.00,56.72,0,0,a,,2025-26,2025,Đorđe_Petrović,orepetrovi,petrovi,Bournemouth,BOU,,,0.0,False
58,Fraser,Forster,Forster,3,1,40,3.2,0.0,0.0,0,0,0,0,0.00,0.00,0.00,0.00,0,0,a,,2025-26,2025,Fraser_Forster,fraserforster,forster,Bournemouth,BOU,,2.7142857142857144,0.18421052631578946,False
59,Will,Dennis,Dennis,3,1,40,0.2,0.0,0.0,0,0,0,0,0.00,0.00,0.00,0.00,0,0,a,,2025-26,2025,Will_Dennis,willdennis,dennis,Bournemouth,BOU,,,0.0,False
60,James,Hill,Hill,3,2,55,0.9,0.0,3.8,2102,0,3,8,0.89,1.16,2.04,33.42,0,0,a,,2025-26,2025,James_Hill,jameshill,hill,Bournemouth,BOU,,1.7,0.12953216374269005,False
61,Adrien,Truffert,Truffert,3,2,55,4.7,0.0,4.3,3378,1,6,11,1.35,3.07,4.42,54.42,0,0,a,,2025-26,2025,Adrien_Truffert,adrientruffert,truffert,Bournemouth,BOU,,,,False
62,Bafodé,Diakité,Diakité,3,2,50,0.2,0.0,2.6,1275,0,0,4,0.02,0.19,0.21,22.47,0,0,a,,2025-26,2025,Bafodé_Diakité,bafoddiakit,diakit,Bournemouth,BOU,,,,False
63,Veljko,Milosavljevic,Milosavljević,3,2,50,0.0,0.0,2.7,367,0,0,1,0.15,0.19,0.34,4.42,0,0,i,Unspecified injury - Unknown return date,2025-26,2025,Veljko_Milosavljevic,veljkomilosavljevic,milosavljevi,Bournemouth,BOU,,,,False
64,Adam,Smith,Smith,3,2,45,0.1,0.0,2.6,1073,0,2,6,0.00,0.23,0.23,18.18,0,0,a,,2025-26,2025,Adam_Smith,adamsmith,smith,Bournemouth,BOU,,2.28,0.4637426900584795,False
65,Julián,Araujo Zúñiga,J.Araujo,3,2,45,0.0,0.0,0.0,0,0,0,0,0.00,0.00,0.00,0.00,0,0,i,Thigh injury - Unknown return date,2025-26,2025,Julián_Araujo Zúñiga,julinaraujoziga,jaraujo,Bournemouth,BOU,,1.0,0.14385964912280702,False
66,Julio,Soler Barreto,Soler,3,2,40,0.3,0.0,1.0,34,0,0,0,0.00,0.00,0.00,1.62,0,0,d,Hamstring injury - 75% chance of playing,2025-26,2025,Julio_Soler Barreto,juliosolerbarreto,soler,Bournemouth,BOU,,,,False
67,Rayan Vitor,Simplício Rocha,Rayan,3,3,65,2.9,0.0,4.5,1110,5,2,6,2.67,1.84,4.51,19.14,0,0,a,,2025-26,2025,Rayan Vitor_Simplício Rocha,rayanvitorsimplciorocha,rayan,Bournemouth,BOU,,,,False
68,Marcus,Tavernier,Tavernier,3,3,60,1.7,0.0,4.0,2732,7,4,11,9.06,4.60,13.66,41.06,0,0,a,,2025-26,2025,Marcus_Tavernier,marcustavernier,tavernier,Bournemouth,BOU,,3.0,0.5649122807017544,False
69,Alex,Scott,Scott,3,3,60,1.5,0.0,3.7,2848,3,2,11,3.80,2.94,6.74,47.02,0,0,a,,2025-26,2025,Alex_Scott,alexscott,scott,Bournemouth,BOU,,1.3,0.21783625730994152,False
70,Justin,Kluivert,Kluivert,3,3,60,1.1,0.0,2.0,945,2,0,4,2.31,1.55,3.86,17.96,0,0,a,,2025-26,2025,Justin_Kluivert,justinkluivert,kluivert,Bournemouth,BOU,,4.647058823529412,0.6839181286549708,False
71,Lewis,Cook,Cook,3,3,50,0.1,0.0,2.2,872,0,1,1,0.07,0.52,0.59,14.00,0,0,a,,2025-26,2025,Lewis_Cook,lewiscook,cook,Bournemouth,BOU,,2.2777777777777777,0.8701754385964913,False
72,Ben,Gannon-Doak,Gannon-Doak,3,3,50,0.1,0.0,1.4,105,0,1,0,0.26,0.13,0.39,4.74,0,0,a,,2025-26,2025,Ben_Gannon-Doak,bengannondoak,gannondoak,Bournemouth,BOU,,,,False
73,Tyler,Adams,Adams,3,3,50,0.3,0.0,3.1,1769,2,2,7,0.63,0.63,1.26,27.18,0,0,d,Unspecified injury - 75% chance of playing,2025-26,2025,Tyler_Adams,tyleradams,adams,Bournemouth,BOU,,2.0714285714285716,0.5728070175438597,False
74,David,Brooks,Brooks,3,3,50,0.1,0.0,1.9,1188,1,3,5,5.81,3.40,9.21,20.25,0,0,d,Unspecified injury - 75% chance of playing,2025-26,2025,David_Brooks,davidbrooks,brooks,Bournemouth,BOU,,1.793103448275862,0.27514619883040936,False
75,Ryan,Christie,Christie,3,3,50,0.0,0.0,1.8,978,2,1,3,1.81,0.79,2.60,19.14,0,0,s,Suspended until 29 Aug,2025-26,2025,Ryan_Christie,ryanchristie,christie,Bournemouth,BOU,,2.6206896551724137,0.6181286549707602,False
76,Alex,Tóth,Tóth.A,3,3,50,0.0,0.0,0.9,135,0,0,0,0.11,0.33,0.44,4.90,0,0,a,,2025-26,2025,Alex_Tóth,alextth,ttha,Bournemouth,BOU,,,,False
77,Amine,Adli,Adli,3,3,50,0.1,0.0,2.2,1074,3,2,3,2.60,1.62,4.22,18.22,0,0,i,Unspecified injury - Unknown return date,2025-26,2025,Amine_Adli,amineadli,adli,Bournemouth,BOU,,,,False
78,Junior,Kroupi,Kroupi.Jr,3,3,75,0.9,0.0,3.4,1663,13,0,10,8.31,1.51,9.82,25.91,0,0,i,Foot injury - Unknown return date,2025-26,2025,Junior_Kroupi,juniorkroupi,kroupijr,Bournemouth,BOU,,,,False
79,Francisco Evanilson,de Lima Barbosa,Evanilson,3,4,60,2.3,0.0,3.2,2741,6,7,11,10.64,1.48,12.12,39.02,0,0,a,,2025-26,2025,Francisco Evanilson_de Lima Barbosa,franciscoevanilsondelimabarbosa,evanilson,Bournemouth,BOU,,4.129032258064516,0.677485380116959,False
80,Enes,Ünal,Enes Ünal,3,4,55,0.1,0.0,1.2,214,1,0,0,2.00,0.07,2.07,6.16,0,0,u,Has joined Getafe permanently,2025-26,2025,Enes_Ünal,enesnal,enesnal,Bournemouth,BOU,,1.8823529411764706,0.09649122807017543,False
81,Álvaro,Rodríguez,Rodríguez,3,4,60,0.1,0.0,0.0,0,0,0,0,0.00,0.00,0.00,0.00,0,0,d,Unspecified injury - 75% chance of playing,2025-26,2025,Álvaro_Rodríguez,lvarorodrguez,rodrguez,Bournemouth,BOU,,,,False
566,António João,Pereira de Albuquerque Tavares da Silva,Silva,3,2,50,0.3,0.0,0.0,0,0,0,0,0.00,0.00,0.00,0.00,0,0,a,,2025-26,2025,António João_Pereira de Albuquerque Tavares da Silva,antniojoopereiradealbuquerquetavaresdasilva,silva,Bournemouth,BOU,,,,False
573,Juanlu,Sánchez,Sanchez,3,2,45,0.2,0.0,0.0,0,0,0,0,0.00,0.00,0.00,0.00,0,0,a,,2025-26,2025,Juanlu_Sánchez,juanlusnchez,sanchez,Bournemouth,BOU,,,,False
82,Caoimhín,Kelleher,Kelleher,4,1,50,5.9,0.0,3.9,3330,0,0,10,0.00,0.22,0.22,53.48,0,0,a,,2025-26,2025,Caoimhín_Kelleher,caoimhnkelleher,kelleher,Brentford,BRE,,,,False
83,Hákon Rafn,Valdimarsson,Valdimarsson,4,1,45,0.1,0.0,1.0,90,0,0,0,0.00,0.00,0.00,0.97,0,0,a,,2025-26,2025,Hákon Rafn_Valdimarsson,hkonrafnvaldimarsson,valdimarsson,Brentford,BRE,,,,False
84,Nathan,Collins,Collins,4,2,55,1.9,0.0,3.7,2971,1,2,9,2.24,1.71,3.95,47.52,0,0,a,,2025-26,2025,Nathan_Collins,nathancollins,collins,Brentford,BRE,,3.3421052631578947,1.0,False
85,Sepp,van den Berg,Van den Berg,4,2,50,0.3,0.0,3.5,2761,0,3,8,3.36,1.45,4.81,41.59,0,0,i,Unspecified injury - Unknown return date,2025-26,2025,Sepp_van den Berg,seppvandenberg,vandenberg,Brentford,BRE,,2.0,0.7555555555555555,False
86,Keane,Lewis-Potter,Lewis-Potter,4,3,55,0.5,0.0,3.2,1960,3,4,9,3.01,2.51,5.52,33.74,0,0,a,,2025-26,2025,Keane_Lewis-Potter,keanelewispotter,lewispotter,Brentford,BRE,,2.473684210526316,0.904093567251462,False
87,Kristoffer,Ajer,Ajer,4,2,45,2.6,0.0,2.8,1805,0,2,5,0.69,0.73,1.42,31.51,0,0,a,,2025-26,2025,Kristoffer_Ajer,kristofferajer,ajer,Brentford,BRE,,1.625,0.4190058479532164,False
88,Michael,Kayode,Kayode,4,2,45,3.3,0.0,3.1,3258,1,2,10,1.28,2.89,4.17,52.65,0,0,a,,2025-26,2025,Michael_Kayode,michaelkayode,kayode,Brentford,BRE,,2.25,0.15292397660818713,False
89,Rico,Henry,Henry,4,2,45,0.3,0.0,2.1,1322,0,2,4,0.18,0.54,0.72,23.91,0,0,a,,2025-26,2025,Rico_Henry,ricohenry,henry,Brentford,BRE,,0.8,0.027485380116959064,False
90,Aaron,Hickey,Hickey,4,2,45,0.1,0.0,1.8,679,0,0,2,0.44,0.17,0.61,9.03,0,0,a,,2025-26,2025,Aaron_Hickey,aaronhickey,hickey,Brentford,BRE,,,0.0,False
91,Ethan,Pinnock,Pinnock,4,2,45,0.1,0.0,3.5,318,0,0,1,0.01,0.06,0.07,3.70,0,0,a,,2025-26,2025,Ethan_Pinnock,ethanpinnock,pinnock,Brentford,BRE,,2.1363636363636362,0.5590643274853802,False
92,Kim,Ji-soo,Ji-soo,4,2,45,0.0,0.0,0.0,0,0,0,0,0.00,0.00,0.00,0.00,0,0,a,,2025-26,2025,Kim_Ji-soo,kimjisoo,jisoo,Brentford,BRE,,1.0,0.008187134502923977,False
93,Jannik,Schuster,Schuster,4,2,45,0.2,0.0,0.0,0,0,0,0,0.00,0.00,0.00,0.00,0,0,a,,2025-26,2025,Jannik_Schuster,jannikschuster,schuster,Brentford,BRE,,,,False
94,Kevin,Schade,Schade,4,3,60,3.5,0.0,3.6,2744,8,5,11,12.08,2.05,14.13,40.05,0,0,a,,2025-26,2025,Kevin_Schade,kevinschade,schade,Brentford,BRE,,3.9210526315789473,0.6669590643274854,False
95,Dango,Ouattara,O.Dango,4,3,65,1.3,0.0,4.2,2271,7,8,6,7.94,4.12,12.06,34.75,0,0,a,,2025-26,2025,Dango_Ouattara,dangoouattara,odango,Brentford,BRE,,3.46875,0.5842105263157895,False
96,Mikkel,Damsgaard,Damsgaard,4,3,55,0.6,0.0,3.4,2046,4,4,5,2.61,5.43,8.04,31.55,0,0,a,,2025-26,2025,Mikkel_Damsgaard,mikkeldamsgaard,damsgaard,Brentford,BRE,,3.4473684210526314,0.8511695906432749,False
97,Mathias,Jensen,Jensen,4,3,55,0.2,0.0,2.7,2239,3,2,9,2.21,6.06,8.27,35.72,0,0,a,,2025-26,2025,Mathias_Jensen,mathiasjensen,jensen,Brentford,BRE,,1.5833333333333333,0.24736842105263157,False
98,Vitaly,Janelt,Janelt,4,3,50,0.1,0.0,3.0,1434,1,4,5,0.82,2.27,3.09,26.62,0,0,a,,2025-26,2025,Vitaly_Janelt,vitalyjanelt,janelt,Brentford,BRE,,2.28125,0.658187134502924,False
99,Antoni,Milambo,Milambo,4,3,50,0.0,0.0,1.0,45,0,0,0,0.00,0.01,0.01,1.49,0,0,i,Knee injury - Unknown return date,2025-26,2025,Antoni_Milambo,antonimilambo,milambo,Brentford,BRE,,,,False
100,Fábio,Freitas Gouveia Carvalho,Carvalho,4,3,50,0.0,0.0,2.2,100,1,0,0,0.70,0.03,0.73,2.08,0,0,d,Lack of match fitness - 75% chance of playing,2025-26,2025,Fábio_Freitas Gouveia Carvalho,fbiofreitasgouveiacarvalho,carvalho,Brentford,BRE,,1.8421052631578947,0.12953216374269005,False
102,Yehor,Yarmoliuk,Yarmoliuk,4,3,50,1.4,0.0,2.8,2652,1,3,8,1.22,1.39,2.61,40.31,0,0,a,,2025-26,2025,Yehor_Yarmoliuk,yehoryarmoliuk,yarmoliuk,Brentford,BRE,,1.3870967741935485,0.4195906432748538,False
103,Josh,Dasilva,Dasilva,4,3,50,0.0,0.0,1.0,2,0,0,0,0.08,0.00,0.08,0.05,0,0,a,,2025-26,2025,Josh_Dasilva,joshdasilva,dasilva,Brentford,BRE,,,0.0,False
105,Jaidon,Anthony,Anthony,4,3,60,0.2,0.0,0.0,0,0,0,0,0.00,0.00,0.00,0.00,0,0,a,,2025-26,2025,Jaidon_Anthony,jaidonanthony,anthony,Brentford,BRE,,,0.0,False
106,Igor Thiago,Nascimento Rodrigues,Thiago,4,4,80,17.7,0.0,4.8,3282,22,1,10,20.60,1.83,22.43,53.17,0,0,a,,2025-26,2025,Igor Thiago_Nascimento Rodrigues,igorthiagonascimentorodrigues,thiago,Brentford,BRE,,1.125,0.04883040935672515,False
107,Kaye,Furo,Furo,4,4,45,0.8,0.0,1.0,1,0,0,0,0.00,0.00,0.00,0.02,0,0,a,,2025-26,2025,Kaye_Furo,kayefuro,furo,Brentford,BRE,,,,False
108,Callum,Wilson,Wilson,4,4,55,0.3,0.0,0.0,0,0,0,0,0.00,0.00,0.00,0.00,0,0,a,,2025-26,2025,Callum_Wilson,callumwilson,wilson,Brentford,BRE,,1.0555555555555556,0.10380116959064327,False
565,Mamadou,Sangaré,Sangaré,4,3,55,3.0,0.0,0.0,0,0,0,0,0.00,0.00,0.00,0.00,0,0,a,,2025-26,2025,Mamadou_Sangaré,mamadousangar,sangar,Brentford,BRE,,,,False
109,Bart,Verbruggen,Verbruggen,5,1,45,20.2,0.0,3.4,3420,0,0,10,0.00,0.06,0.06,49.06,0,0,a,,2025-26,2025,Bart_Verbruggen,bartverbruggen,verbruggen,Brighton,BHA,,2.861111111111111,0.9473684210526315,False
111,Jason,Steele,Steele,5,1,40,4.2,0.0,0.0,0,0,0,0,0.00,0.00,0.00,0.00,0,0,a,,2025-26,2025,Jason_Steele,jasonsteele,steele,Brighton,BHA,,4.5,0.05263157894736842,False
113,Ferdi,Kadıoğlu,F.Kadıoğlu,5,2,45,3.1,0.0,3.2,3130,1,2,10,2.06,3.31,5.37,44.61,0,0,a,,2025-26,2025,Ferdi_Kadıoğlu,ferdikadolu,fkadolu,Brighton,BHA,,,,False
114,Olivier,Boscagli,Boscagli,5,2,45,0.2,0.0,3.2,799,0,1,3,0.05,0.47,0.52,10.87,0,0,a,,2025-26,2025,Olivier_Boscagli,olivierboscagli,boscagli,Brighton,BHA,,,,False
115,Maxim,De Cuyper,De Cuyper,5,2,45,1.7,0.0,2.8,1404,2,3,5,1.66,4.08,5.74,24.09,0,0,a,,2025-26,2025,Maxim_De Cuyper,maximdecuyper,decuyper,Brighton,BHA,,,,False
116,Lewis,Dunk,Dunk,5,2,45,0.9,0.0,3.0,2837,1,1,7,1.83,0.56,2.39,41.90,0,0,a,,2025-26,2025,Lewis_Dunk,lewisdunk,dunk,Brighton,BHA,,1.76,0.6084795321637427,False
117,Diego,Coppola,Coppola,5,2,45,0.0,0.0,2.0,193,0,0,1,0.00,0.01,0.01,4.52,0,0,a,,2025-26,2025,Diego_Coppola,diegocoppola,coppola,Brighton,BHA,,,,False
118,Igor Julio,dos Santos de Paulo,Igor,5,2,45,0.1,0.0,1.5,103,0,0,0,0.00,0.00,0.00,4.66,0,0,a,,2025-26,2025,Igor Julio_dos Santos de Paulo,igorjuliodossantosdepaulo,igor,Brighton,BHA,,1.3846153846153846,0.2804093567251462,False
119,João Pedro,Loureiro da Costa,Costinha,5,2,45,0.0,0.0,0.0,0,0,0,0,0.00,0.00,0.00,0.00,0,0,a,,2025-26,2025,João Pedro_Loureiro da Costa,joopedroloureirodacosta,costinha,Brighton,BHA,,,,False
120,Michael,Svoboda,Svoboda,5,2,50,0.0,0.0,0.0,0,0,0,0,0.00,0.00,0.00,0.00,0,0,a,,2025-26,2025,Michael_Svoboda,michaelsvoboda,svoboda,Brighton,BHA,,,,False
121,Mitoma,Kaoru,Mitoma,5,3,60,0.1,0.0,2.5,1714,3,1,5,4.04,2.74,6.78,23.76,0,0,i,Hamstring injury - Unknown return date,2025-26,2025,Mitoma_Kaoru,mitomakaoru,mitoma,Brighton,BHA,,4.027777777777778,0.7593567251461988,False
122,Yankuba,Minteh,Minteh,5,3,60,0.2,0.0,3.4,2389,3,8,11,3.81,5.06,8.87,34.09,0,0,i,Leg injury - Expected back 28 Nov,2025-26,2025,Yankuba_Minteh,yankubaminteh,minteh,Brighton,BHA,,3.1875,0.5353801169590643,False
123,Jack,Hinshelwood,Hinshelwood,5,3,60,0.4,0.0,3.4,1736,4,5,7,4.94,2.34,7.28,27.83,0,0,a,,2025-26,2025,Jack_Hinshelwood,jackhinshelwood,hinshelwood,Brighton,BHA,,3.423076923076923,0.537719298245614,False
124,Pascal,Groß,Groß,5,3,55,13.6,0.0,4.1,1636,1,6,6,1.39,3.95,5.34,20.36,0,0,a,,2025-26,2025,Pascal_Groß,pascalgro,gro,Brighton,BHA,,,0.0,False
125,Georginio,Rutter,Georginio,5,4,55,1.0,0.0,2.7,1776,3,5,7,2.90,2.90,5.80,21.59,0,0,a,,2025-26,2025,Georginio_Rutter,georginiorutter,georginio,Brighton,BHA,,3.392857142857143,0.4827485380116959,False
126,Matt,O'Riley,O'Riley,5,3,55,0.1,0.0,2.7,202,1,0,1,1.21,0.18,1.39,2.53,0,0,a,,2025-26,2025,Matt_O'Riley,mattoriley,oriley,Brighton,BHA,,2.380952380952381,0.2716374269005848,False
127,Diego,Gómez Amarilla,Gomez,5,3,50,3.2,0.0,3.0,2117,5,1,8,6.24,1.72,7.96,29.35,0,0,a,,2025-26,2025,Diego_Gómez Amarilla,diegogmezamarilla,gomez,Brighton,BHA,,,,False
128,Facundo,Buonanotte,Buonanotte,5,3,50,0.0,0.0,0.8,81,0,0,0,0.06,0.28,0.34,2.51,0,0,u,Has joined Elche on loan for the rest of the season,2025-26,2025,Facundo_Buonanotte,facundobuonanotte,buonanotte,Brighton,BHA,,2.4193548387096775,0.4409356725146199,False
129,Yasin,Ayari,Ayari,5,3,55,0.7,0.0,3.4,1921,3,4,6,2.70,1.15,3.85,26.85,0,0,a,,2025-26,2025,Yasin_Ayari,yasinayari,ayari,Brighton,BHA,,2.176470588235294,0.572514619883041,False
130,Mats,Wieffer,Wieffer,5,2,50,0.3,0.0,3.6,1901,2,4,6,1.92,1.86,3.78,23.95,0,0,a,,2025-26,2025,Mats_Wieffer,matswieffer,wieffer,Brighton,BHA,,2.08,0.2932748538011696,False
131,Carlos,Baleba,Baleba,5,3,50,0.2,0.0,1.8,1646,0,0,7,0.78,0.72,1.50,20.40,0,0,i,Ankle injury - Expected back 23 Aug,2025-26,2025,Carlos_Baleba,carlosbaleba,baleba,Brighton,BHA,,2.5588235294117645,0.7777777777777778,False
132,Harry,Howell,Howell,5,3,45,0.1,0.0,1.3,92,0,0,0,0.00,0.03,0.03,1.04,0,0,u,Has joined Leicester City on loan for the rest of the season,2025-26,2025,Harry_Howell,harryhowell,howell,Brighton,BHA,,1.0,0.0017543859649122807,False
133,Tom,Watson,Watson,5,3,50,0.0,0.0,0.8,57,0,0,0,0.04,0.03,0.07,1.72,0,0,u,Has joined Leicester City on loan for the rest of the season,2025-26,2025,Tom_Watson,tomwatson,watson,Brighton,BHA,,,,False
134,Nehemiah,Oriola,Oriola,5,3,45,0.2,0.0,1.0,1,0,0,0,0.00,0.00,0.00,0.00,0,0,a,,2025-26,2025,Nehemiah_Oriola,nehemiahoriola,oriola,Brighton,BHA,,,,False
135,Zadok,Yohanna,Yohanna,5,3,50,0.1,0.0,0.0,0,0,0,0,0.00,0.00,0.00,0.00,0,0,a,,2025-26,2025,Zadok_Yohanna,zadokyohanna,yohanna,Brighton,BHA,,,,False
137,Stefanos,Tzimas,Tzimas,5,4,55,0.0,0.0,1.8,132,1,1,0,0.44,0.11,0.55,2.59,0,0,d,Knee injury - 75% chance of playing,2025-26,2025,Stefanos_Tzimas,stefanostzimas,tzimas,Brighton,BHA,,,,False
138,Charalampos,Kostoulas,Kostoulas,5,4,55,0.2,0.0,1.7,351,2,1,1,2.12,0.54,2.66,6.04,0,0,a,,2025-26,2025,Charalampos_Kostoulas,charalamposkostoulas,kostoulas,Brighton,BHA,,,,False
139,Evan,Ferguson,Ferguson,5,4,50,0.0,0.0,0.0,0,0,0,0,0.00,0.00,0.00,0.00,0,0,i,Ankle injury - Expected back 10 Oct,2025-26,2025,Evan_Ferguson,evanferguson,ferguson,Brighton,BHA,,1.35,0.10760233918128655,False
328,Pascal,Struijk,Struijk,5,2,50,0.2,0.0,3.2,2935,0,1,7,3.06,0.76,3.82,42.92,0,0,a,,2025-26,2025,Pascal_Struijk,pascalstruijk,struijk,Brighton,BHA,,,,False
504,Luka,Vušković,Vuskovic,5,2,50,2.7,0.0,0.0,0,0,0,0,0.00,0.00,0.00,0.00,0,0,a,,2025-26,2025,Luka_Vušković,lukavukovi,vuskovic,Brighton,BHA,,,,False
594,Promise,David,David,5,4,60,0.2,0.0,0.0,0,0,0,0,0.00,0.00,0.00,0.00,0,0,a,,2025-26,2025,Promise_David,promisedavid,david,Brighton,BHA,,,,False
40,Morgan,Rogers,Rogers,6,3,75,25.6,0.0,4.6,3280,10,8,9,6.84,4.32,11.16,51.55,0,0,a,,2025-26,2025,Morgan_Rogers,morganrogers,rogers,Chelsea,CHE,,4.351351351351352,0.9108187134502924,False
101,Jordan,Henderson,Henderson,6,3,50,0.0,0.0,2.4,1911,1,3,6,0.33,2.31,2.64,28.16,0,0,d,Wrist injury - 75% chance of playing,2025-26,2025,Jordan_Henderson,jordanhenderson,henderson,Chelsea,CHE,,,,False
136,Danny,Welbeck,Welbeck,6,4,60,1.9,0.0,3.4,2249,13,1,10,12.36,1.40,13.76,31.68,0,0,d,Unspecified injury - 75% chance of playing,2025-26,2025,Danny_Welbeck,dannywelbeck,welbeck,Chelsea,CHE,,4.166666666666667,0.6166666666666667,False
140,Robert,Lynch Sánchez,Sánchez,6,1,50,2.3,0.0,3.2,3040,0,1,9,0.00,0.04,0.04,48.64,0,0,a,,2025-26,2025,Robert_Lynch Sánchez,robertlynchsnchez,snchez,Chelsea,CHE,,,,False
141,Filip,Jörgensen,Jörgensen,6,1,50,0.0,0.0,1.8,378,0,0,0,0.00,0.00,0.00,4.12,0,0,u,Has joined RC Strasbourg on loan for the rest of the season,2025-26,2025,Filip_Jörgensen,filipjrgensen,jrgensen,Chelsea,CHE,,3.0,0.15789473684210525,False
142,Reece,James,James,6,2,55,9.3,0.0,4.0,1957,2,6,8,1.04,3.20,4.24,28.75,0,0,a,,2025-26,2025,Reece_James,reecejames,james,Chelsea,CHE,,2.8421052631578947,0.3090643274853801,False
143,Trevoh,Chalobah,Chalobah,6,2,55,0.4,0.0,4.0,2780,3,1,9,1.44,1.03,2.47,40.83,0,0,u,Has joined Como permanently,2025-26,2025,Trevoh_Chalobah,trevohchalobah,chalobah,Chelsea,CHE,,3.72,0.5757309941520468,False
144,Malo,Gusto,Gusto,6,2,50,1.1,0.0,2.8,2255,2,3,7,1.56,2.97,4.53,37.13,0,0,a,,2025-26,2025,Malo_Gusto,malogusto,gusto,Chelsea,CHE,,1.875,0.541812865497076,False
145,Wesley,Fofana,Fofana,6,2,50,0.0,0.0,2.6,1718,0,2,4,0.72,0.60,1.32,25.81,0,0,s,Suspended until 6 Sep,2025-26,2025,Wesley_Fofana,wesleyfofana,fofana,Chelsea,CHE,,1.8571428571428572,0.34269005847953216,False
146,Benoît,Badiashile Mukinayi,B.Badiashile,6,2,45,0.0,0.0,0.9,470,0,0,0,0.00,0.06,0.06,7.41,0,0,a,,2025-26,2025,Benoît_Badiashile Mukinayi,benotbadiashilemukinayi,bbadiashile,Chelsea,CHE,,,,False
147,Tosin,Adarabioyo,Tosin,6,2,45,0.2,0.0,2.1,788,0,0,2,0.11,0.40,0.50,13.25,0,0,a,,2025-26,2025,Tosin_Adarabioyo,tosinadarabioyo,tosin,Chelsea,CHE,,3.227272727272727,0.41023391812865495,False
148,Jorrel,Hato,Hato,6,2,45,0.5,0.0,0.9,1139,0,0,0,0.30,0.61,0.91,18.50,0,0,a,,2025-26,2025,Jorrel_Hato,jorrelhato,hato,Chelsea,CHE,,,,False
149,Levi,Samuels Colwill,Colwill,6,2,50,1.7,0.0,2.7,225,0,0,0,0.00,0.12,0.12,3.36,0,0,a,,2025-26,2025,Levi_Samuels Colwill,levisamuelscolwill,colwill,Chelsea,CHE,,,,False
150,Mamadou,Sarr,M.Sarr,6,2,45,0.1,0.0,1.0,100,0,0,0,0.35,0.00,0.35,1.63,0,0,a,,2025-26,2025,Mamadou_Sarr,mamadousarr,msarr,Chelsea,CHE,,,,False
151,Josh,Acheampong,Acheampong,6,2,45,0.3,0.0,2.3,657,1,0,2,0.62,0.13,0.75,15.66,0,0,a,,2025-26,2025,Josh_Acheampong,joshacheampong,acheampong,Chelsea,CHE,,1.0,0.04912280701754386,False
152,Marco,Palestra,Palestra,6,2,55,2.8,0.0,0.0,0,0,0,0,0.00,0.00,0.00,0.00,0,0,a,,2025-26,2025,Marco_Palestra,marcopalestra,palestra,Chelsea,CHE,,,,False
153,Axel,Disasi,Disasi,6,2,45,0.1,0.0,0.0,0,0,0,0,0.00,0.00,0.00,0.00,0,0,a,,2025-26,2025,Axel_Disasi,axeldisasi,disasi,Chelsea,CHE,,2.5384615384615383,0.24883040935672515,False
154,Cole,Palmer,Palmer,6,3,95,10.5,0.0,4.4,1954,10,2,3,10.55,2.49,13.04,31.13,0,0,a,,2025-26,2025,Cole_Palmer,colepalmer,palmer,Chelsea,CHE,,5.783783783783784,0.933625730994152,False
155,Enzo,Fernández,Enzo,6,3,70,5.1,0.0,4.4,3114,10,5,8,11.26,7.26,18.52,44.89,0,0,a,,2025-26,2025,Enzo_Fernández,enzofernndez,enzo,Chelsea,CHE,,3.75,0.8605263157894737,False
156,Pedro,Lomba Neto,Neto,6,3,65,1.3,0.0,3.7,2629,5,7,11,4.59,6.84,11.43,37.54,0,0,a,,2025-26,2025,Pedro_Lomba Neto,pedrolombaneto,neto,Chelsea,CHE,,2.9714285714285715,0.6614035087719298,False
157,Estêvão,Almeida de Oliveira Gonçalves,Estêvão,6,3,65,1.3,0.0,2.6,839,2,5,4,2.91,2.14,5.05,10.29,0,0,a,,2025-26,2025,Estêvão_Almeida de Oliveira Gonçalves,estvoalmeidadeoliveiragonalves,estvo,Chelsea,CHE,,,,False
158,Jamie,Bynoe-Gittens,Gittens,6,3,60,0.0,0.0,1.6,486,0,2,1,0.81,0.94,1.75,8.89,0,0,a,,2025-26,2025,Jamie_Bynoe-Gittens,jamiebynoegittens,gittens,Chelsea,CHE,,,,False
159,Moisés,Caicedo Corozo,Caicedo,6,3,55,3.9,0.0,3.3,2796,3,1,6,1.45,2.38,3.83,42.54,0,0,a,,2025-26,2025,Moisés_Caicedo Corozo,moisscaicedocorozo,caicedo,Chelsea,CHE,,2.5789473684210527,0.9798245614035088,False
161,Roméo,Lavia,Lavia,6,3,50,0.0,0.0,1.1,374,0,0,0,0.21,0.55,0.76,8.53,0,0,a,,2025-26,2025,Roméo_Lavia,romolavia,lavia,Chelsea,CHE,,1.625,0.23157894736842105,False
163,Dário,Luís Essugo,D.Essugo,6,3,45,0.2,0.0,0.3,26,0,0,0,0.00,0.01,0.01,0.55,0,0,a,,2025-26,2025,Dário_Luís Essugo,driolusessugo,dessugo,Chelsea,CHE,,,,False
164,Geovany,Quenda,Quenda,6,3,55,0.0,0.0,0.0,0,0,0,0,0.00,0.00,0.00,0.00,0,0,a,,2025-26,2025,Geovany_Quenda,geovanyquenda,quenda,Chelsea,CHE,,,,False
165,João Pedro,Junqueira de Jesus,João Pedro,6,4,75,62.6,0.0,5.1,2658,15,9,10,14.91,1.96,16.87,37.25,0,0,a,,2025-26,2025,João Pedro_Junqueira de Jesus,joopedrojunqueiradejesus,joopedro,Chelsea,CHE,,4.666666666666667,0.5690058479532164,False
166,Nicolas,Jackson,N.Jackson,6,4,65,0.3,0.0,0.0,0,0,0,0,0.00,0.00,0.00,0.00,0,0,a,,2025-26,2025,Nicolas_Jackson,nicolasjackson,njackson,Chelsea,CHE,,4.033333333333333,0.6491228070175439,False
167,Liam,Delap,Delap,6,4,55,0.5,0.0,1.6,1092,1,2,2,4.54,0.23,4.76,16.67,0,0,a,,2025-26,2025,Liam_Delap,liamdelap,delap,Chelsea,CHE,,3.5675675675675675,0.7564327485380117,False
168,Marc,Guiu Paz,Marc Guiu,6,4,50,0.5,0.0,1.3,265,0,1,0,1.54,0.29,1.83,5.89,0,0,a,,2025-26,2025,Marc_Guiu Paz,marcguiupaz,marcguiu,Chelsea,CHE,,1.0,0.020760233918128656,False
169,Shumaira,Mheuka,Mheuka,6,4,45,0.3,0.0,1.0,1,0,0,0,0.00,0.00,0.00,0.05,0,0,a,,2025-26,2025,Shumaira_Mheuka,shumairamheuka,mheuka,Chelsea,CHE,,1.0,0.00029239766081871346,False
170,Emmanuel,Emegha,Emegha,6,4,50,0.1,0.0,0.0,0,0,0,0,0.00,0.00,0.00,0.00,0,0,a,,2025-26,2025,Emmanuel_Emegha,emmanuelemegha,emegha,Chelsea,CHE,,,,False
200,Maxence,Lacroix,Lacroix,6,2,60,9.9,0.0,4.4,3085,1,2,11,2.45,0.83,3.28,44.04,0,0,a,,2025-26,2025,Maxence_Lacroix,maxencelacroix,lacroix,Chelsea,CHE,,3.257142857142857,0.9111111111111111,False
560,Mike,Penders,Penders,6,1,45,0.1,0.0,0.0,0,0,0,0,0.00,0.00,0.00,0.00,0,0,a,,2025-26,2025,Mike_Penders,mikependers,penders,Chelsea,CHE,,,,False
561,Aaron,Anselmino,Anselmino,6,2,45,0.0,0.0,0.0,0,0,0,0,0.00,0.00,0.00,0.00,0,0,a,,2025-26,2025,Aaron_Anselmino,aaronanselmino,anselmino,Chelsea,CHE,,,0.0,False
568,Valentín,Barco,Barco,6,3,55,0.1,0.0,0.0,0,0,0,0,0.00,0.00,0.00,0.00,0,0,a,,2025-26,2025,Valentín_Barco,valentnbarco,barco,Chelsea,CHE,,,0.0,False
578,Mykhailo,Mudryk,Mudryk,6,3,55,0.0,0.0,0.0,0,0,0,0,0.00,0.00,0.00,0.00,0,0,a,,2025-26,2025,Mykhailo_Mudryk,mykhailomudryk,mudryk,Chelsea,CHE,,1.0,0.04239766081871345,False
583,Pep,Chavarría,Chavarria,6,2,50,0.2,0.0,0.0,0,0,0,0,0.00,0.00,0.00,0.00,0,0,a,,2025-26,2025,Pep_Chavarría,pepchavarra,chavarria,Chelsea,CHE,,,,False
104,Frank,Onyeka,Onyeka,7,3,50,0.1,0.0,2.0,88,0,2,0,0.00,0.36,0.36,2.02,0,0,a,,2025-26,2025,Frank_Onyeka,frankonyeka,onyeka,Coventry City,COV,,1.0,0.006725146198830409,True
110,Carl,Rushworth,Rushworth,7,1,45,1.1,0.0,0.0,0,0,0,0,0.00,0.00,0.00,0.00,0,0,a,,2025-26,2025,Carl_Rushworth,carlrushworth,rushworth,Coventry City,COV,,,0.0,True
171,Oliver,Dovin,Dovin,7,1,40,1.8,0.0,0.0,0,0,0,0,0.00,0.00,0.00,0.00,0,0,a,,2025-26,2025,Oliver_Dovin,oliverdovin,dovin,Coventry City,COV,,,,True
172,Ben,Wilson,Wilson,7,1,45,0.5,0.0,0.0,0,0,0,0,0.00,0.00,0.00,0.00,0,0,a,,2025-26,2025,Ben_Wilson,benwilson,wilson,Coventry City,COV,,,,True
173,Bobby,Thomas,Thomas,7,2,40,7.9,0.0,0.0,0,0,0,0,0.00,0.00,0.00,0.00,0,0,a,,2025-26,2025,Bobby_Thomas,bobbythomas,thomas,Coventry City,COV,,,,True
174,Liam,Kitching,Kitching,7,2,40,0.7,0.0,0.0,0,0,0,0,0.00,0.00,0.00,0.00,0,0,a,,2025-26,2025,Liam_Kitching,liamkitching,kitching,Coventry City,COV,,,,True
175,Milan,van Ewijk,van Ewijk,7,2,40,14.2,0.0,0.0,0,0,0,0,0.00,0.00,0.00,0.00,0,0,a,,2025-26,2025,Milan_van Ewijk,milanvanewijk,vanewijk,Coventry City,COV,,,,True
176,Jay,Dasilva,Dasilva,7,2,40,0.8,0.0,0.0,0,0,0,0,0.00,0.00,0.00,0.00,0,0,a,,2025-26,2025,Jay_Dasilva,jaydasilva,dasilva,Coventry City,COV,,,,True
177,Kaine,Kesler-Hayden,Kesler-Hayden,7,2,40,0.1,0.0,0.0,0,0,0,0,0.00,0.00,0.00,0.00,0,0,a,,2025-26,2025,Kaine_Kesler-Hayden,kainekeslerhayden,keslerhayden,Coventry City,COV,,,0.0,True
178,Jake,Bidwell,Bidwell,7,2,40,0.1,0.0,0.0,0,0,0,0,0.00,0.00,0.00,0.00,0,0,a,,2025-26,2025,Jake_Bidwell,jakebidwell,bidwell,Coventry City,COV,,,,True
179,Joel,Latibeaudiere,Latibeaudiere,7,2,40,0.0,0.0,0.0,0,0,0,0,0.00,0.00,0.00,0.00,0,0,a,,2025-26,2025,Joel_Latibeaudiere,joellatibeaudiere,latibeaudiere,Coventry City,COV,,,,True
180,Luke,Woolfenden,Woolfenden,7,2,40,0.2,0.0,0.0,0,0,0,0,0.00,0.00,0.00,0.00,0,0,a,,2025-26,2025,Luke_Woolfenden,lukewoolfenden,woolfenden,Coventry City,COV,,1.2,0.34707602339181287,True
181,Miguel,Brau,Brau,7,2,40,0.0,0.0,0.0,0,0,0,0,0.00,0.00,0.00,0.00,0,0,a,,2025-26,2025,Miguel_Brau,miguelbrau,brau,Coventry City,COV,,,,True
182,Aurèle,Amenda,Amenda,7,2,40,0.8,0.0,0.0,0,0,0,0,0.00,0.00,0.00,0.00,0,0,a,,2025-26,2025,Aurèle_Amenda,aurleamenda,amenda,Coventry City,COV,,,,True
183,Jack,Rudoni,Rudoni,7,3,50,0.1,0.0,0.0,0,0,0,0,0.00,0.00,0.00,0.00,0,0,a,,2025-26,2025,Jack_Rudoni,jackrudoni,rudoni,Coventry City,COV,,,,True
184,Matt,Grimes,Grimes,7,3,50,0.2,0.0,0.0,0,0,0,0,0.00,0.00,0.00,0.00,0,0,a,,2025-26,2025,Matt_Grimes,mattgrimes,grimes,Coventry City,COV,,,,True
185,Tatsuhiro,Sakamoto,Sakamoto,7,3,50,0.1,0.0,0.0,0,0,0,0,0.00,0.00,0.00,0.00,0,0,a,,2025-26,2025,Tatsuhiro_Sakamoto,tatsuhirosakamoto,sakamoto,Coventry City,COV,,,,True
186,Ephron,Mason-Clark,Mason-Clark,7,3,55,0.1,0.0,0.0,0,0,0,0,0.00,0.00,0.00,0.00,0,0,a,,2025-26,2025,Ephron_Mason-Clark,ephronmasonclark,masonclark,Coventry City,COV,,,,True
187,Josh,Eccles,Eccles,7,3,50,0.0,0.0,0.0,0,0,0,0,0.00,0.00,0.00,0.00,0,0,a,,2025-26,2025,Josh_Eccles,josheccles,eccles,Coventry City,COV,,,,True
188,Victor,Torp,Torp,7,3,55,0.2,0.0,0.0,0,0,0,0,0.00,0.00,0.00,0.00,0,0,a,,2025-26,2025,Victor_Torp,victortorp,torp,Coventry City,COV,,,,True
189,George,Shepherd,Shepherd,7,3,45,0.3,0.0,0.0,0,0,0,0,0.00,0.00,0.00,0.00,0,0,a,,2025-26,2025,George_Shepherd,georgeshepherd,shepherd,Coventry City,COV,,,,True
190,Loum,Tchaouna,Tchaouna,7,3,55,0.1,0.0,0.0,0,0,0,0,0.00,0.00,0.00,0.00,0,0,a,,2025-26,2025,Loum_Tchaouna,loumtchaouna,tchaouna,Coventry City,COV,,,,True
191,Raphael,Borges Rodrigues,Borges Rodrigues,7,3,45,0.2,0.0,0.0,0,0,0,0,0.00,0.00,0.00,0.00,0,0,a,,2025-26,2025,Raphael_Borges Rodrigues,raphaelborgesrodrigues,borgesrodrigues,Coventry City,COV,,,,True
192,Kaine,Andrews,Andrews,7,3,45,0.7,0.0,0.0,0,0,0,0,0.00,0.00,0.00,0.00,0,0,a,,2025-26,2025,Kaine_Andrews,kaineandrews,andrews,Coventry City,COV,,,,True
193,Haji,Wright,Wright,7,4,55,0.4,0.0,0.0,0,0,0,0,0.00,0.00,0.00,0.00,0,0,i,Thigh injury - Unknown return date,2025-26,2025,Haji_Wright,hajiwright,wright,Coventry City,COV,,,,True
194,Brandon,Thomas-Asante,Thomas-Asante,7,4,50,0.8,0.0,0.0,0,0,0,0,0.00,0.00,0.00,0.00,0,0,a,,2025-26,2025,Brandon_Thomas-Asante,brandonthomasasante,thomasasante,Coventry City,COV,,,,True
195,Ellis,Simms,Simms,7,4,50,0.8,0.0,0.0,0,0,0,0,0.00,0.00,0.00,0.00,0,0,a,,2025-26,2025,Ellis_Simms,ellissimms,simms,Coventry City,COV,,,,True
196,Jahnoah,Markelo,Markelo,7,4,50,0.0,0.0,0.0,0,0,0,0,0.00,0.00,0.00,0.00,0,0,u,Has joined Shabab Al-Ahli Dubai permanently,2025-26,2025,Jahnoah_Markelo,jahnoahmarkelo,markelo,Coventry City,COV,,,,True
197,Norman,Bassette,Bassette,7,4,45,0.1,0.0,0.0,0,0,0,0,0.00,0.00,0.00,0.00,0,0,u,Has joined KVC Westerlo on loan for the rest of the season,2025-26,2025,Norman_Bassette,normanbassette,bassette,Coventry City,COV,,,,True
492,Taiwo,Awoniyi,Awoniyi,7,4,55,0.8,0.0,2.5,480,4,2,1,3.68,0.77,4.45,10.35,0,0,a,,2025-26,2025,Taiwo_Awoniyi,taiwoawoniyi,awoniyi,Coventry City,COV,,1.2307692307692308,0.11637426900584795,True
575,Caleb,Yirenkyi,Yirenkyi,7,3,50,0.2,0.0,0.0,0,0,0,0,0.00,0.00,0.00,0.00,0,0,a,,2025-26,2025,Caleb_Yirenkyi,calebyirenkyi,yirenkyi,Coventry City,COV,,,,True
584,Gustavo,Hamer,Hamer,7,3,55,0.1,0.0,0.0,0,0,0,0,0.00,0.00,0.00,0.00,0,0,a,,2025-26,2025,Gustavo_Hamer,gustavohamer,hamer,Coventry City,COV,,,,True
599,Sidiki,Cherif,Cherif,7,4,50,0.0,0.0,0.0,0,0,0,0,0.00,0.00,0.00,0.00,0,0,a,,2025-26,2025,Sidiki_Cherif,sidikicherif,cherif,Coventry City,COV,,,,True
42,Evann,Guessand,Guessand,8,3,55,0.0,0.0,2.1,909,1,3,2,1.56,0.85,2.41,14.48,0,0,a,,2025-26,2025,Evann_Guessand,evannguessand,guessand,Crystal Palace,CRY,,,,False
198,Dean,Henderson,Henderson,8,1,50,2.9,0.0,3.5,3330,0,0,11,0.00,0.11,0.11,51.40,0,0,d,Ankle injury - 75% chance of playing,2025-26,2025,Dean_Henderson,deanhenderson,henderson,Crystal Palace,CRY,,3.5526315789473686,1.0,False
199,Walter,Benítez,Benitez,8,1,45,0.1,0.0,7.0,90,0,0,1,0.00,0.00,0.00,1.12,0,0,a,,2025-26,2025,Walter_Benítez,walterbentez,benitez,Crystal Palace,CRY,,,,False
201,Daniel,Muñoz Mejía,Muñoz,8,2,55,10.3,0.0,4.7,2400,4,4,10,2.45,3.94,6.39,34.28,0,0,a,,2025-26,2025,Daniel_Muñoz Mejía,danielmuozmeja,muoz,Crystal Palace,CRY,,,,False
202,Chris,Richards,Richards,8,2,50,0.8,0.0,3.9,2825,1,0,11,2.42,1.56,3.98,41.19,0,0,a,,2025-26,2025,Chris_Richards,chrisrichards,richards,Crystal Palace,CRY,,2.8333333333333335,0.5616959064327486,False
203,Jaydee,Canvot,Canvot,8,2,50,0.4,0.0,3.6,1331,0,0,5,1.48,0.33,1.81,23.84,0,0,a,,2025-26,2025,Jaydee_Canvot,jaydeecanvot,canvot,Crystal Palace,CRY,,,,False
204,Tyrick,Mitchell,Mitchell,8,2,45,6.5,0.0,3.6,3253,1,3,12,1.59,2.53,4.12,49.78,0,0,a,,2025-26,2025,Tyrick_Mitchell,tyrickmitchell,mitchell,Crystal Palace,CRY,,3.324324324324324,0.9035087719298246,False
205,Borna,Sosa,Sosa,8,2,45,0.0,0.0,0.9,99,0,0,0,0.04,0.07,0.11,0.90,0,0,a,,2025-26,2025,Borna_Sosa,bornasosa,sosa,Crystal Palace,CRY,,,,False
206,Chadi,Riad Dnanou,Chadi Riad,8,2,45,0.1,0.0,2.2,550,0,1,1,0.33,0.13,0.46,9.09,0,0,a,,2025-26,2025,Chadi_Riad Dnanou,chadiriaddnanou,chadiriad,Crystal Palace,CRY,,1.0,0.02631578947368421,False
207,Oscar,Mingueza,Mingueza,8,2,45,0.1,0.0,0.0,0,0,0,0,0.00,0.00,0.00,0.00,0,0,a,,2025-26,2025,Oscar_Mingueza,oscarmingueza,mingueza,Crystal Palace,CRY,,,,False
208,Ismaïla,Sarr,Sarr,8,3,65,5.4,0.0,4.2,2173,9,2,9,10.93,1.17,12.09,31.25,0,0,a,,2025-26,2025,Ismaïla_Sarr,ismalasarr,sarr,Crystal Palace,CRY,,3.9210526315789473,0.791812865497076,False
210,Adam,Wharton,Wharton,8,3,55,0.8,0.0,3.3,2552,1,6,8,1.52,7.47,8.98,39.08,0,0,a,,2025-26,2025,Adam_Wharton,adamwharton,wharton,Crystal Palace,CRY,,2.1,0.38421052631578945,False
211,Yéremy,Pino Santos,Yeremy,8,3,55,0.2,0.0,2.3,2074,2,2,7,4.53,6.12,10.65,30.01,0,0,a,,2025-26,2025,Yéremy_Pino Santos,yremypinosantos,yeremy,Crystal Palace,CRY,,,,False
212,Will,Hughes,Hughes,8,3,45,11.6,0.0,1.5,1560,0,1,5,1.11,1.94,3.05,25.35,0,0,a,,2025-26,2025,Will_Hughes,willhughes,hughes,Crystal Palace,CRY,,2.0303030303030303,0.6140350877192983,False
213,Jefferson,Lerma Solís,Lerma,8,3,50,0.1,0.0,2.2,1722,0,5,7,1.84,1.48,3.32,25.11,0,0,a,,2025-26,2025,Jefferson_Lerma Solís,jeffersonlermasols,lerma,Crystal Palace,CRY,,1.7575757575757576,0.6637426900584795,False
214,Daichi,Kamada,Kamada,8,3,50,0.3,0.0,2.4,1899,0,2,6,1.64,3.24,4.88,26.04,0,0,a,,2025-26,2025,Daichi_Kamada,daichikamada,kamada,Crystal Palace,CRY,,1.3235294117647058,0.4517543859649123,False
215,Justin,Devenny,Devenny,8,3,50,0.0,0.0,1.7,785,1,0,1,2.38,0.39,2.77,14.71,0,0,a,,2025-26,2025,Justin_Devenny,justindevenny,devenny,Crystal Palace,CRY,,1.4782608695652173,0.14444444444444443,False
216,Romain,Esse,Esse,8,3,50,0.0,0.0,1.0,40,0,0,0,0.00,0.04,0.04,1.74,0,0,a,,2025-26,2025,Romain_Esse,romainesse,esse,Crystal Palace,CRY,,3.142857142857143,0.04035087719298246,False
217,Matheus,França de Oliveira,M.França,8,3,50,0.0,0.0,0.0,0,0,0,0,0.00,0.00,0.00,0.00,0,0,a,,2025-26,2025,Matheus_França de Oliveira,matheusfranadeoliveira,mfrana,Crystal Palace,CRY,,2.25,0.0152046783625731,False
218,Cheick,Doucouré,Doucouré,8,3,50,0.1,0.0,0.0,0,0,0,0,0.00,0.00,0.00,0.00,0,0,a,,2025-26,2025,Cheick_Doucouré,cheickdoucour,doucour,Crystal Palace,CRY,,1.4615384615384615,0.12953216374269005,False
219,Jesurun,Rak-Sakyi,J.Rak-Sakyi,8,3,50,0.0,0.0,0.0,0,0,0,0,0.00,0.00,0.00,0.00,0,0,a,,2025-26,2025,Jesurun_Rak-Sakyi,jesurunraksakyi,jraksakyi,Crystal Palace,CRY,,,0.0,False
220,Rio,Cardines,Cardines,8,2,45,0.0,0.0,2.0,90,0,0,0,0.02,0.16,0.18,2.53,0,0,u,Has joined Bristol City on loan for the rest of the season,2025-26,2025,Rio_Cardines,riocardines,cardines,Crystal Palace,CRY,,,,False
221,Joél,Drakes-Thomas,Drakes-Thomas,8,3,45,0.1,0.0,1.0,7,0,0,0,0.00,0.00,0.00,0.73,0,0,a,,2025-26,2025,Joél_Drakes-Thomas,joldrakesthomas,drakesthomas,Crystal Palace,CRY,,,,False
222,Jørgen,Strand Larsen,Strand Larsen,8,4,60,0.6,0.0,2.1,2301,4,1,5,5.30,1.12,6.42,36.03,0,0,a,,2025-26,2025,Jørgen_Strand Larsen,jrgenstrandlarsen,strandlarsen,Crystal Palace,CRY,,4.142857142857143,0.7564327485380117,False
223,Jean-Philippe,Mateta,Mateta,8,4,65,5.9,0.0,3.6,2210,12,0,8,14.42,1.32,15.74,31.77,0,0,a,,2025-26,2025,Jean-Philippe_Mateta,jeanphilippemateta,mateta,Crystal Palace,CRY,,4.054054054054054,0.7725146198830409,False
224,Eddie,Nketiah,Nketiah,8,4,55,0.5,0.0,1.9,414,2,0,0,1.77,0.46,2.23,9.49,0,0,a,,2025-26,2025,Eddie_Nketiah,eddienketiah,nketiah,Crystal Palace,CRY,,1.8275862068965518,0.2976608187134503,False
225,Christantus,Uche,Uche,8,4,50,0.0,0.0,1.2,159,0,1,0,0.49,0.01,0.50,4.63,0,0,u,has returned to Getafe CF,2025-26,2025,Christantus_Uche,christantusuche,uche,Crystal Palace,CRY,,,,False
241,Dwight,McNeil,McNeil,8,3,55,0.2,0.0,2.4,1161,0,3,6,1.37,1.91,3.28,18.80,0,0,a,,2025-26,2025,Dwight_McNeil,dwightmcneil,mcneil,Crystal Palace,CRY,,4.428571428571429,0.39941520467836256,False
555,Remi,Matthews,Matthews,8,1,40,1.7,0.0,0.0,0,0,0,0,0.00,0.00,0.00,0.00,0,0,a,,2025-26,2025,Remi_Matthews,remimatthews,matthews,Crystal Palace,CRY,,,0.0,False
577,Takehiro,Tomiyasu,Tomiyasu,8,2,45,0.3,0.0,0.0,0,0,0,0,0.00,0.00,0.00,0.00,0,0,a,,2025-26,2025,Takehiro_Tomiyasu,takehirotomiyasu,tomiyasu,Crystal Palace,CRY,,,,False
588,Anan,Khalaili,Khalaili,8,2,50,0.1,0.0,0.0,0,0,0,0,0.00,0.00,0.00,0.00,0,0,a,,2025-26,2025,Anan_Khalaili,anankhalaili,khalaili,Crystal Palace,CRY,,,,False
595,Zavier,Gozo,Gozo,8,3,50,0.0,0.0,0.0,0,0,0,0,0.00,0.00,0.00,0.00,0,0,a,,2025-26,2025,Zavier_Gozo,zaviergozo,gozo,Crystal Palace,CRY,,,,False
21,Christian,Nørgaard,Nørgaard,9,3,50,0.2,0.0,1.0,101,0,0,0,0.08,0.04,0.12,2.28,0,0,d,Unspecified injury - 25% chance of playing,2025-26,2025,Christian_Nørgaard,christiannrgaard,nrgaard,Everton,EVE,,3.1470588235294117,0.8245614035087719,False
209,Brennan,Johnson,Johnson,9,3,60,0.2,0.0,1.9,1710,2,1,6,2.45,1.31,3.76,28.29,0,0,a,,2025-26,2025,Brennan_Johnson,brennanjohnson,johnson,Everton,EVE,,4.151515151515151,0.6347953216374269,False
226,Jordan,Pickford,Pickford,9,1,55,8.2,0.0,3.6,3420,0,0,11,0.00,0.20,0.20,56.24,0,0,a,,2025-26,2025,Jordan_Pickford,jordanpickford,pickford,Everton,EVE,,4.157894736842105,1.0,False
227,Mark,Travers,Travers,9,1,50,0.0,0.0,0.0,0,0,0,0,0.00,0.00,0.00,0.00,0,0,a,,2025-26,2025,Mark_Travers,marktravers,travers,Everton,EVE,,3.8,0.13157894736842105,False
228,Tom,King,King,9,1,45,0.0,0.0,0.0,0,0,0,0,0.00,0.00,0.00,0.00,0,0,a,,2025-26,2025,Tom_King,tomking,king,Everton,EVE,,1.0,0.00029239766081871346,False
229,James,Tarkowski,Tarkowski,9,2,60,9.2,0.0,4.6,3330,2,3,11,2.53,2.10,4.63,53.54,0,0,a,,2025-26,2025,James_Tarkowski,jamestarkowski,tarkowski,Everton,EVE,,3.1818181818181817,0.8543859649122807,False
230,Jarrad,Branthwaite,Branthwaite,9,2,55,1.7,0.0,3.2,678,1,1,1,0.34,0.11,0.45,9.43,0,0,a,,2025-26,2025,Jarrad_Branthwaite,jarradbranthwaite,branthwaite,Everton,EVE,,2.933333333333333,0.7336257309941521,False
231,Michael,Keane,Keane,9,2,50,1.7,0.0,4.0,2588,3,1,7,2.30,0.49,2.79,44.52,0,0,a,,2025-26,2025,Michael_Keane,michaelkeane,keane,Everton,EVE,,3.4285714285714284,0.30584795321637426,False
232,Jake,O'Brien,O'Brien,9,2,50,0.5,0.0,3.1,3118,1,3,10,1.67,1.00,2.67,53.49,0,0,a,,2025-26,2025,Jake_O'Brien,jakeobrien,obrien,Everton,EVE,,3.25,0.4584795321637427,False
233,Vitalii,Mykolenko,Mykolenko,9,2,45,1.5,0.0,2.9,2959,0,1,9,0.28,2.46,2.74,48.41,0,0,a,,2025-26,2025,Vitalii_Mykolenko,vitaliimykolenko,mykolenko,Everton,EVE,,3.4571428571428573,0.9011695906432748,False
234,Nathan,Patterson,Patterson,9,2,45,0.0,0.0,3.1,238,0,0,2,0.03,0.04,0.07,3.67,0,0,a,,2025-26,2025,Nathan_Patterson,nathanpatterson,patterson,Everton,EVE,,1.4,0.1,False
235,Adam,Aznou,Aznou,9,2,40,0.2,0.0,0.0,0,0,0,0,0.00,0.00,0.00,0.00,0,0,a,,2025-26,2025,Adam_Aznou,adamaznou,aznou,Everton,EVE,,,,False
236,Kiernan,Dewsbury-Hall,Dewsbury-Hall,9,3,65,3.4,0.0,4.9,2629,8,7,8,4.35,5.34,9.69,40.38,0,0,a,,2025-26,2025,Kiernan_Dewsbury-Hall,kiernandewsburyhall,dewsburyhall,Everton,EVE,,1.3846153846153846,0.07514619883040936,False
237,Iliman,Ndiaye,Ndiaye,9,3,60,15.8,0.0,4.0,2781,6,3,8,6.68,4.41,11.09,42.68,0,0,a,,2025-26,2025,Iliman_Ndiaye,ilimanndiaye,ndiaye,Everton,EVE,,3.4545454545454546,0.7093567251461989,False
239,James,Garner,Garner,9,3,60,0.2,0.0,4.2,3413,2,7,11,2.10,6.18,8.28,56.18,0,0,i,Groin injury - Unknown return date,2025-26,2025,James_Garner,jamesgarner,garner,Everton,EVE,,2.0,0.4649122807017544,False
240,Tim,Iroegbunam,Iroegbunam,9,3,50,0.0,0.0,2.3,1477,0,3,8,0.54,0.71,1.25,24.64,0,0,i,Groin injury - Unknown return date,2025-26,2025,Tim_Iroegbunam,timiroegbunam,iroegbunam,Everton,EVE,,1.2222222222222223,0.16432748538011696,False
242,Tyrique,George,George,9,3,55,0.3,0.0,1.1,351,0,0,1,0.64,1.19,1.83,6.49,0,0,a,,2025-26,2025,Tyrique_George,tyriquegeorge,george,Everton,EVE,,2.125,0.05175438596491228,False
243,Carlos,Alcaraz Durán,Alcaraz,9,3,50,0.1,0.0,1.4,679,0,1,3,1.17,0.54,1.71,13.56,0,0,a,,2025-26,2025,Carlos_Alcaraz Durán,carlosalcarazdurn,alcaraz,Everton,EVE,,2.75,0.2239766081871345,False
244,Harrison,Armstrong,Armstrong,9,3,50,0.1,0.0,1.6,524,0,0,1,0.79,0.22,1.01,10.93,0,0,a,,2025-26,2025,Harrison_Armstrong,harrisonarmstrong,armstrong,Everton,EVE,,0.6666666666666666,0.013742690058479532,False
245,Tyler,Dibling,Dibling,9,3,55,0.0,0.0,1.3,349,0,0,2,0.20,0.14,0.34,6.65,0,0,a,,2025-26,2025,Tyler_Dibling,tylerdibling,dibling,Everton,EVE,,2.0606060606060606,0.5447368421052632,False
246,Merlin,Röhl,Röhl,9,3,50,0.1,0.0,2.2,675,1,1,2,0.67,0.35,1.02,13.31,0,0,a,,2025-26,2025,Merlin_Röhl,merlinrhl,rhl,Everton,EVE,,,,False
247,Hayden,Hackney,Hackney,9,3,55,0.3,0.0,0.0,0,0,0,0,0.00,0.00,0.00,0.00,0,0,a,,2025-26,2025,Hayden_Hackney,haydenhackney,hackney,Everton,EVE,,,,False
248,Norberto Bercique,Gomes Betuncal,Beto,9,4,55,2.9,0.0,2.8,1551,9,1,5,8.90,0.23,9.13,24.16,0,0,a,,2025-26,2025,Norberto Bercique_Gomes Betuncal,norbertoberciquegomesbetuncal,beto,Everton,EVE,,2.9,0.44473684210526315,False
249,Thierno,Barry,Barry,9,4,55,1.3,0.0,2.5,1898,8,0,7,8.17,0.44,8.61,33.49,0,0,a,,2025-26,2025,Thierno_Barry,thiernobarry,barry,Everton,EVE,,,,False
250,Bernd,Leno,Leno,10,1,45,3.2,0.0,3.2,3420,0,0,9,0.00,0.02,0.02,52.73,0,0,a,,2025-26,2025,Bernd_Leno,berndleno,leno,Fulham,FUL,,3.026315789473684,1.0,False
251,Benjamin,Lecomte,Lecomte,10,1,40,1.3,0.0,0.0,0,0,0,0,0.00,0.00,0.00,0.00,0,0,a,,2025-26,2025,Benjamin_Lecomte,benjaminlecomte,lecomte,Fulham,FUL,,,,False
252,Alfie,McNally,McNally,10,1,40,0.2,0.0,0.0,0,0,0,0,0.00,0.00,0.00,0.00,0,0,a,,2025-26,2025,Alfie_McNally,alfiemcnally,mcnally,Fulham,FUL,,,,False
253,Joachim,Andersen,Andersen,10,2,50,0.0,0.0,3.7,2882,0,1,8,1.43,1.83,3.26,44.88,0,0,s,Suspended until 30 Aug,2025-26,2025,Joachim_Andersen,joachimandersen,andersen,Fulham,FUL,,1.7,0.781578947368421,False
254,Antonee,Robinson,Robinson,10,2,45,1.9,0.0,3.0,1487,1,0,4,1.07,1.58,2.65,24.12,0,0,a,,2025-26,2025,Antonee_Robinson,antoneerobinson,robinson,Fulham,FUL,,2.9444444444444446,0.9257309941520467,False
255,Jorge,Cuenca Barreno,J.Cuenca,10,2,45,0.0,0.0,2.6,935,0,0,2,0.05,0.53,0.58,14.70,0,0,a,,2025-26,2025,Jorge_Cuenca Barreno,jorgecuencabarreno,jcuenca,Fulham,FUL,,1.125,0.102046783625731,False
256,Kenny,Tete,Tete,10,2,45,0.3,0.0,3.7,1791,1,0,6,0.92,1.46,2.38,25.79,0,0,a,,2025-26,2025,Kenny_Tete,kennytete,tete,Fulham,FUL,,2.227272727272727,0.5184210526315789,False
257,Calvin,Bassey,Bassey,10,2,45,0.7,0.0,3.4,2532,1,1,7,1.71,0.35,2.05,38.01,0,0,a,,2025-26,2025,Calvin_Bassey,calvinbassey,bassey,Fulham,FUL,,2.142857142857143,0.8988304093567251,False
258,Timothy,Castagne,Castagne,10,2,45,0.3,0.0,2.0,1838,0,2,3,1.50,1.47,2.97,32.66,0,0,a,,2025-26,2025,Timothy_Castagne,timothycastagne,castagne,Fulham,FUL,,1.9166666666666667,0.4801169590643275,False
261,Alex,Iwobi,Iwobi,10,3,55,1.0,0.0,3.6,2420,4,3,5,1.91,4.70,6.61,35.70,0,0,a,,2025-26,2025,Alex_Iwobi,alexiwobi,iwobi,Fulham,FUL,,4.105263157894737,0.8716374269005848,False
262,Emile,Smith Rowe,Smith Rowe,10,3,55,0.4,0.0,2.2,1909,3,1,6,4.71,1.12,5.83,31.27,0,0,a,,2025-26,2025,Emile_Smith Rowe,emilesmithrowe,smithrowe,Fulham,FUL,,3.3529411764705883,0.5953216374269006,False
263,Kevin,Santos Lopes de Macedo,Kevin,10,3,55,0.1,0.0,1.9,1030,1,3,4,1.21,1.47,2.68,14.57,0,0,a,,2025-26,2025,Kevin_Santos Lopes de Macedo,kevinsantoslopesdemacedo,kevin,Fulham,FUL,,,,False
264,Oscar,Bobb,Bobb,10,3,55,0.3,0.0,1.8,1030,0,2,4,1.47,2.10,3.57,12.71,0,0,a,,2025-26,2025,Oscar_Bobb,oscarbobb,bobb,Fulham,FUL,,1.0,0.004093567251461989,False
265,Sander,Berge,Berge,10,3,50,0.4,0.0,2.6,2904,0,3,8,1.54,1.50,3.04,43.09,0,0,a,,2025-26,2025,Sander_Berge,sanderberge,berge,Fulham,FUL,,1.7096774193548387,0.6494152046783626,False
266,Tom,Cairney,Cairney,10,3,50,0.0,0.0,1.7,756,2,0,2,1.21,0.81,2.02,11.67,0,0,i,Knee injury - Expected back 10 Oct,2025-26,2025,Tom_Cairney,tomcairney,cairney,Fulham,FUL,,1.32,0.1783625730994152,False
268,Josh,King,King,10,3,55,0.2,0.0,2.0,1290,1,3,5,2.47,0.66,3.13,18.97,0,0,a,,2025-26,2025,Josh_King,joshking,king,Fulham,FUL,,1.25,0.03684210526315789,False
269,Ryan,Sessegnon,Sessegnon,10,2,45,0.4,0.0,3.5,1816,3,3,6,1.60,1.80,3.40,26.33,0,0,a,,2025-26,2025,Ryan_Sessegnon,ryansessegnon,sessegnon,Fulham,FUL,,3.5625,0.16783625730994153,False
270,Harrison,Reed,Reed,10,3,45,1.4,0.0,2.1,89,1,0,0,0.13,0.45,0.58,3.43,0,0,a,,2025-26,2025,Harrison_Reed,harrisonreed,reed,Fulham,FUL,,0.8333333333333334,0.029239766081871343,False
271,Rodrigo,Muniz Carvalho,Muniz,10,4,55,0.6,0.0,1.7,987,1,1,3,3.30,0.15,3.45,13.83,0,0,a,,2025-26,2025,Rodrigo_Muniz Carvalho,rodrigomunizcarvalho,muniz,Fulham,FUL,,2.774193548387097,0.27573099415204677,False
272,Jonah,Kusi-Asare,Kusi-Asare,10,4,45,7.4,0.0,0.9,49,0,0,0,0.00,0.07,0.07,1.10,0,0,a,,2025-26,2025,Jonah_Kusi-Asare,jonahkusiasare,kusiasare,Fulham,FUL,,,,False
569,Gonzalo,García,Gonzalo,10,4,60,2.0,0.0,0.0,0,0,0,0,0.00,0.00,0.00,0.00,0,0,a,,2025-26,2025,Gonzalo_García,gonzalogarca,gonzalo,Fulham,FUL,,,,False
570,César,Palacios,Palacios,10,3,55,0.2,0.0,0.0,0,0,0,0,0.00,0.00,0.00,0.00,0,0,a,,2025-26,2025,César_Palacios,csarpalacios,palacios,Fulham,FUL,,,,False
580,Shea,Charles,Charles,10,3,50,0.1,0.0,0.0,0,0,0,0,0.00,0.00,0.00,0.00,0,0,a,,2025-26,2025,Shea_Charles,sheacharles,charles,Fulham,FUL,,,0.0,False
273,Dillon,Phillips,Phillips,11,1,40,1.7,0.0,0.0,0,0,0,0,0.00,0.00,0.00,0.00,0,0,a,,2025-26,2025,Dillon_Phillips,dillonphillips,phillips,Hull City,HUL,,,,True
274,Jack,Butland,Butland,11,1,45,0.2,0.0,0.0,0,0,0,0,0.00,0.00,0.00,0.00,0,0,i,Arm injury - Unknown return date,2025-26,2025,Jack_Butland,jackbutland,butland,Hull City,HUL,,,,True
275,Harvey,Cartwright,Cartwright,11,1,40,0.0,0.0,0.0,0,0,0,0,0.00,0.00,0.00,0.00,0,0,u,Has joined Grimsby Town on loan for the rest of the season,2025-26,2025,Harvey_Cartwright,harveycartwright,cartwright,Hull City,HUL,,,,True
276,Thimothée,Lo-Tutala,Lo-Tutala,11,1,40,0.1,0.0,0.0,0,0,0,0,0.00,0.00,0.00,0.00,0,0,u,Has joined Colchester United on loan for the rest of the season,2025-26,2025,Thimothée_Lo-Tutala,thimothelotutala,lotutala,Hull City,HUL,,,,True
277,John,Egan,Egan,11,2,40,1.7,0.0,0.0,0,0,0,0,0.00,0.00,0.00,0.00,0,0,a,,2025-26,2025,John_Egan,johnegan,egan,Hull City,HUL,,,,True
278,Charlie,Hughes,Hughes,11,2,40,0.2,0.0,0.0,0,0,0,0,0.00,0.00,0.00,0.00,0,0,i,Groin injury - Unknown return date,2025-26,2025,Charlie_Hughes,charliehughes,hughes,Hull City,HUL,,,,True
279,Semi,Ajayi,Ajayi,11,2,40,0.9,0.0,0.0,0,0,0,0,0.00,0.00,0.00,0.00,0,0,a,,2025-26,2025,Semi_Ajayi,semiajayi,ajayi,Hull City,HUL,,,,True
280,Lewie,Coyle,Coyle,11,2,40,0.7,0.0,0.0,0,0,0,0,0.00,0.00,0.00,0.00,0,0,a,,2025-26,2025,Lewie_Coyle,lewiecoyle,coyle,Hull City,HUL,,,,True
281,Cody,Drameh,Drameh,11,2,40,0.0,0.0,0.0,0,0,0,0,0.00,0.00,0.00,0.00,0,0,i,Hamstring injury - Expected back 29 Aug,2025-26,2025,Cody_Drameh,codydrameh,drameh,Hull City,HUL,,,,True
282,Ryan,Giles,Giles,11,2,40,0.8,0.0,0.0,0,0,0,0,0.00,0.00,0.00,0.00,0,0,a,,2025-26,2025,Ryan_Giles,ryangiles,giles,Hull City,HUL,,,,True
283,Matty,Jacob,Jacob,11,2,40,0.0,0.0,0.0,0,0,0,0,0.00,0.00,0.00,0.00,0,0,d,Hip injury - 75% chance of playing,2025-26,2025,Matty_Jacob,mattyjacob,jacob,Hull City,HUL,,,,True
284,Cathal,McCarthy,McCarthy,11,2,40,0.1,0.0,0.0,0,0,0,0,0.00,0.00,0.00,0.00,0,0,a,,2025-26,2025,Cathal_McCarthy,cathalmccarthy,mccarthy,Hull City,HUL,,,,True
285,Paddy,McNair,McNair,11,2,40,0.1,0.0,0.0,0,0,0,0,0.00,0.00,0.00,0.00,0,0,a,,2025-26,2025,Paddy_McNair,paddymcnair,mcnair,Hull City,HUL,,,,True
286,Mohamed,Belloumi,Belloumi,11,3,50,0.4,0.0,0.0,0,0,0,0,0.00,0.00,0.00,0.00,0,0,a,,2025-26,2025,Mohamed_Belloumi,mohamedbelloumi,belloumi,Hull City,HUL,,,,True
287,Liam,Millar,Millar,11,3,50,0.1,0.0,0.0,0,0,0,0,0.00,0.00,0.00,0.00,0,0,a,,2025-26,2025,Liam_Millar,liammillar,millar,Hull City,HUL,,,,True
288,Kieran,Dowell,Dowell,11,3,45,0.4,0.0,0.0,0,0,0,0,0.00,0.00,0.00,0.00,0,0,a,,2025-26,2025,Kieran_Dowell,kierandowell,dowell,Hull City,HUL,,,,True
289,Matt,Crooks,Crooks,11,3,45,0.6,0.0,0.0,0,0,0,0,0.00,0.00,0.00,0.00,0,0,a,,2025-26,2025,Matt_Crooks,mattcrooks,crooks,Hull City,HUL,,,,True
290,Regan,Slater,Slater,11,3,45,2.7,0.0,0.0,0,0,0,0,0.00,0.00,0.00,0.00,0,0,a,,2025-26,2025,Regan_Slater,reganslater,slater,Hull City,HUL,,,,True
291,Eliot,Matazo,Matazo,11,3,45,0.0,0.0,0.0,0,0,0,0,0.00,0.00,0.00,0.00,0,0,i,Knee injury - Unknown return date,2025-26,2025,Eliot_Matazo,eliotmatazo,matazo,Hull City,HUL,,,,True
292,Abdülkadir,Ömür,Ömür,11,3,50,0.0,0.0,0.0,0,0,0,0,0.00,0.00,0.00,0.00,0,0,a,,2025-26,2025,Abdülkadir_Ömür,abdlkadirmr,mr,Hull City,HUL,,,,True
293,Abu,Kamara,Kamara,11,3,50,0.0,0.0,0.0,0,0,0,0,0.00,0.00,0.00,0.00,0,0,u,Has joined Portsmouth permanently,2025-26,2025,Abu_Kamara,abukamara,kamara,Hull City,HUL,,,,True
294,Óscar,Zambrano,Zambrano,11,3,45,0.2,0.0,0.0,0,0,0,0,0.00,0.00,0.00,0.00,0,0,i,Thigh injury - Unknown return date,2025-26,2025,Óscar_Zambrano,scarzambrano,zambrano,Hull City,HUL,,,,True
295,Oli,McBurnie,McBurnie,11,4,55,1.4,0.0,0.0,0,0,0,0,0.00,0.00,0.00,0.00,0,0,a,,2025-26,2025,Oli_McBurnie,olimcburnie,mcburnie,Hull City,HUL,,,,True
296,David,Akintola,Akintola,11,3,50,0.0,0.0,0.0,0,0,0,0,0.00,0.00,0.00,0.00,0,0,a,,2025-26,2025,David_Akintola,davidakintola,akintola,Hull City,HUL,,,,True
297,Darko,Gyabi,Gyabi,11,3,45,0.0,0.0,0.0,0,0,0,0,0.00,0.00,0.00,0.00,0,0,i,Thigh injury - Unknown return date,2025-26,2025,Darko_Gyabi,darkogyabi,gyabi,Hull City,HUL,,,,True
298,Enis,Destan,Destan,11,4,45,0.8,0.0,0.0,0,0,0,0,0.00,0.00,0.00,0.00,0,0,u,Has joined Konyaspor permanently,2025-26,2025,Enis_Destan,enisdestan,destan,Hull City,HUL,,,,True
299,Mason,Burstow,Burstow,11,4,45,0.1,0.0,0.0,0,0,0,0,0.00,0.00,0.00,0.00,0,0,u,Has joined Sheffield Wednesday on loan for the rest of the season,2025-26,2025,Mason_Burstow,masonburstow,burstow,Hull City,HUL,,,,True
340,Joe,Gelhardt,Gelhardt,11,3,50,0.0,0.0,0.0,0,0,0,0,0.00,0.00,0.00,0.00,0,0,i,Ankle injury - Expected back 5 Sep,2025-26,2025,Joe_Gelhardt,joegelhardt,gelhardt,Hull City,HUL,,,,True
556,Matt,Targett,Targett,11,2,40,2.6,0.0,0.0,0,0,0,0,0.00,0.00,0.00,0.00,0,0,a,,2025-26,2025,Matt_Targett,matttargett,targett,Hull City,HUL,,1.0,0.005847953216374269,True
563,Hidemasa,Morita,Morita,11,3,50,0.0,0.0,0.0,0,0,0,0,0.00,0.00,0.00,0.00,0,0,d,Calf injury - 50% chance of playing,2025-26,2025,Hidemasa_Morita,hidemasamorita,morita,Hull City,HUL,,,,True
572,Konstantinos,Tzolakis,Tzolakis,11,1,45,0.5,0.0,0.0,0,0,0,0,0.00,0.00,0.00,0.00,0,0,a,,2025-26,2025,Konstantinos_Tzolakis,konstantinostzolakis,tzolakis,Hull City,HUL,,,,True
574,Jens,Hjertø-Dahl,Hjertø-Dahl,11,3,50,0.1,0.0,0.0,0,0,0,0,0.00,0.00,0.00,0.00,0,0,a,,2025-26,2025,Jens_Hjertø-Dahl,jenshjertdahl,hjertdahl,Hull City,HUL,,,,True
576,Elliot,Stroud,Stroud,11,3,50,0.1,0.0,0.0,0,0,0,0,0.00,0.00,0.00,0.00,0,0,a,,2025-26,2025,Elliot_Stroud,elliotstroud,stroud,Hull City,HUL,,,,True
585,Lucas,Herrington,Herrington,11,2,40,0.5,0.0,0.0,0,0,0,0,0.00,0.00,0.00,0.00,0,0,a,,2025-26,2025,Lucas_Herrington,lucasherrington,herrington,Hull City,HUL,,,,True
586,Nobel,Mendy,Mendy,11,2,40,0.9,0.0,0.0,0,0,0,0,0.00,0.00,0.00,0.00,0,0,a,,2025-26,2025,Nobel_Mendy,nobelmendy,mendy,Hull City,HUL,,,,True
589,Lucas,Gourna-Douath,Gourna-Douath,11,3,50,0.0,0.0,0.0,0,0,0,0,0.00,0.00,0.00,0.00,0,0,a,,2025-26,2025,Lucas_Gourna-Douath,lucasgournadouath,gournadouath,Hull City,HUL,,,,True
259,Issa,Diop,Diop,12,2,40,18.0,0.0,2.4,812,1,0,1,0.80,0.05,0.85,12.42,0,0,a,,2025-26,2025,Issa_Diop,issadiop,diop,Ipswich Town,IPS,,1.4761904761904763,0.3900584795321637,True
267,Saša,Lukić,Lukić,12,3,50,0.1,0.0,2.6,1730,1,4,6,2.23,1.91,4.14,27.64,0,0,a,,2025-26,2025,Saša_Lukić,saaluki,luki,Ipswich Town,IPS,,1.8666666666666667,0.6865497076023391,True
300,Christian,Walton,Walton,12,1,45,0.6,0.0,0.0,0,0,0,0,0.00,0.00,0.00,0.00,0,0,a,,2025-26,2025,Christian_Walton,christianwalton,walton,Ipswich Town,IPS,,2.2857142857142856,0.18421052631578946,True
301,Alex,Palmer,Palmer,12,1,40,5.0,0.0,0.0,0,0,0,0,0.00,0.00,0.00,0.00,0,0,a,,2025-26,2025,Alex_Palmer,alexpalmer,palmer,Ipswich Town,IPS,,1.6923076923076923,0.34210526315789475,True
302,David,Button,Button,12,1,40,0.4,0.0,0.0,0,0,0,0,0.00,0.00,0.00,0.00,0,0,a,,2025-26,2025,David_Button,davidbutton,button,Ipswich Town,IPS,,,,True
303,Cédric,Kipré,Kipré,12,2,40,0.6,0.0,0.0,0,0,0,0,0.00,0.00,0.00,0.00,0,0,a,,2025-26,2025,Cédric_Kipré,cdrickipr,kipr,Ipswich Town,IPS,,,,True
304,Dara,O'Shea,O'Shea,12,2,40,3.3,0.0,0.0,0,0,0,0,0.00,0.00,0.00,0.00,0,0,a,,2025-26,2025,Dara_O'Shea,daraoshea,oshea,Ipswich Town,IPS,,1.4,0.9128654970760234,True
305,Leif,Davis,Davis,12,2,40,5.3,0.0,0.0,0,0,0,0,0.00,0.00,0.00,0.00,0,0,a,,2025-26,2025,Leif_Davis,leifdavis,davis,Ipswich Town,IPS,,1.5757575757575757,0.8017543859649123,True
306,Jacob,Greaves,Greaves,12,2,40,1.3,0.0,0.0,0,0,0,0,0.00,0.00,0.00,0.00,0,0,a,,2025-26,2025,Jacob_Greaves,jacobgreaves,greaves,Ipswich Town,IPS,,1.48,0.6447368421052632,True
307,Ben,Johnson,Johnson,12,2,40,0.1,0.0,0.0,0,0,0,0,0.00,0.00,0.00,0.00,0,0,a,,2025-26,2025,Ben_Johnson,benjohnson,johnson,Ipswich Town,IPS,,1.3043478260869565,0.3935672514619883,True
308,Darnell,Furlong,Furlong,12,2,40,0.6,0.0,0.0,0,0,0,0,0.00,0.00,0.00,0.00,0,0,a,,2025-26,2025,Darnell_Furlong,darnellfurlong,furlong,Ipswich Town,IPS,,,,True
309,Marcelino,Núñez,Núñez,12,3,50,0.1,0.0,0.0,0,0,0,0,0.00,0.00,0.00,0.00,0,0,a,,2025-26,2025,Marcelino_Núñez,marcelinonez,nez,Ipswich Town,IPS,,,,True
310,Azor,Matusiwa,Matusiwa,12,3,50,0.0,0.0,0.0,0,0,0,0,0.00,0.00,0.00,0.00,0,0,i,Muscular injury - Unknown return date,2025-26,2025,Azor_Matusiwa,azormatusiwa,matusiwa,Ipswich Town,IPS,,,,True
311,Wes,Burns,Burns,12,3,50,0.0,0.0,0.0,0,0,0,0,0.00,0.00,0.00,0.00,0,0,u,Has joined Leicester City permanently,2025-26,2025,Wes_Burns,wesburns,burns,Ipswich Town,IPS,,1.6666666666666667,0.2695906432748538,True
312,Jack,Taylor,Taylor,12,3,45,0.1,0.0,0.0,0,0,0,0,0.00,0.00,0.00,0.00,0,0,i,Knee injury - Unknown return date,2025-26,2025,Jack_Taylor,jacktaylor,taylor,Ipswich Town,IPS,,1.1875,0.24473684210526317,True
313,Jack,Clarke,Clarke,12,3,55,0.3,0.0,0.0,0,0,0,0,0.00,0.00,0.00,0.00,0,0,a,,2025-26,2025,Jack_Clarke,jackclarke,clarke,Ipswich Town,IPS,,1.65625,0.3394736842105263,True
314,Chiedozie,Ogbene,Ogbene,12,3,50,0.0,0.0,0.0,0,0,0,0,0.00,0.00,0.00,0.00,0,0,a,,2025-26,2025,Chiedozie_Ogbene,chiedozieogbene,ogbene,Ipswich Town,IPS,,1.4,0.06929824561403508,True
315,Abdul,Fatawu,Fatawu,12,3,55,0.3,0.0,0.0,0,0,0,0,0.00,0.00,0.00,0.00,0,0,a,,2025-26,2025,Abdul_Fatawu,abdulfatawu,fatawu,Ipswich Town,IPS,,2.3636363636363638,0.16842105263157894,True
316,Emersonn,Correia da Silva,Emersonn,12,4,55,0.4,0.0,0.0,0,0,0,0,0.00,0.00,0.00,0.00,0,0,a,,2025-26,2025,Emersonn_Correia da Silva,emersonncorreiadasilva,emersonn,Ipswich Town,IPS,,,,True
317,George,Hirst,Hirst,12,4,50,0.4,0.0,0.0,0,0,0,0,0.00,0.00,0.00,0.00,0,0,a,,2025-26,2025,George_Hirst,georgehirst,hirst,Ipswich Town,IPS,,1.7692307692307692,0.18859649122807018,True
318,Jaden,Philogene,Philogene,12,3,55,0.2,0.0,0.0,0,0,0,0,0.00,0.00,0.00,0.00,0,0,a,,2025-26,2025,Jaden_Philogene,jadenphilogene,philogene,Ipswich Town,IPS,,1.7619047619047619,0.2327485380116959,True
319,Sam,Szmodics,Szmodics,12,3,50,0.0,0.0,0.0,0,0,0,0,0.00,0.00,0.00,0.00,0,0,u,Has joined Derby County on loan for the rest of the season,2025-26,2025,Sam_Szmodics,samszmodics,szmodics,Ipswich Town,IPS,,2.7,0.28888888888888886,True
320,Chuba,Akpom,Akpom,12,4,50,0.5,0.0,0.0,0,0,0,0,0.00,0.00,0.00,0.00,0,0,a,,2025-26,2025,Chuba_Akpom,chubaakpom,akpom,Ipswich Town,IPS,,,,True
321,Sindre,Walle Egeli,Walle Egeli,12,4,45,2.2,0.0,0.0,0,0,0,0,0.00,0.00,0.00,0.00,0,0,a,,2025-26,2025,Sindre_Walle Egeli,sindrewalleegeli,walleegeli,Ipswich Town,IPS,,,,True
322,Ali,Al-Hamadi,Al-Hamadi,12,4,50,0.1,0.0,0.0,0,0,0,0,0.00,0.00,0.00,0.00,0,0,a,,2025-26,2025,Ali_Al-Hamadi,alialhamadi,alhamadi,Ipswich Town,IPS,,0.7272727272727273,0.03654970760233918,True
323,Kasey,McAteer,McAteer,12,3,45,1.4,0.0,0.0,0,0,0,0,0.00,0.00,0.00,0.00,0,0,a,,2025-26,2025,Kasey_McAteer,kaseymcateer,mcateer,Ipswich Town,IPS,,1.9444444444444444,0.24736842105263157,True
324,Anis,Mehmeti,Mehmeti,12,3,50,0.1,0.0,0.0,0,0,0,0,0.00,0.00,0.00,0.00,0,0,a,,2025-26,2025,Anis_Mehmeti,anismehmeti,mehmeti,Ipswich Town,IPS,,,,True
554,Kayne,van Oevelen,Van Oevelen,12,1,45,0.0,0.0,0.0,0,0,0,0,0.00,0.00,0.00,0.00,0,0,a,,2025-26,2025,Kayne_van Oevelen,kaynevanoevelen,vanoevelen,Ipswich Town,IPS,,,,True
562,Daizen,Maeda,Maeda,12,3,55,0.4,0.0,0.0,0,0,0,0,0.00,0.00,0.00,0.00,0,0,a,,2025-26,2025,Daizen_Maeda,daizenmaeda,maeda,Ipswich Town,IPS,,,,True
564,Kjell,Scherpen,Scherpen,12,1,45,0.6,0.0,0.0,0,0,0,0,0.00,0.00,0.00,0.00,0,0,a,,2025-26,2025,Kjell_Scherpen,kjellscherpen,scherpen,Ipswich Town,IPS,,,,True
571,Florentino Ibrain,Morris Luís,Florentino,12,3,50,0.1,0.0,0.0,0,0,0,0,0.00,0.00,0.00,0.00,0,0,a,,2025-26,2025,Florentino Ibrain_Morris Luís,florentinoibrainmorrislus,florentino,Ipswich Town,IPS,,,,True
591,Julio,Enciso,Enciso,12,3,55,0.2,0.0,0.0,0,0,0,0,0.00,0.00,0.00,0.00,0,0,a,,2025-26,2025,Julio_Enciso,julioenciso,enciso,Ipswich Town,IPS,,2.36,0.33771929824561403,True
592,Abdoul,Ouattara,Ouattara,12,2,40,0.6,0.0,0.0,0,0,0,0,0.00,0.00,0.00,0.00,0,0,a,,2025-26,2025,Abdoul_Ouattara,abdoulouattara,ouattara,Ipswich Town,IPS,,,,True
260,Harry,Wilson,Wilson,13,3,65,6.9,0.0,4.7,2674,10,9,9,5.88,4.77,10.65,40.14,0,0,a,,2025-26,2025,Harry_Wilson,harrywilson,wilson,Leeds,LEE,,3.12,0.33567251461988307,True
326,Lucas Estella,Perri,Perri,13,1,45,0.6,0.0,2.7,1440,0,0,3,0.00,0.00,0.00,26.68,0,0,a,,2025-26,2025,Lucas Estella_Perri,lucasestellaperri,perri,Leeds,LEE,,,,True
327,Jaka,Bijol,Bijol,13,2,50,0.3,0.0,4.0,1888,1,3,5,0.90,0.75,1.65,31.48,0,0,a,,2025-26,2025,Jaka_Bijol,jakabijol,bijol,Leeds,LEE,,,,True
329,Joe,Rodon,Rodon,13,2,45,2.9,0.0,3.1,2952,2,0,6,1.40,0.56,1.96,48.54,0,0,a,,2025-26,2025,Joe_Rodon,joerodon,rodon,Leeds,LEE,,,,True
330,Jayden,Bogle,Bogle,13,2,45,0.5,0.0,2.8,2795,1,5,6,2.08,3.11,5.19,39.93,0,0,a,,2025-26,2025,Jayden_Bogle,jaydenbogle,bogle,Leeds,LEE,,,,True
331,Gabriel,Gudmundsson,Gudmundsson,13,2,45,0.1,0.0,2.1,2637,0,0,5,1.10,2.89,3.98,41.06,0,0,i,Hamstring injury - Unknown return date,2025-26,2025,Gabriel_Gudmundsson,gabrielgudmundsson,gudmundsson,Leeds,LEE,,,,True
332,James,Justin,Justin,13,2,45,0.6,0.0,3.2,1893,2,1,6,1.83,1.16,2.99,33.01,0,0,a,,2025-26,2025,James_Justin,jamesjustin,justin,Leeds,LEE,,1.9444444444444444,0.8514619883040936,True
333,Sebastiaan,Bornauw,Bornauw,13,2,45,0.0,0.0,2.1,429,0,0,2,0.20,0.01,0.21,8.71,0,0,u,Has joined Hamburg SV on loan for the rest of the season,2025-26,2025,Sebastiaan_Bornauw,sebastiaanbornauw,bornauw,Leeds,LEE,,,,True
334,Tarik,Muharemović,Muharemović,13,2,50,3.1,0.0,0.0,0,0,0,0,0.00,0.00,0.00,0.00,0,0,a,,2025-26,2025,Tarik_Muharemović,tarikmuharemovi,muharemovi,Leeds,LEE,,,,True
335,Anton,Stach,Stach,13,3,60,1.0,0.0,4.7,2369,5,6,7,2.88,4.47,7.35,34.05,0,0,a,,2025-26,2025,Anton_Stach,antonstach,stach,Leeds,LEE,,,,True
336,Noah,Okafor,Okafor,13,3,60,0.6,0.0,3.9,1553,8,3,6,5.25,1.32,6.57,24.54,0,0,a,,2025-26,2025,Noah_Okafor,noahokafor,okafor,Leeds,LEE,,,,True
337,Brenden,Aaronson,Aaronson,13,3,55,1.0,0.0,3.4,2449,4,8,9,4.53,3.60,8.13,37.07,0,0,a,,2025-26,2025,Brenden_Aaronson,brendenaaronson,aaronson,Leeds,LEE,,,,True
338,Ethan,Ampadu,Ampadu,13,3,55,1.5,0.0,3.8,3119,1,4,8,2.47,2.20,4.67,48.66,0,0,a,,2025-26,2025,Ethan_Ampadu,ethanampadu,ampadu,Leeds,LEE,,,,True
339,Sean,Longstaff,Longstaff,13,3,50,0.1,0.0,2.4,1003,2,2,1,1.23,1.87,3.10,15.88,0,0,a,,2025-26,2025,Sean_Longstaff,seanlongstaff,longstaff,Leeds,LEE,,1.36,0.22894736842105262,True
341,Wilfried,Gnonto,Gnonto,13,3,50,0.0,0.0,1.4,521,0,3,1,0.40,0.77,1.17,11.99,0,0,i,Hamstring injury - Unknown return date,2025-26,2025,Wilfried_Gnonto,wilfriedgnonto,gnonto,Leeds,LEE,,,,True
342,Jack,Harrison,Harrison,13,3,50,0.0,0.0,1.1,262,0,0,0,0.28,0.23,0.51,3.82,0,0,u,Has joined New England Revolution permanently,2025-26,2025,Jack_Harrison,jackharrison,harrison,Leeds,LEE,,2.3823529411764706,0.6046783625730994,True
343,Daniel,James,James,13,3,50,0.1,0.0,1.2,547,0,0,1,0.91,0.71,1.62,14.39,0,0,a,,2025-26,2025,Daniel_James,danieljames,james,Leeds,LEE,,,,True
344,Ilia,Gruev,Gruev,13,3,50,0.0,0.0,2.4,1318,0,4,5,0.49,0.86,1.35,25.27,0,0,i,Knee injury - Unknown return date,2025-26,2025,Ilia_Gruev,iliagruev,gruev,Leeds,LEE,,,,True
345,Tanaka,Ao,Tanaka,13,3,50,0.3,0.0,2.4,1307,2,1,3,1.44,1.39,2.83,21.49,0,0,a,,2025-26,2025,Tanaka_Ao,tanakaao,tanaka,Leeds,LEE,,,,True
346,Dominic,Calvert-Lewin,Calvert-Lewin,13,4,60,29.5,0.0,4.1,2721,14,2,8,15.57,1.06,16.62,35.74,0,0,a,,2025-26,2025,Dominic_Calvert-Lewin,dominiccalvertlewin,calvertlewin,Leeds,LEE,,2.423076923076923,0.46842105263157896,True
347,Lukas,Nmecha,Nmecha,13,4,55,0.6,0.0,2.4,1065,6,1,3,7.25,1.58,8.83,21.84,0,0,a,,2025-26,2025,Lukas_Nmecha,lukasnmecha,nmecha,Leeds,LEE,,,,True
348,Joël,Piroe,Piroe,13,4,50,0.3,0.0,1.1,244,0,0,1,0.90,0.13,1.03,6.81,0,0,u,Has joined West Ham United on loan for the rest of the season,2025-26,2025,Joël_Piroe,jolpiroe,piroe,Leeds,LEE,,,,True
349,Mateo,Joseph Fernández-Regatillo,Mateo Joseph,13,4,45,0.1,0.0,0.0,0,0,0,0,0.00,0.00,0.00,0.00,0,0,i,Knee injury - Unknown return date,2025-26,2025,Mateo_Joseph Fernández-Regatillo,mateojosephfernndezregatillo,mateojoseph,Leeds,LEE,,,,True
385,James,Trafford,Trafford,13,1,50,3.0,0.0,3.2,360,0,0,1,0.00,0.00,0.00,5.74,0,0,a,,2025-26,2025,James_Trafford,jamestrafford,trafford,Leeds,LEE,,,,True
598,Nico,Elvedi,Elvedi,13,2,45,0.0,0.0,0.0,0,0,0,0,0.00,0.00,0.00,0.00,0,0,a,,2025-26,2025,Nico_Elvedi,nicoelvedi,elvedi,Leeds,LEE,,,,True
350,Alisson,Becker,A.Becker,14,1,55,3.7,0.0,3.5,2340,0,0,8,0.00,0.03,0.03,29.58,0,0,a,,2025-26,2025,Alisson_Becker,alissonbecker,abecker,Liverpool,LIV,,,,False
351,Giorgi,Mamardashvili,Mamardashvili,14,1,50,0.2,0.0,3.4,867,0,0,2,0.00,0.00,0.00,13.29,0,0,a,,2025-26,2025,Giorgi_Mamardashvili,giorgimamardashvili,mamardashvili,Liverpool,LIV,,,,False
352,Freddie,Woodman,Woodman,14,1,40,1.1,0.0,2.0,212,0,0,0,0.00,0.00,0.00,4.76,0,0,a,,2025-26,2025,Freddie_Woodman,freddiewoodman,woodman,Liverpool,LIV,,,,False
353,Armin,Pecsi,Pecsi,14,1,40,0.0,0.0,0.0,0,0,0,0,0.00,0.00,0.00,0.00,0,0,u,Has joined TSV Hartberg on loan for the rest of the season,2025-26,2025,Armin_Pecsi,arminpecsi,pecsi,Liverpool,LIV,,,,False
354,Vitezslav,Jaros,Jaros,14,1,40,0.0,0.0,0.0,0,0,0,0,0.00,0.00,0.00,0.00,0,0,i,Knee injury - Unknown return date,2025-26,2025,Vitezslav_Jaros,vitezslavjaros,jaros,Liverpool,LIV,,,,False
355,Harvey,Davies,Davies,14,1,40,0.1,0.0,0.0,0,0,0,0,0.00,0.00,0.00,0.00,0,0,a,,2025-26,2025,Harvey_Davies,harveydavies,davies,Liverpool,LIV,,,0.0,False
356,Virgil,van Dijk,Virgil,14,2,65,18.7,0.0,4.6,3420,6,1,10,3.77,1.44,5.21,47.63,0,0,a,,2025-26,2025,Virgil_van Dijk,virgilvandijk,virgil,Liverpool,LIV,,3.864864864864865,0.9736842105263158,False
357,Jeremie,Frimpong,Frimpong,14,2,55,3.3,0.0,3.0,1032,0,5,5,0.50,1.55,2.05,12.97,0,0,a,,2025-26,2025,Jeremie_Frimpong,jeremiefrimpong,frimpong,Liverpool,LIV,,,,False
358,Milos,Kerkez,Kerkez,14,2,55,4.0,0.0,2.5,2251,2,1,6,1.50,0.69,2.19,30.10,0,0,a,,2025-26,2025,Milos_Kerkez,miloskerkez,kerkez,Liverpool,LIV,,3.526315789473684,0.9754385964912281,False
359,Joe,Gomez,Gomez,14,2,50,0.0,0.0,1.6,594,0,2,2,0.28,0.64,0.92,9.31,0,0,i,Muscular injury - Unknown return date,2025-26,2025,Joe_Gomez,joegomez,gomez,Liverpool,LIV,,1.5555555555555556,0.15116959064327484,False
360,Conor,Bradley,Bradley,14,2,50,0.0,0.0,2.8,928,0,2,4,0.18,0.84,1.02,10.77,0,0,i,Knee injury - Unknown return date,2025-26,2025,Conor_Bradley,conorbradley,bradley,Liverpool,LIV,,2.1578947368421053,0.21754385964912282,False
361,Wellity,Lucky,Lucky,14,2,40,0.1,0.0,0.0,0,0,0,0,0.00,0.00,0.00,0.00,0,0,a,,2025-26,2025,Wellity_Lucky,wellitylucky,lucky,Liverpool,LIV,,,,False
362,Jeremy,Jacquet,Jacquet,14,2,50,2.3,0.0,0.0,0,0,0,0,0.00,0.00,0.00,0.00,0,0,a,,2025-26,2025,Jeremy_Jacquet,jeremyjacquet,jacquet,Liverpool,LIV,,,,False
363,Giovanni,Leoni,Leoni,14,2,40,0.1,0.0,0.0,0,0,0,0,0.00,0.00,0.00,0.00,0,0,i,Knee injury - Unknown return date,2025-26,2025,Giovanni_Leoni,giovannileoni,leoni,Liverpool,LIV,,,,False
364,Kostas,Tsimikas,Tsimikas,14,2,50,0.1,0.0,0.0,0,0,0,0,0.00,0.00,0.00,0.00,0,0,a,,2025-26,2025,Kostas_Tsimikas,kostastsimikas,tsimikas,Liverpool,LIV,,,,False
365,Calvin,Ramsay,Ramsay,14,2,40,0.2,0.0,0.0,0,0,0,0,0.00,0.00,0.00,0.00,0,0,a,,2025-26,2025,Calvin_Ramsay,calvinramsay,ramsay,Liverpool,LIV,,,,False
366,Florian,Wirtz,Wirtz,14,3,75,13.6,0.0,3.8,2374,5,4,10,6.83,5.14,11.96,33.99,0,0,a,,2025-26,2025,Florian_Wirtz,florianwirtz,wirtz,Liverpool,LIV,,,,False
367,Cody,Gakpo,Gakpo,14,3,70,3.6,0.0,3.6,2736,7,5,10,8.35,4.67,13.02,34.94,0,0,a,,2025-26,2025,Cody_Gakpo,codygakpo,gakpo,Liverpool,LIV,,3.6285714285714286,0.5616959064327486,False
368,Dominik,Szoboszlai,Szoboszlai,14,3,70,41.5,0.0,4.4,3232,6,7,9,4.76,6.83,11.59,45.63,0,0,a,,2025-26,2025,Dominik_Szoboszlai,dominikszoboszlai,szoboszlai,Liverpool,LIV,,3.9722222222222223,0.7266081871345029,False
369,Rio,Ngumoha,Ngumoha,14,3,60,1.2,0.0,2.3,547,2,1,2,1.34,2.01,3.35,8.92,0,0,a,,2025-26,2025,Rio_Ngumoha,riongumoha,ngumoha,Liverpool,LIV,,,,False
370,Federico,Chiesa,Chiesa,14,3,55,0.1,0.0,1.4,317,2,1,0,1.45,0.61,2.06,6.50,0,0,a,,2025-26,2025,Federico_Chiesa,federicochiesa,chiesa,Liverpool,LIV,,1.1666666666666667,0.030116959064327486,False
371,Ryan,Gravenberch,Gravenberch,14,3,60,1.9,0.0,4.0,2991,5,5,9,1.89,2.26,4.15,38.41,0,0,a,,2025-26,2025,Ryan_Gravenberch,ryangravenberch,gravenberch,Liverpool,LIV,,2.4864864864864864,0.9239766081871345,False
372,Alexis,Mac Allister,Mac Allister,14,3,55,1.7,0.0,2.9,2654,2,5,7,3.89,1.69,5.58,36.97,0,0,a,,2025-26,2025,Alexis_Mac Allister,alexismacallister,macallister,Liverpool,LIV,,3.4857142857142858,0.7593567251461988,False
373,Curtis,Jones,C.Jones,14,3,55,0.1,0.0,2.4,1923,1,3,3,2.21,2.77,4.98,31.44,0,0,d,Hip injury - 75% chance of playing,2025-26,2025,Curtis_Jones,curtisjones,cjones,Liverpool,LIV,,2.6363636363636362,0.4976608187134503,False
374,Endo,Wataru,Endo,14,3,50,0.0,0.0,1.5,170,0,1,1,0.04,0.05,0.09,4.11,0,0,a,,2025-26,2025,Endo_Wataru,endowataru,endo,Liverpool,LIV,,1.05,0.07573099415204679,False
375,Trey,Nyoni,Nyoni,14,3,50,0.0,0.0,1.0,21,0,0,0,0.37,0.02,0.39,0.85,0,0,a,,2025-26,2025,Trey_Nyoni,treynyoni,nyoni,Liverpool,LIV,,,,False
376,Stefan,Bajčetić Maquieira,Bajcetic,14,3,50,0.0,0.0,0.0,0,0,0,0,0.00,0.00,0.00,0.00,0,0,i,Hamstring injury - Expected back 23 Aug,2025-26,2025,Stefan_Bajčetić Maquieira,stefanbajetimaquieira,bajcetic,Liverpool,LIV,,,0.0,False
377,Victor,Munoz,Munoz,14,3,65,0.6,0.0,0.0,0,0,0,0,0.00,0.00,0.00,0.00,0,0,a,,2025-26,2025,Victor_Munoz,victormunoz,munoz,Liverpool,LIV,,,,False
378,James,McConnell,McConnell,14,3,45,0.3,0.0,0.0,0,0,0,0,0.00,0.00,0.00,0.00,0,0,a,,2025-26,2025,James_McConnell,jamesmcconnell,mcconnell,Liverpool,LIV,,,0.0,False
379,Alexander,Isak,Isak,14,4,90,16.3,0.0,2.9,694,3,1,1,2.59,0.08,2.67,8.38,0,0,a,,2025-26,2025,Alexander_Isak,alexanderisak,isak,Liverpool,LIV,,6.205882352941177,0.8064327485380117,False
380,Hugo,Ekitiké,Ekitiké,14,4,75,0.2,0.0,4.5,1797,11,4,7,10.10,2.45,12.55,26.11,0,0,i,Achilles injury - Unknown return date,2025-26,2025,Hugo_Ekitiké,hugoekitik,ekitik,Liverpool,LIV,,,,False
381,Lewis,Koumas,Koumas,14,3,50,0.0,0.0,0.0,0,0,0,0,0.00,0.00,0.00,0.00,0,0,a,,2025-26,2025,Lewis_Koumas,lewiskoumas,koumas,Liverpool,LIV,,,,False
382,Jayden,Danns,Danns,14,4,45,0.0,0.0,0.0,0,0,0,0,0.00,0.00,0.00,0.00,0,0,i,Unspecified injury - Unknown return date,2025-26,2025,Jayden_Danns,jaydendanns,danns,Liverpool,LIV,,1.0,0.0029239766081871343,False
383,Harvey,Elliott,Elliott,14,3,55,0.1,0.0,1.0,110,0,0,0,0.29,0.08,0.37,1.74,0,0,a,,2025-26,2025,Harvey_Elliott,harveyelliott,elliott,Liverpool,LIV,,1.8333333333333333,0.10497076023391813,False
579,Ronald,Araujo,Araujo,14,2,55,2.1,0.0,0.0,0,0,0,0,0.00,0.00,0.00,0.00,0,0,a,,2025-26,2025,Ronald_Araujo,ronaldaraujo,araujo,Liverpool,LIV,,,,False
238,Jack,Grealish,Grealish,15,3,65,0.2,0.0,4.0,1627,2,6,7,2.05,3.37,5.41,25.81,0,0,a,,2025-26,2025,Jack_Grealish,jackgrealish,grealish,Man City,MCI,,1.9,0.20760233918128654,False
384,Gianluigi,Donnarumma,Donnarumma,15,1,55,8.7,0.0,4.0,3060,0,0,15,0.00,0.13,0.13,38.50,0,0,a,,2025-26,2025,Gianluigi_Donnarumma,gianluigidonnarumma,donnarumma,Man City,MCI,,,,False
386,Marcus,Bettinelli,Bettinelli,15,1,45,0.0,0.0,0.0,0,0,0,0,0.00,0.00,0.00,0.00,0,0,a,,2025-26,2025,Marcus_Bettinelli,marcusbettinelli,bettinelli,Man City,MCI,,,0.0,False
387,Nico,O'Reilly,O'Reilly,15,2,65,21.4,0.0,4.7,2643,5,4,14,6.12,2.67,8.79,34.97,0,0,a,,2025-26,2025,Nico_O'Reilly,nicooreilly,oreilly,Man City,MCI,,3.4444444444444446,0.15350877192982457,False
388,Marc,Guéhi,Guéhi,15,2,60,18.6,0.0,5.1,3150,3,5,14,4.05,2.37,6.42,44.58,0,0,a,,2025-26,2025,Marc_Guéhi,marcguhi,guhi,Man City,MCI,,3.411764705882353,0.8944444444444445,False
389,Matheus,Nunes,Matheus N.,15,2,60,1.8,0.0,4.5,2861,1,8,12,0.34,2.23,2.57,34.89,0,0,d,Knock - 75% chance of playing,2025-26,2025,Matheus_Nunes,matheusnunes,matheusn,Man City,MCI,,,,False
390,Rúben,dos Santos Gato Alves Dias,Rúben,15,2,55,1.6,0.0,4.3,2139,2,0,12,0.57,0.65,1.22,26.07,0,0,a,,2025-26,2025,Rúben_dos Santos Gato Alves Dias,rbendossantosgatoalvesdias,rben,Man City,MCI,,,,False
391,Joško,Gvardiol,Gvardiol,15,2,55,11.2,0.0,4.4,1370,2,2,6,2.25,0.70,2.95,16.05,0,0,a,,2025-26,2025,Joško_Gvardiol,jokogvardiol,gvardiol,Man City,MCI,,4.135135135135135,0.9584795321637427,False
392,Rayan,Aït-Nouri,Aït-Nouri,15,2,55,0.9,0.0,3.5,971,0,2,5,0.53,2.01,2.54,12.25,0,0,a,,2025-26,2025,Rayan_Aït-Nouri,rayanatnouri,atnouri,Man City,MCI,,3.3783783783783785,0.9099415204678363,False
393,Abdukodir,Khusanov,Khusanov,15,2,55,1.8,0.0,3.2,1427,0,0,6,0.65,1.21,1.86,20.89,0,0,a,,2025-26,2025,Abdukodir_Khusanov,abdukodirkhusanov,khusanov,Man City,MCI,,2.3333333333333335,0.14707602339181286,False
394,Max,Alleyne,Alleyne,15,2,50,0.0,0.0,2.5,135,0,0,0,0.26,0.06,0.32,1.54,0,0,u,Has joined Burnley on loan for the rest of the season,2025-26,2025,Max_Alleyne,maxalleyne,alleyne,Man City,MCI,,,0.0,False
395,Rico,Lewis,Lewis,15,2,45,0.2,0.0,1.7,401,0,1,1,0.19,1.39,1.58,6.81,0,0,a,,2025-26,2025,Rico_Lewis,ricolewis,lewis,Man City,MCI,,2.357142857142857,0.552046783625731,False
396,Vitor,de Oliveira Nunes dos Reis,Vitor Reis,15,2,45,0.0,0.0,0.0,0,0,0,0,0.00,0.00,0.00,0.00,0,0,a,,2025-26,2025,Vitor_de Oliveira Nunes dos Reis,vitordeoliveiranunesdosreis,vitorreis,Man City,MCI,,1.0,0.00029239766081871346,False
397,Antoine,Semenyo,Semenyo,15,3,85,26.4,0.0,5.5,3200,17,6,12,11.10,3.12,14.21,47.67,0,0,a,,2025-26,2025,Antoine_Semenyo,antoinesemenyo,semenyo,Man City,MCI,,4.45945945945946,0.9362573099415205,False
398,Phil,Foden,Foden,15,3,70,4.4,0.0,4.0,2078,7,5,11,6.03,4.76,10.79,27.38,0,0,a,,2025-26,2025,Phil_Foden,philfoden,foden,Man City,MCI,,3.75,0.5178362573099415,False
399,Rayan,Cherki,Cherki,15,3,75,7.9,0.0,4.1,1772,4,13,8,4.28,8.87,13.14,25.23,0,0,a,,2025-26,2025,Rayan_Cherki,rayancherki,cherki,Man City,MCI,,,,False
400,Jérémy,Doku,Doku,15,3,75,3.8,0.0,4.0,1773,5,8,8,2.87,5.86,8.73,23.20,0,0,d,Calf injury - 75% chance of playing,2025-26,2025,Jérémy_Doku,jrmydoku,doku,Man City,MCI,,3.0344827586206895,0.44035087719298244,False
401,Omar,Marmoush,Marmoush,15,4,70,0.8,0.0,2.7,691,3,3,4,2.78,0.77,3.55,7.92,0,0,a,,2025-26,2025,Omar_Marmoush,omarmarmoush,marmoush,Man City,MCI,,4.5625,0.34327485380116957,False
402,Rodrigo 'Rodri',Hernandez Cascante,Rodrigo,15,3,65,0.0,0.0,3.3,1510,1,1,5,1.15,2.45,3.60,20.74,0,0,u,Has joined Barcelona permanently,2025-26,2025,Rodrigo 'Rodri'_Hernandez Cascante,rodrigorodrihernandezcascante,rodrigo,Man City,MCI,,,,False
403,Sávio,Moreira de Oliveira,Savinho,15,3,65,0.1,0.0,1.8,817,1,2,3,2.50,1.59,4.09,11.24,0,0,a,,2025-26,2025,Sávio_Moreira de Oliveira,sviomoreiradeoliveira,savinho,Man City,MCI,,,,False
404,Tijjani,Reijnders,Reijnders,15,3,60,0.2,0.0,3.3,1623,5,3,7,4.61,2.35,6.96,18.82,0,0,u,Has joined Al Qadsiah permanently,2025-26,2025,Tijjani_Reijnders,tijjanireijnders,reijnders,Man City,MCI,,,,False
405,Nico,González Iglesias,N.Gonzalez,15,3,55,0.1,0.0,2.5,1561,1,0,7,0.68,1.12,1.80,20.35,0,0,a,,2025-26,2025,Nico_González Iglesias,nicogonzleziglesias,ngonzalez,Man City,MCI,,,,False
406,Mateo,Kovačić,Kovačić,15,3,55,0.1,0.0,1.5,125,0,1,0,0.13,0.42,0.55,4.00,0,0,a,,2025-26,2025,Mateo_Kovačić,mateokovai,kovai,Man City,MCI,,3.5161290322580645,0.6415204678362573,False
407,Claudio,Echeverri,Echeverri,15,3,50,0.0,0.0,0.0,0,0,0,0,0.00,0.00,0.00,0.00,0,0,a,,2025-26,2025,Claudio_Echeverri,claudioecheverri,echeverri,Man City,MCI,,1.0,0.0014619883040935672,False
408,Kalvin,Phillips,Phillips,15,3,50,0.0,0.0,0.0,0,0,0,0,0.00,0.00,0.00,0.00,0,0,u,Has joined Sheffield United on loan for the rest of the season,2025-26,2025,Kalvin_Phillips,kalvinphillips,phillips,Man City,MCI,,1.4210526315789473,0.3599415204678363,False
409,Divine,Mukasa,Mukasa,15,3,45,0.2,0.0,1.0,25,0,0,0,0.00,0.21,0.21,0.34,0,0,a,,2025-26,2025,Divine_Mukasa,divinemukasa,mukasa,Man City,MCI,,,,False
410,Jeremy,Monga,Monga,15,3,50,0.0,0.0,0.0,0,0,0,0,0.00,0.00,0.00,0.00,0,0,a,,2025-26,2025,Jeremy_Monga,jeremymonga,monga,Man City,MCI,,1.0,0.03070175438596491,False
411,Erling,Haaland,Haaland,15,4,155,69.3,0.0,6.8,2953,27,8,13,25.50,2.67,28.17,38.60,0,0,a,,2025-26,2025,Erling_Haaland,erlinghaaland,haaland,Man City,MCI,,5.838709677419355,0.8,False
481,Elliot,Anderson,Anderson,15,3,65,8.7,0.0,4.7,3332,4,5,10,2.94,4.79,7.73,53.65,0,0,a,,2025-26,2025,Elliot_Anderson,elliotanderson,anderson,Man City,MCI,,2.891891891891892,0.7970760233918128,False
587,Gerónimo,Rulli,Rulli,15,1,50,0.0,0.0,0.0,0,0,0,0,0.00,0.00,0.00,0.00,0,0,a,,2025-26,2025,Gerónimo_Rulli,gernimorulli,rulli,Man City,MCI,,,,False
43,Youri,Tielemans,Tielemans,16,3,60,2.4,0.0,2.7,1857,0,4,4,1.14,3.26,4.40,31.34,0,0,a,,2025-26,2025,Youri_Tielemans,youritielemans,tielemans,Man Utd,MUN,,3.361111111111111,0.8845029239766082,False
162,Andrey,Nascimento dos Santos,Andrey Santos,16,3,50,1.1,0.0,1.7,1247,1,0,1,2.00,0.88,2.88,18.91,0,0,a,,2025-26,2025,Andrey_Nascimento dos Santos,andreynascimentodossantos,andreysantos,Man Utd,MUN,,,0.0,False
325,Karl,Darlow,Darlow,16,1,45,0.0,0.0,3.2,1980,0,0,5,0.00,0.05,0.05,28.36,0,0,d,Unspecified injury - 75% chance of playing,2025-26,2025,Karl_Darlow,karldarlow,darlow,Man Utd,MUN,,,,False
412,Senne,Lammens,Lammens,16,1,50,17.4,0.0,3.4,2880,0,0,8,0.00,0.00,0.00,39.25,0,0,a,,2025-26,2025,Senne_Lammens,sennelammens,lammens,Man Utd,MUN,,,,False
413,Altay,Bayındır,Bayindir,16,1,45,0.0,0.0,1.8,540,0,0,0,0.00,0.05,0.05,9.24,0,0,u,Has joined Celta Vigo on loan for the rest of the season,2025-26,2025,Altay_Bayındır,altaybayndr,bayindir,Man Utd,MUN,,,,False
414,Tom,Heaton,Heaton,16,1,40,0.1,0.0,0.0,0,0,0,0,0.00,0.00,0.00,0.00,0,0,i,Hamstring injury - Unknown return date,2025-26,2025,Tom_Heaton,tomheaton,heaton,Man Utd,MUN,,,0.0,False
415,Patrick,Dorgu,Dorgu,16,3,60,1.5,0.0,3.7,1440,4,4,4,2.39,1.84,4.23,19.61,0,0,a,,2025-26,2025,Patrick_Dorgu,patrickdorgu,dorgu,Man Utd,MUN,,1.5,0.24561403508771928,False
416,Matthijs,de Ligt,De Ligt,16,2,50,0.0,0.0,3.3,1170,1,0,1,1.38,0.83,2.21,18.73,0,0,i,Back injury - Unknown return date,2025-26,2025,Matthijs_de Ligt,matthijsdeligt,deligt,Man Utd,MUN,,2.3448275862068964,0.6195906432748538,False
417,Diogo,Dalot Teixeira,Dalot,16,2,50,2.9,0.0,3.3,2609,1,6,7,1.93,2.57,4.50,36.57,0,0,a,,2025-26,2025,Diogo_Dalot Teixeira,diogodalotteixeira,dalot,Man Utd,MUN,,2.878787878787879,0.8222222222222222,False
418,Harry,Maguire,Maguire,16,2,50,15.5,0.0,3.9,1649,1,2,7,1.12,0.50,1.62,22.95,0,0,a,,2025-26,2025,Harry_Maguire,harrymaguire,maguire,Man Utd,MUN,,1.7777777777777777,0.5119883040935672,False
419,Lisandro,Martínez,Martinez,16,2,50,1.1,0.0,2.8,1229,0,0,5,0.15,0.60,0.75,15.22,0,0,a,,2025-26,2025,Lisandro_Martínez,lisandromartnez,martinez,Man Utd,MUN,,3.4,0.5119883040935672,False
420,Leny,Yoro,Yoro,16,2,50,0.7,0.0,1.8,1730,0,1,2,1.34,0.59,1.93,26.83,0,0,a,,2025-26,2025,Leny_Yoro,lenyyoro,yoro,Man Utd,MUN,,1.0476190476190477,0.3391812865497076,False
421,Ayden,Heaven,Heaven,16,2,45,0.4,0.0,2.5,920,0,1,2,0.34,0.18,0.52,11.95,0,0,a,,2025-26,2025,Ayden_Heaven,aydenheaven,heaven,Man Utd,MUN,,2.5,0.04941520467836257,False
422,Noussair,Mazraoui,Mazraoui,16,2,45,0.7,0.0,2.6,977,0,0,5,0.19,0.35,0.53,12.99,0,0,a,,2025-26,2025,Noussair_Mazraoui,noussairmazraoui,mazraoui,Man Utd,MUN,,2.3783783783783785,0.8292397660818713,False
423,Luke,Shaw,Shaw,16,2,45,21.5,0.0,3.0,3220,1,1,10,0.72,1.98,2.69,44.90,0,0,a,,2025-26,2025,Luke_Shaw,lukeshaw,shaw,Man Utd,MUN,,0.7142857142857143,0.10116959064327485,False
424,Harry,Amass,Amass,16,2,40,0.2,0.0,0.0,0,0,0,0,0.00,0.00,0.00,0.00,0,0,a,,2025-26,2025,Harry_Amass,harryamass,amass,Man Utd,MUN,,0.8,0.10087719298245613,False
425,Tyler,Fredricson,Fredricson,16,2,40,0.0,0.0,1.0,2,0,0,0,0.00,0.00,0.00,0.30,0,0,u,Has joined Lausanne-Sport permanently,2025-26,2025,Tyler_Fredricson,tylerfredricson,fredricson,Man Utd,MUN,,1.0,0.048538011695906436,False
426,Bruno,Borges Fernandes,B.Fernandes,16,3,120,50.4,0.0,6.7,3065,9,24,7,10.79,12.28,23.07,44.42,0,0,a,,2025-26,2025,Bruno_Borges Fernandes,brunoborgesfernandes,bfernandes,Man Utd,MUN,,4.833333333333333,0.8821637426900585,False
427,Bryan,Mbeumo,Mbeumo,16,3,80,35.0,0.0,4.5,2611,11,3,8,11.98,4.99,16.97,35.87,0,0,a,,2025-26,2025,Bryan_Mbeumo,bryanmbeumo,mbeumo,Man Utd,MUN,,6.2105263157894735,0.9985380116959064,False
428,Matheus,Santos Carneiro da Cunha,Cunha,16,3,80,10.6,0.0,4.3,2493,10,4,8,6.90,3.36,10.26,35.75,0,0,a,,2025-26,2025,Matheus_Santos Carneiro da Cunha,matheussantoscarneirodacunha,cunha,Man Utd,MUN,,5.393939393939394,0.7590643274853801,False
429,Marcus,Rashford,Rashford,16,3,70,1.5,0.0,0.0,0,0,0,0,0.00,0.00,0.00,0.00,0,0,a,,2025-26,2025,Marcus_Rashford,marcusrashford,rashford,Man Utd,MUN,,3.8,0.41345029239766085,False
430,Mason,Mount,Mount,16,3,55,0.0,0.0,2.5,1010,3,0,5,1.56,1.62,3.18,12.46,0,0,d,Foot injury - 50% chance of playing,2025-26,2025,Mason_Mount,masonmount,mount,Man Utd,MUN,,1.4705882352941178,0.17923976608187134,False
431,Amad,Diallo,Amad,16,3,60,1.6,0.0,2.8,2339,2,5,6,5.46,4.74,10.20,31.69,0,0,a,,2025-26,2025,Amad_Diallo,amaddiallo,amad,Man Utd,MUN,,4.961538461538462,0.5549707602339181,False
432,Kobbie,Mainoo,Mainoo,16,3,55,1.1,0.0,2.6,1653,1,2,6,0.48,1.27,1.75,22.88,0,0,a,,2025-26,2025,Kobbie_Mainoo,kobbiemainoo,mainoo,Man Utd,MUN,,1.68,0.4812865497076023,False
433,Manuel,Ugarte Ribeiro,Ugarte,16,3,50,0.0,0.0,1.7,876,0,0,1,0.72,0.16,0.88,18.22,0,0,i,Knee injury - Unknown return date,2025-26,2025,Manuel_Ugarte Ribeiro,manuelugarteribeiro,ugarte,Man Utd,MUN,,,,False
434,Jack,Fletcher,J.Fletcher,16,3,50,0.0,0.0,1.0,107,0,0,0,0.03,0.02,0.05,1.86,0,0,a,,2025-26,2025,Jack_Fletcher,jackfletcher,jfletcher,Man Utd,MUN,,,0.0,False
435,Shea,Lacey,Lacey,16,3,50,0.1,0.0,1.0,40,0,0,0,0.10,0.01,0.11,0.51,0,0,a,,2025-26,2025,Shea_Lacey,shealacey,lacey,Man Utd,MUN,,,,False
436,Toby,Collyer,Collyer,16,3,50,0.0,0.0,0.0,0,0,0,0,0.00,0.00,0.00,0.00,0,0,a,,2025-26,2025,Toby_Collyer,tobycollyer,collyer,Man Utd,MUN,,1.0,0.05087719298245614,False
437,Bendito,Mantato,Bendito Mantato,16,3,45,0.2,0.0,1.0,15,0,0,0,0.00,0.01,0.01,0.05,0,0,a,,2025-26,2025,Bendito_Mantato,benditomantato,benditomantato,Man Utd,MUN,,,,False
438,Tyler,Fletcher,Fletcher,16,3,45,0.3,0.0,1.0,17,0,0,0,0.00,0.01,0.01,0.33,0,0,a,,2025-26,2025,Tyler_Fletcher,tylerfletcher,fletcher,Man Utd,MUN,,,,False
439,Benjamin,Sesko,Šeško,16,4,70,1.4,0.0,3.7,1630,11,2,2,9.21,0.28,9.48,27.05,0,0,d,Shin injury - 75% chance of playing,2025-26,2025,Benjamin_Sesko,benjaminsesko,eko,Man Utd,MUN,,,,False
440,Joshua,Zirkzee,Zirkzee,16,4,55,0.6,0.0,1.8,607,2,1,2,2.74,0.34,3.08,9.41,0,0,a,,2025-26,2025,Joshua_Zirkzee,joshuazirkzee,zirkzee,Man Utd,MUN,,2.0,0.40497076023391815,False
441,Chido,Obi,Obi,16,4,45,1.2,0.0,0.0,0,0,0,0,0.00,0.00,0.00,0.00,0,0,a,,2025-26,2025,Chido_Obi,chidoobi,obi,Man Utd,MUN,,,,False
442,Nick,Pope,Pope,17,1,50,1.3,0.0,3.6,2416,0,1,7,0.16,0.00,0.16,32.89,0,0,a,,2025-26,2025,Nick_Pope,nickpope,pope,Newcastle,NEW,,3.642857142857143,0.7368421052631579,False
443,Mark,Gillespie,Gillespie,17,1,45,0.0,0.0,0.0,0,0,0,0,0.00,0.00,0.00,0.00,0,0,a,,2025-26,2025,Mark_Gillespie,markgillespie,gillespie,Newcastle,NEW,,,,False
444,Ewen,Jaouen,Jaouen,17,1,45,0.0,0.0,0.0,0,0,0,0,0.00,0.00,0.00,0.00,0,0,a,,2025-26,2025,Ewen_Jaouen,ewenjaouen,jaouen,Newcastle,NEW,,,,False
445,Malick,Thiaw,Thiaw,17,2,50,1.8,0.0,3.6,2963,4,0,5,4.80,0.96,5.76,49.21,0,0,a,,2025-26,2025,Malick_Thiaw,malickthiaw,thiaw,Newcastle,NEW,,,,False
446,Fabian,Schär,Schär,17,2,50,0.2,0.0,3.2,1089,0,0,4,0.97,0.60,1.57,13.85,0,0,a,,2025-26,2025,Fabian_Schär,fabianschr,schr,Newcastle,NEW,,3.4705882352941178,0.8581871345029239,False
447,Sven,Botman,Botman,17,2,50,0.4,0.0,3.6,1834,1,1,5,1.73,0.86,2.59,27.58,0,0,a,,2025-26,2025,Sven_Botman,svenbotman,botman,Newcastle,NEW,,2.25,0.12046783625730995,False
448,Dan,Burn,Burn,17,2,50,2.5,0.0,3.2,2195,1,3,6,1.08,0.36,1.44,30.15,0,0,a,,2025-26,2025,Dan_Burn,danburn,burn,Newcastle,NEW,,3.108108108108108,0.9736842105263158,False
449,Lewis,Hall,Hall,17,2,50,3.6,0.0,2.6,2176,1,2,4,1.01,2.78,3.79,37.72,0,0,a,,2025-26,2025,Lewis_Hall,lewishall,hall,Newcastle,NEW,,3.7777777777777777,0.639766081871345,False
450,Tino,Livramento,Livramento,17,2,50,0.1,0.0,3.5,1326,0,1,6,0.13,0.89,1.02,18.62,0,0,i,Calf injury - Unknown return date,2025-26,2025,Tino_Livramento,tinolivramento,livramento,Newcastle,NEW,,2.8378378378378377,0.8289473684210527,False
451,Alex,Murphy,A.Murphy,17,2,40,0.2,0.0,1.0,7,0,0,0,0.00,0.00,0.00,0.49,0,0,u,Has joined FC Kaiserslautern on loan for the rest of the season,2025-26,2025,Alex_Murphy,alexmurphy,amurphy,Newcastle,NEW,,,0.0,False
453,Harvey,Barnes,Barnes,17,3,60,1.1,0.0,2.9,1951,7,1,5,6.84,2.72,9.56,30.30,0,0,a,,2025-26,2025,Harvey_Barnes,harveybarnes,barnes,Newcastle,NEW,,3.9393939393939394,0.5105263157894737,False
454,Anthony,Elanga,Elanga,17,3,60,0.7,0.0,1.5,1302,0,1,2,1.65,1.74,3.39,21.11,0,0,a,,2025-26,2025,Anthony_Elanga,anthonyelanga,elanga,Newcastle,NEW,,4.026315789473684,0.7298245614035088,False
456,Jacob,Ramsey,J.Ramsey,17,3,50,0.4,0.0,2.2,1441,2,3,1,1.20,1.45,2.65,27.24,0,0,a,,2025-26,2025,Jacob_Ramsey,jacobramsey,jramsey,Newcastle,NEW,,2.2758620689655173,0.47251461988304094,False
457,Jacob,Murphy,J.Murphy,17,3,60,0.2,0.0,2.5,1606,3,2,8,3.07,2.66,5.73,24.35,0,0,a,,2025-26,2025,Jacob_Murphy,jacobmurphy,jmurphy,Newcastle,NEW,,4.542857142857143,0.6888888888888889,False
458,Joelinton Cássio,Apolinário de Lira,Joelinton,17,3,55,0.1,0.0,2.7,1950,2,1,5,2.36,1.35,3.71,28.75,0,0,i,Unspecified injury - Unknown return date,2025-26,2025,Joelinton Cássio_Apolinário de Lira,joelintoncssioapolinriodelira,joelinton,Newcastle,NEW,,3.413793103448276,0.7,False
459,Lewis,Miley,L.Miley,17,3,55,0.0,0.0,3.1,1493,1,4,2,1.36,2.10,3.46,21.22,0,0,a,,2025-26,2025,Lewis_Miley,lewismiley,lmiley,Newcastle,NEW,,1.5,0.08888888888888889,False
460,Joe,Willock,Willock,17,3,50,0.1,0.0,1.6,972,0,2,3,1.26,1.07,2.33,17.83,0,0,a,,2025-26,2025,Joe_Willock,joewillock,willock,Newcastle,NEW,,1.4375,0.31140350877192985,False
461,Bazoumana,Touré,Touré,17,3,60,0.3,0.0,0.0,0,0,0,0,0.00,0.00,0.00,0.00,0,0,a,,2025-26,2025,Bazoumana_Touré,bazoumanatour,tour,Newcastle,NEW,,,,False
462,Sean,Steur,Steur,17,3,50,0.1,0.0,0.0,0,0,0,0,0.00,0.00,0.00,0.00,0,0,a,,2025-26,2025,Sean_Steur,seansteur,steur,Newcastle,NEW,,,,False
463,Nick,Woltemade,Woltemade,17,4,60,1.7,0.0,3.3,1896,8,4,8,6.59,1.53,8.12,25.67,0,0,a,,2025-26,2025,Nick_Woltemade,nickwoltemade,woltemade,Newcastle,NEW,,,,False
464,Yoane,Wissa,Wissa,17,4,60,1.6,0.0,1.4,517,1,1,1,3.13,0.54,3.67,9.97,0,0,a,,2025-26,2025,Yoane_Wissa,yoanewissa,wissa,Newcastle,NEW,,5.285714285714286,0.854093567251462,False
465,William,Osula,Osula,17,4,60,1.0,0.0,3.2,805,7,1,2,4.28,0.62,4.90,14.48,0,0,a,,2025-26,2025,William_Osula,williamosula,osula,Newcastle,NEW,,1.3571428571428572,0.03625730994152047,False
466,Sean,Neave,Neave,17,4,45,0.7,0.0,1.0,13,0,0,0,0.03,0.00,0.03,0.37,0,0,a,,2025-26,2025,Sean_Neave,seanneave,neave,Newcastle,NEW,,,0.0,False
559,Aladji,Bamba,Bamba,17,3,50,0.1,0.0,0.0,0,0,0,0,0.00,0.00,0.00,0.00,0,0,a,,2025-26,2025,Aladji_Bamba,aladjibamba,bamba,Newcastle,NEW,,,,False
567,Lukás,Hornícek,Horníček,17,1,50,0.6,0.0,0.0,0,0,0,0,0.00,0.00,0.00,0.00,0,0,a,,2025-26,2025,Lukás_Hornícek,lukshorncek,hornek,Newcastle,NEW,,,,False
593,Amar,Dedic,Dedić,17,2,45,0.1,0.0,0.0,0,0,0,0,0.00,0.00,0.00,0.00,0,0,a,,2025-26,2025,Amar_Dedic,amardedic,dedi,Newcastle,NEW,,,,False
467,Matz,Sels,Sels,18,1,50,1.6,0.0,3.4,2667,0,0,7,0.00,0.06,0.06,45.12,0,0,a,,2025-26,2025,Matz_Sels,matzsels,sels,Nott'm Forest,NFO,,3.9473684210526314,1.0,False
468,John Victor,Maciel Furtado,John,18,1,45,0.1,0.0,2.2,437,0,0,1,0.00,0.00,0.00,6.13,0,0,a,,2025-26,2025,John Victor_Maciel Furtado,johnvictormacielfurtado,john,Nott'm Forest,NFO,,,,False
469,Neco,Williams,N.Williams,18,2,50,10.6,0.0,3.5,3203,2,3,9,2.01,3.97,5.98,51.36,0,0,a,,2025-26,2025,Neco_Williams,necowilliams,nwilliams,Nott'm Forest,NFO,,3.1142857142857143,0.7567251461988304,False
470,Felipe,Rodrigues da Silva,Morato,18,2,50,0.0,0.0,2.5,1340,1,0,2,1.32,0.15,1.47,24.34,0,0,a,,2025-26,2025,Felipe_Rodrigues da Silva,feliperodriguesdasilva,morato,Nott'm Forest,NFO,,1.3846153846153846,0.26052631578947366,False
471,Nikola,Milenković,Milenković,18,2,55,2.1,0.0,3.1,3375,0,1,9,0.83,0.68,1.51,54.98,0,0,a,,2025-26,2025,Nikola_Milenković,nikolamilenkovi,milenkovi,Nott'm Forest,NFO,,3.918918918918919,0.9736842105263158,False
472,Murillo,Costa dos Santos,Murillo,18,2,55,1.4,0.0,3.3,2130,1,0,6,0.73,0.47,1.20,32.99,0,0,a,,2025-26,2025,Murillo_Costa dos Santos,murillocostadossantos,murillo,Nott'm Forest,NFO,,,,False
473,Ola,Aina,Aina,18,2,45,3.8,0.0,3.7,1587,0,2,6,0.41,0.84,1.25,25.31,0,0,a,,2025-26,2025,Ola_Aina,olaaina,aina,Nott'm Forest,NFO,,3.657142857142857,0.8760233918128655,False
474,Jair,Paula da Cunha Filho,Jair Cunha,18,2,45,0.3,0.0,1.4,514,0,0,0,0.27,0.06,0.33,10.35,0,0,a,,2025-26,2025,Jair_Paula da Cunha Filho,jairpauladacunhafilho,jaircunha,Nott'm Forest,NFO,,,,False
475,Nicolò,Savona,Savona,18,2,45,0.0,0.0,2.8,1025,2,0,3,1.34,0.45,1.79,15.04,0,0,i,Knee injury - Unknown return date,2025-26,2025,Nicolò_Savona,nicolsavona,savona,Nott'm Forest,NFO,,,,False
476,Omar,Richards,O.Richards,18,2,40,0.2,0.0,0.0,0,0,0,0,0.00,0.00,0.00,0.00,0,0,a,,2025-26,2025,Omar_Richards,omarrichards,orichards,Nott'm Forest,NFO,,,0.0,False
477,Zach,Abbott,Abbott,18,2,40,0.2,0.0,1.0,165,0,0,0,0.00,0.01,0.01,3.47,0,0,a,,2025-26,2025,Zach_Abbott,zachabbott,abbott,Nott'm Forest,NFO,,,0.0,False
478,Luca,Netz,Netz,18,2,45,0.0,0.0,1.6,353,0,0,0,0.00,0.41,0.41,7.87,0,0,a,,2025-26,2025,Luca_Netz,lucanetz,netz,Nott'm Forest,NFO,,,,False
479,Tyler,Bindon,Bindon,18,2,40,0.2,0.0,0.0,0,0,0,0,0.00,0.00,0.00,0.00,0,0,a,,2025-26,2025,Tyler_Bindon,tylerbindon,bindon,Nott'm Forest,NFO,,,,False
480,Morgan,Gibbs-White,Gibbs-White,18,3,80,11.9,0.0,5.1,3101,15,4,10,10.81,2.91,13.72,49.70,0,0,a,,2025-26,2025,Morgan_Gibbs-White,morgangibbswhite,gibbswhite,Nott'm Forest,NFO,,4.529411764705882,0.8204678362573099,False
482,Callum,Hudson-Odoi,Hudson-Odoi,18,3,60,0.2,0.0,2.9,1838,3,4,6,2.77,3.02,5.79,30.88,0,0,a,,2025-26,2025,Callum_Hudson-Odoi,callumhudsonodoi,hudsonodoi,Nott'm Forest,NFO,,3.3225806451612905,0.6403508771929824,False
483,Dan,Ndoye,Ndoye,18,3,55,0.5,0.0,2.1,1167,1,2,2,1.05,1.51,2.56,15.96,0,0,a,,2025-26,2025,Dan_Ndoye,danndoye,ndoye,Nott'm Forest,NFO,,,,False
484,Omari,Hutchinson,Hutchinson,18,3,55,0.2,0.0,2.6,1676,1,7,6,2.01,3.87,5.88,24.42,0,0,a,,2025-26,2025,Omari_Hutchinson,omarihutchinson,hutchinson,Nott'm Forest,NFO,,,,False
485,Dilane,Bakwa,Bakwa,18,3,55,0.0,0.0,1.9,549,0,2,2,0.54,1.01,1.55,10.94,0,0,a,,2025-26,2025,Dilane_Bakwa,dilanebakwa,bakwa,Nott'm Forest,NFO,,,,False
486,James,McAtee,McAtee,18,3,55,0.0,0.0,1.2,288,0,1,0,0.18,0.37,0.55,7.34,0,0,a,,2025-26,2025,James_McAtee,jamesmcatee,mcatee,Nott'm Forest,NFO,,2.066666666666667,0.09941520467836257,False
487,Nicolás,Domínguez,Dominguez,18,3,50,0.1,0.0,1.8,1168,1,1,3,1.47,0.77,2.24,23.21,0,0,a,,2025-26,2025,Nicolás_Domínguez,nicolsdomnguez,dominguez,Nott'm Forest,NFO,,1.588235294117647,0.571345029239766,False
488,Ibrahim,Sangaré,Sangaré,18,3,50,1.1,0.0,3.2,2073,2,2,8,1.16,1.80,2.96,33.17,0,0,a,,2025-26,2025,Ibrahim_Sangaré,ibrahimsangar,sangar,Nott'm Forest,NFO,,1.5384615384615385,0.17076023391812867,False
489,Ryan,Yates,Yates,18,3,45,3.5,0.0,1.4,602,0,2,0,0.49,0.37,0.86,8.56,0,0,i,Unspecified injury - Unknown return date,2025-26,2025,Ryan_Yates,ryanyates,yates,Nott'm Forest,NFO,,1.9142857142857144,0.5558479532163743,False
490,Chris,Wood,Wood,18,4,60,1.8,0.0,2.7,896,3,0,2,4.29,0.32,4.61,14.44,0,0,a,,2025-26,2025,Chris_Wood,chriswood,wood,Nott'm Forest,NFO,,5.555555555555555,0.8649122807017544,False
491,Igor Jesus,Maciel da Cruz,Igor Jesus,18,4,60,4.7,0.0,3.1,2293,6,6,9,6.48,1.26,7.74,38.77,0,0,a,,2025-26,2025,Igor Jesus_Maciel da Cruz,igorjesusmacieldacruz,igorjesus,Nott'm Forest,NFO,,,,False
493,Arnaud,Kalimuendo,Kalimuendo,18,4,55,0.0,0.0,1.0,89,0,0,0,0.44,0.02,0.46,1.57,0,0,a,,2025-26,2025,Arnaud_Kalimuendo,arnaudkalimuendo,kalimuendo,Nott'm Forest,NFO,,,,False
558,Xaver,Schlager,Schlager,18,3,50,0.1,0.0,0.0,0,0,0,0,0.00,0.00,0.00,0.00,0,0,a,,2025-26,2025,Xaver_Schlager,xaverschlager,schlager,Nott'm Forest,NFO,,,,False
581,Ousmane,Diomande,Diomande,18,2,55,0.7,0.0,0.0,0,0,0,0,0.00,0.00,0.00,0.00,0,0,a,,2025-26,2025,Ousmane_Diomande,ousmanediomande,diomande,Nott'm Forest,NFO,,,,False
590,Steven,Benda,Benda,18,1,45,0.0,0.0,0.0,0,0,0,0,0.00,0.00,0.00,0.00,0,0,a,,2025-26,2025,Steven_Benda,stevenbenda,benda,Nott'm Forest,NFO,,,0.0,False
112,Jan Paul,van Hecke,Van Hecke,19,2,50,9.3,0.0,4.1,3210,3,3,10,3.31,1.57,4.87,46.27,0,0,a,,2025-26,2025,Jan Paul_van Hecke,janpaulvanhecke,vanhecke,Spurs,TOT,,2.5588235294117645,0.8654970760233918,False
455,Sandro,Tonali,Tonali,19,3,55,4.2,0.0,2.3,2534,0,2,7,1.75,2.87,4.62,36.19,0,0,a,,2025-26,2025,Sandro_Tonali,sandrotonali,tonali,Spurs,TOT,,2.9444444444444446,0.7675438596491229,False
494,Guglielmo,Vicario,Vicario,19,1,45,0.7,0.0,2.9,2790,0,0,7,0.00,0.04,0.04,46.21,0,0,u,Has joined Juventus on loan for the rest of the season,2025-26,2025,Guglielmo_Vicario,guglielmovicario,vicario,Spurs,TOT,,2.75,0.631578947368421,False
495,Brandon,Austin,Austin,19,1,40,0.8,0.0,0.0,0,0,0,0,0.00,0.00,0.00,0.00,0,0,a,,2025-26,2025,Brandon_Austin,brandonaustin,austin,Spurs,TOT,,1.0,0.02631578947368421,False
496,Antonín,Kinský,Kinsky,19,1,45,22.5,0.0,2.9,630,0,0,2,0.00,0.00,0.00,5.55,0,0,a,,2025-26,2025,Antonín_Kinský,antonnkinsk,kinsky,Spurs,TOT,,,,False
497,Martin,Dubravka,Dubravka,19,1,40,20.7,0.0,2.7,3150,0,0,4,0.00,0.04,0.04,71.26,0,0,a,,2025-26,2025,Martin_Dubravka,martindubravka,dubravka,Spurs,TOT,,,,False
498,Marcos,Senesi Barón,Senesi,19,2,60,8.8,0.0,4.7,3288,0,6,11,1.53,4.72,6.25,54.77,0,0,a,,2025-26,2025,Marcos_Senesi Barón,marcossenesibarn,senesi,Spurs,TOT,,,,False
499,Pedro,Porro Sauceda,Pedro Porro,19,2,55,22.7,0.0,3.4,2793,1,3,9,1.05,4.37,5.42,37.75,0,0,a,,2025-26,2025,Pedro_Porro Sauceda,pedroporrosauceda,pedroporro,Spurs,TOT,,,,False
500,Cristian,Romero,Romero,19,2,50,0.5,0.0,4.0,1869,4,1,5,1.39,1.25,2.64,28.32,0,0,u,Has joined Atletico Madrid permanently,2025-26,2025,Cristian_Romero,cristianromero,romero,Spurs,TOT,,2.7222222222222223,0.41403508771929826,False
501,Kevin,Danso,Danso,19,2,50,0.2,0.0,2.6,1489,0,0,4,0.62,0.28,0.90,20.15,0,0,a,,2025-26,2025,Kevin_Danso,kevindanso,danso,Spurs,TOT,,1.6,0.24619883040935672,False
502,Andrew,Robertson,Robertson,19,2,45,3.4,0.0,2.3,1165,1,0,4,1.10,1.40,2.49,17.44,0,0,a,,2025-26,2025,Andrew_Robertson,andrewrobertson,robertson,Spurs,TOT,,2.757575757575758,0.7248538011695906,False
503,Micky,van de Ven,Van de Ven,19,2,50,7.3,0.0,3.3,3041,4,1,9,2.82,0.38,3.20,42.99,0,0,a,,2025-26,2025,Micky_van de Ven,mickyvandeven,vandeven,Spurs,TOT,,2.4615384615384617,0.2964912280701754,False
505,Djed,Spence,Spence,19,2,45,2.0,0.0,2.6,2049,0,0,9,0.90,1.77,2.67,31.42,0,0,u,Has joined Internazionale permanently,2025-26,2025,Djed_Spence,djedspence,spence,Spurs,TOT,,2.04,0.5233918128654971,False
506,Destiny,Udogie,Udogie,19,2,45,0.5,0.0,1.4,1335,0,1,1,0.18,0.72,0.90,19.15,0,0,a,,2025-26,2025,Destiny_Udogie,destinyudogie,udogie,Spurs,TOT,,1.72,0.5622807017543859,False
507,Ashley,Phillips,Phillips,19,2,45,0.0,0.0,0.0,0,0,0,0,0.00,0.00,0.00,0.00,0,0,u,Has joined Middlesbrough permanently,2025-26,2025,Ashley_Phillips,ashleyphillips,phillips,Spurs,TOT,,,0.0,False
508,Ben,Davies,Davies,19,2,40,1.0,0.0,3.3,136,1,0,0,0.49,0.07,0.56,1.11,0,0,a,,2025-26,2025,Ben_Davies,bendavies,davies,Spurs,TOT,,1.6470588235294117,0.38859649122807016,False
509,Jun'ai,Byfield,Byfield,19,2,40,0.1,0.0,1.0,1,0,0,0,0.00,0.00,0.00,0.00,0,0,a,,2025-26,2025,Jun'ai_Byfield,junaibyfield,byfield,Spurs,TOT,,,,False
510,James,Rowswell,Rowswell,19,2,40,0.1,0.0,1.0,1,0,0,0,0.00,0.00,0.00,0.36,0,0,a,,2025-26,2025,James_Rowswell,jamesrowswell,rowswell,Spurs,TOT,,,,False
511,João Victor,de Souza Menezes,Souza,19,2,40,0.3,0.0,0.8,142,0,0,0,0.02,0.03,0.05,2.61,0,0,a,,2025-26,2025,João Victor_de Souza Menezes,joovictordesouzamenezes,souza,Spurs,TOT,,,,False
512,Mohammed,Kudus,Kudus,19,3,65,0.1,0.0,3.9,1535,2,6,7,1.92,2.41,4.33,22.74,0,0,d,Thigh injury - 75% chance of playing,2025-26,2025,Mohammed_Kudus,mohammedkudus,kudus,Spurs,TOT,,3.3125,0.7570175438596491,False
513,Xavi,Simons,Xavi,19,3,60,0.0,0.0,2.9,1747,2,5,4,3.06,3.85,6.91,30.71,0,0,i,Knee injury - Unknown return date,2025-26,2025,Xavi_Simons,xavisimons,xavi,Spurs,TOT,,,,False
514,Mathys,Tel,Tel,19,3,60,0.6,0.0,2.5,1334,4,2,3,2.47,2.43,4.89,17.29,0,0,a,,2025-26,2025,Mathys_Tel,mathystel,tel,Spurs,TOT,,3.230769230769231,0.2654970760233918,False
515,James,Maddison,Maddison,19,3,65,1.5,0.0,1.0,34,0,0,0,0.21,0.06,0.27,0.65,0,0,a,,2025-26,2025,James_Maddison,jamesmaddison,maddison,Spurs,TOT,,4.290322580645161,0.5260233918128655,False
516,Rodrigo,Bentancur,Bentancur,19,3,55,0.2,0.0,3.3,1880,1,1,8,0.72,0.84,1.56,23.65,0,0,a,,2025-26,2025,Rodrigo_Bentancur,rodrigobentancur,bentancur,Spurs,TOT,,1.8846153846153846,0.47953216374269003,False
517,Wilson,Odobert,Odobert,19,3,55,0.0,0.0,1.9,972,0,2,2,1.92,1.21,3.13,14.24,0,0,i,Knee injury - Unknown return date,2025-26,2025,Wilson_Odobert,wilsonodobert,odobert,Spurs,TOT,,2.125,0.24649122807017543,False
518,Pape Matar,Sarr,P.M.Sarr,19,3,50,0.4,0.0,2.7,1388,2,4,3,1.63,1.11,2.74,26.67,0,0,a,,2025-26,2025,Pape Matar_Sarr,papematarsarr,pmsarr,Spurs,TOT,,1.9722222222222223,0.5558479532163743,False
519,Conor,Gallagher,Gallagher,19,3,55,0.3,0.0,2.8,1183,1,1,2,1.23,0.70,1.93,19.03,0,0,a,,2025-26,2025,Conor_Gallagher,conorgallagher,gallagher,Spurs,TOT,,,0.0,False
520,Lucas,Bergvall,Bergvall,19,3,55,0.2,0.0,2.1,955,1,3,3,1.23,0.43,1.66,13.66,0,0,a,,2025-26,2025,Lucas_Bergvall,lucasbergvall,bergvall,Spurs,TOT,,1.6296296296296295,0.3508771929824561,False
521,Dejan,Kulusevski,Kulusevski,19,3,65,0.0,0.0,0.0,0,0,0,0,0.00,0.00,0.00,0.00,0,0,i,Knee injury - Unknown return date,2025-26,2025,Dejan_Kulusevski,dejankulusevski,kulusevski,Spurs,TOT,,3.65625,0.6976608187134503,False
522,Archie,Gray,Gray,19,3,50,0.2,0.0,2.5,1471,2,2,5,1.50,1.29,2.79,24.80,0,0,a,,2025-26,2025,Archie_Gray,archiegray,gray,Spurs,TOT,,1.6071428571428572,0.5116959064327485,False
523,Mikey,Moore,Moore,19,3,50,0.2,0.0,0.0,0,0,0,0,0.00,0.00,0.00,0.00,0,0,a,,2025-26,2025,Mikey_Moore,mikeymoore,moore,Spurs,TOT,,1.9,0.10497076023391813,False
524,Callum,Olusesi,Olusesi,19,3,45,0.8,0.0,1.0,14,0,0,0,0.00,0.01,0.01,0.75,0,0,a,,2025-26,2025,Callum_Olusesi,callumolusesi,olusesi,Spurs,TOT,,,0.0,False
525,Mateus,Fernandes,Fernandes,19,3,60,2.1,0.0,3.8,3017,3,4,8,1.99,2.96,4.95,48.30,0,0,a,,2025-26,2025,Mateus_Fernandes,mateusfernandes,fernandes,Spurs,TOT,,,,False
526,Dominic,Solanke-Mitchell,Solanke,19,4,60,1.6,0.0,2.7,997,3,0,0,2.97,0.34,3.30,17.80,0,0,a,,2025-26,2025,Dominic_Solanke-Mitchell,dominicsolankemitchell,solanke,Spurs,TOT,,4.0,0.6429824561403509,False
527,Richarlison,de Andrade,Richarlison,19,4,60,2.9,0.0,3.7,1954,11,4,7,8.64,1.46,10.10,25.64,0,0,a,,2025-26,2025,Richarlison_de Andrade,richarlisondeandrade,richarlison,Spurs,TOT,,2.3333333333333335,0.14532163742690057,False
528,Dane,Scarlett,Scarlett,19,4,45,1.7,0.0,1.0,7,0,0,0,0.00,0.01,0.01,0.03,0,0,a,,2025-26,2025,Dane_Scarlett,danescarlett,scarlett,Spurs,TOT,,2.0,0.009064327485380117,False
529,Robin,Roefs,Roefs,20,1,50,4.6,0.0,3.9,3150,0,0,10,0.00,0.10,0.10,50.05,0,0,a,,2025-26,2025,Robin_Roefs,robinroefs,roefs,Sunderland,SUN,,,,True
530,Anthony,Patterson,Patterson,20,1,40,0.3,0.0,0.0,0,0,0,0,0.00,0.00,0.00,0.00,0,0,u,Has joined Wrexham permanently,2025-26,2025,Anthony_Patterson,anthonypatterson,patterson,Sunderland,SUN,,,,True
531,Melker,Ellborg,Ellborg,20,1,45,0.1,0.0,5.3,270,0,0,1,0.00,0.02,0.02,4.10,0,0,a,,2025-26,2025,Melker_Ellborg,melkerellborg,ellborg,Sunderland,SUN,,,,True
532,Daniel,Ballard,Ballard,20,2,50,5.0,0.0,4.0,2144,2,2,6,2.46,0.63,3.09,33.20,0,0,a,,2025-26,2025,Daniel_Ballard,danielballard,ballard,Sunderland,SUN,,,,True
533,Nordi,Mukiele,Mukiele,20,2,55,2.2,0.0,4.7,2784,3,5,9,1.62,2.65,4.27,44.71,0,0,a,,2025-26,2025,Nordi_Mukiele,nordimukiele,mukiele,Sunderland,SUN,,,,True
534,Trai,Hume,Hume,20,2,45,6.3,0.0,2.9,3032,2,1,9,2.27,2.05,4.32,47.27,0,0,a,,2025-26,2025,Trai_Hume,traihume,hume,Sunderland,SUN,,,,True
535,Omar,Alderete,Alderete,20,2,50,0.3,0.0,3.8,2797,1,1,10,1.62,0.91,2.52,44.52,0,0,a,,2025-26,2025,Omar_Alderete,omaralderete,alderete,Sunderland,SUN,,,,True
536,Reinildo,Mandava,Reinildo,20,2,45,0.5,0.0,3.0,1966,0,2,6,0.13,0.62,0.75,26.72,0,0,a,,2025-26,2025,Reinildo_Mandava,reinildomandava,reinildo,Sunderland,SUN,,,,True
537,Jenson,Seelt,Seelt,20,2,45,0.0,0.0,1.0,133,0,0,0,0.00,0.01,0.01,1.33,0,0,a,,2025-26,2025,Jenson_Seelt,jensonseelt,seelt,Sunderland,SUN,,,,True
538,Leo Fuhr,Hjelde,Hjelde,20,2,40,0.1,0.0,0.0,0,0,0,0,0.00,0.00,0.00,0.00,0,0,u,Has joined KV Mechelen on loan for the rest of the season,2025-26,2025,Leo Fuhr_Hjelde,leofuhrhjelde,hjelde,Sunderland,SUN,,,,True
539,Luke,O'Nien,O'Nien,20,2,40,3.4,0.0,2.2,565,0,1,2,0.15,0.13,0.28,9.24,0,0,a,,2025-26,2025,Luke_O'Nien,lukeonien,onien,Sunderland,SUN,,,,True
540,Arthur,Masuaku,Masuaku,20,2,40,0.4,0.0,0.3,125,0,0,0,0.07,0.08,0.15,2.09,0,0,u,Has joined Konyaspor permanently,2025-26,2025,Arthur_Masuaku,arthurmasuaku,masuaku,Sunderland,SUN,,,,True
541,Thomas,Meunier,Meunier,20,2,45,0.3,0.0,0.0,0,0,0,0,0.00,0.00,0.00,0.00,0,0,a,,2025-26,2025,Thomas_Meunier,thomasmeunier,meunier,Sunderland,SUN,,,,True
542,Enzo,Le Fée,E.Le Fée,20,3,60,11.1,0.0,4.1,2930,5,6,10,5.22,5.95,11.17,46.50,0,0,a,,2025-26,2025,Enzo_Le Fée,enzolefe,elefe,Sunderland,SUN,,,,True
543,Habib,Diarra,Diarra,20,3,55,0.1,0.0,3.2,1403,2,6,5,3.27,0.85,4.12,21.52,0,0,a,,2025-26,2025,Habib_Diarra,habibdiarra,diarra,Sunderland,SUN,,,,True
544,Granit,Xhaka,Xhaka,20,3,55,4.5,0.0,3.6,2901,1,6,9,1.01,3.73,4.74,45.68,0,0,a,,2025-26,2025,Granit_Xhaka,granitxhaka,xhaka,Sunderland,SUN,,,,True
545,Noah,Sadiki,Sadiki,20,3,50,0.4,0.0,2.4,2891,0,2,9,1.43,1.46,2.89,41.39,0,0,a,,2025-26,2025,Noah_Sadiki,noahsadiki,sadiki,Sunderland,SUN,,,,True
546,Simon,Adingra,Adingra,20,3,50,0.2,0.0,2.4,649,1,1,4,0.35,0.62,0.97,11.30,0,0,i,Ankle injury - Unknown return date,2025-26,2025,Simon_Adingra,simonadingra,adingra,Sunderland,SUN,,2.0689655172413794,0.31608187134502924,True
547,Romaine,Mundle,Mundle,20,3,50,0.0,0.0,1.0,399,0,0,0,0.87,0.48,1.35,8.54,0,0,a,,2025-26,2025,Romaine_Mundle,romainemundle,mundle,Sunderland,SUN,,,,True
548,Chris,Rigg,Rigg,20,3,50,0.1,0.0,2.0,758,1,1,3,0.86,0.93,1.79,12.46,0,0,a,,2025-26,2025,Chris_Rigg,chrisrigg,rigg,Sunderland,SUN,,,,True
549,Chemsdine,Talbi,Talbi,20,3,55,0.2,0.0,3.0,1553,4,2,7,2.13,1.18,3.30,22.26,0,0,a,,2025-26,2025,Chemsdine_Talbi,chemsdinetalbi,talbi,Sunderland,SUN,,,,True
550,Djiamgone Jocelin Ta,Bi,Jocelin.T,20,3,50,0.0,0.0,1.0,38,0,0,0,0.00,0.04,0.04,0.24,0,0,a,,2025-26,2025,Djiamgone Jocelin Ta_Bi,djiamgonejocelintabi,jocelint,Sunderland,SUN,,,,True
551,Nilson,Angulo,Angulo,20,3,50,0.1,0.0,1.6,401,0,0,1,0.77,0.12,0.89,7.26,0,0,a,,2025-26,2025,Nilson_Angulo,nilsonangulo,angulo,Sunderland,SUN,,,,True
552,Brian,Brobbey,Brobbey,20,4,60,14.6,0.0,3.0,1920,7,2,6,6.02,0.67,6.69,31.40,0,0,a,,2025-26,2025,Brian_Brobbey,brianbrobbey,brobbey,Sunderland,SUN,,,,True
553,Wilson,Isidor,Isidor,20,4,55,1.1,0.0,2.3,1148,6,1,4,4.70,0.38,5.08,19.82,0,0,a,,2025-26,2025,Wilson_Isidor,wilsonisidor,isidor,Sunderland,SUN,,,,True
