gw,element,name,web_name,team_name,position,value,opponent_team_name,was_home,status,pred_decomposed_tuned
2,411,Erling_Haaland,Haaland,Man City,FWD,155,Crystal Palace,False,a,6.4700737
2,368,Dominik_Szoboszlai,Szoboszlai,Liverpool,MID,70,Nott'm Forest,True,a,6.4275665
2,427,Bryan_Mbeumo,Mbeumo,Man Utd,MID,80,Ipswich Town,True,a,5.759861
2,388,Marc_Guéhi,Guéhi,Man City,DEF,60,Crystal Palace,False,a,5.534487
2,40,Morgan_Rogers,Rogers,Chelsea,MID,75,Brighton,True,a,5.2872677
2,426,Bruno_Borges Fernandes,B.Fernandes,Man Utd,MID,120,Ipswich Town,True,a,5.2610474
2,4,Gabriel_dos Santos Magalhães,Gabriel,Arsenal,DEF,80,Aston Villa,False,a,5.238261
2,12,Bukayo_Saka,Saka,Arsenal,MID,95,Aston Villa,False,a,5.2335844
2,356,Virgil_van Dijk,Virgil,Liverpool,DEF,65,Nott'm Forest,True,a,5.042099
2,10,Benjamin_White,White,Arsenal,DEF,55,Aston Villa,False,a,4.926373
2,464,Yoane_Wissa,Wissa,Newcastle,FWD,60,Spurs,False,a,4.8875875
2,379,Alexander_Isak,Isak,Liverpool,FWD,90,Nott'm Forest,True,a,4.8568354
2,123,Jack_Hinshelwood,Hinshelwood,Brighton,MID,60,Chelsea,False,d,4.747902
2,115,Maxim_De Cuyper,De Cuyper,Brighton,DEF,46,Chelsea,False,a,4.734524
2,397,Antoine_Semenyo,Semenyo,Man City,MID,85,Crystal Palace,False,a,4.6306276
2,165,João Pedro_Junqueira de Jesus,João Pedro,Chelsea,FWD,76,Brighton,True,a,4.5898485
2,428,Matheus_Santos Carneiro da Cunha,Cunha,Man Utd,MID,80,Ipswich Town,True,a,4.583316
2,237,Iliman_Ndiaye,Ndiaye,Everton,MID,60,Bournemouth,False,a,4.4935303
2,106,Igor Thiago_Nascimento Rodrigues,Thiago,Brentford,FWD,80,Leeds,False,a,4.443986
2,569,Gonzalo_García,Gonzalo,Fulham,FWD,60,Sunderland,False,a,4.352083
2,8,Riccardo_Calafiori,Calafiori,Arsenal,DEF,56,Aston Villa,False,a,4.1768155
2,229,James_Tarkowski,Tarkowski,Everton,DEF,60,Bournemouth,False,a,4.165836
2,399,Rayan_Cherki,Cherki,Man City,MID,75,Crystal Palace,False,a,4.149032
2,557,Christos_Tzolis,Tzolis,Arsenal,MID,65,Aston Villa,False,a,4.1400867
2,1,David_Raya Martín,Raya,Arsenal,GK,60,Aston Villa,False,a,4.1211495
2,367,Cody_Gakpo,Gakpo,Liverpool,MID,70,Nott'm Forest,True,a,4.0912905
2,544,Granit_Xhaka,Xhaka,Sunderland,MID,55,Fulham,True,a,4.071531
2,15,Martin_Ødegaard,Ødegaard,Arsenal,MID,66,Aston Villa,False,a,4.0451694
2,316,Emersonn_Correia da Silva,Emersonn,Ipswich Town,FWD,55,Man Utd,False,a,4.03168
2,591,Julio_Enciso,Enciso,Ipswich Town,MID,55,Man Utd,False,a,4.0024195
2,236,Kiernan_Dewsbury-Hall,Dewsbury-Hall,Everton,MID,65,Bournemouth,False,a,3.9944186
2,498,Marcos_Senesi Barón,Senesi,Spurs,DEF,60,Newcastle,True,a,3.9932911
2,154,Cole_Palmer,Palmer,Chelsea,MID,95,Brighton,True,a,3.9798427
2,391,Joško_Gvardiol,Gvardiol,Man City,DEF,55,Crystal Palace,False,a,3.8929806
2,387,Nico_O'Reilly,O'Reilly,Man City,DEF,65,Crystal Palace,False,a,3.8809378
2,290,Regan_Slater,Slater,Hull City,MID,45,Coventry City,False,a,3.8689537
2,26,Kai_Havertz,Havertz,Arsenal,FWD,75,Aston Villa,False,a,3.8601906
2,249,Thierno_Barry,Barry,Everton,FWD,55,Bournemouth,False,a,3.8381143
2,384,Gianluigi_Donnarumma,Donnarumma,Man City,GK,55,Crystal Palace,False,a,3.8302267
2,366,Florian_Wirtz,Wirtz,Liverpool,MID,75,Nott'm Forest,True,a,3.8225212
2,350,Alisson_Becker,A.Becker,Liverpool,GK,55,Nott'm Forest,True,a,3.8100636
2,371,Ryan_Gravenberch,Gravenberch,Liverpool,MID,60,Nott'm Forest,True,a,3.79085
2,398,Phil_Foden,Foden,Man City,MID,70,Crystal Palace,False,a,3.7044146
2,230,Jarrad_Branthwaite,Branthwaite,Everton,DEF,55,Bournemouth,False,a,3.6684098
2,572,Konstantinos_Tzolakis,Tzolakis,Hull City,GK,45,Coventry City,False,a,3.6191797
2,295,Oli_McBurnie,McBurnie,Hull City,FWD,55,Coventry City,False,a,3.6152496
2,454,Anthony_Elanga,Elanga,Newcastle,MID,60,Spurs,False,a,3.6098764
2,226,Jordan_Pickford,Pickford,Everton,GK,55,Bournemouth,False,a,3.6054318
2,86,Keane_Lewis-Potter,Lewis-Potter,Brentford,MID,55,Leeds,False,a,3.6043606
2,534,Trai_Hume,Hume,Sunderland,DEF,45,Fulham,True,a,3.5915468
2,127,Diego_Gómez Amarilla,Gomez,Brighton,MID,50,Chelsea,False,a,3.5181613
2,362,Jeremy_Jacquet,Jacquet,Liverpool,DEF,50,Nott'm Forest,True,a,3.4928775
2,445,Malick_Thiaw,Thiaw,Newcastle,DEF,50,Spurs,False,a,3.466228
2,449,Lewis_Hall,Hall,Newcastle,DEF,50,Spurs,False,a,3.4638977
2,109,Bart_Verbruggen,Verbruggen,Brighton,GK,45,Chelsea,False,a,3.4632504
2,358,Milos_Kerkez,Kerkez,Liverpool,DEF,55,Nott'm Forest,True,a,3.4437501
2,68,Marcus_Tavernier,Tavernier,Bournemouth,MID,60,Everton,True,a,3.4364119
2,277,John_Egan,Egan,Hull City,DEF,40,Coventry City,False,a,3.431677
2,357,Jeremie_Frimpong,Frimpong,Liverpool,DEF,55,Nott'm Forest,True,a,3.3867528
2,198,Dean_Henderson,Henderson,Crystal Palace,GK,50,Man City,True,a,3.3756769
2,552,Brian_Brobbey,Brobbey,Sunderland,FWD,60,Fulham,True,a,3.375384
2,112,Jan Paul_van Hecke,Van Hecke,Spurs,DEF,50,Newcastle,True,a,3.3655677
2,268,Josh_King,King,Fulham,MID,55,Sunderland,False,a,3.325135
2,259,Issa_Diop,Diop,Ipswich Town,DEF,40,Man Utd,False,a,3.3165202
2,504,Luka_Vušković,Vuskovic,Brighton,DEF,50,Chelsea,False,a,3.310254
2,532,Daniel_Ballard,Ballard,Sunderland,DEF,50,Fulham,True,a,3.3050654
2,455,Sandro_Tonali,Tonali,Spurs,MID,55,Newcastle,True,a,3.2906966
2,11,Cristhian_Mosquera,Mosquera,Arsenal,DEF,55,Aston Villa,False,a,3.2580101
2,210,Adam_Wharton,Wharton,Crystal Palace,MID,55,Man City,True,a,3.2516632
2,418,Harry_Maguire,Maguire,Man Utd,DEF,50,Ipswich Town,True,a,3.2394526
2,202,Chris_Richards,Richards,Crystal Palace,DEF,50,Man City,True,a,3.2355523
2,447,Sven_Botman,Botman,Newcastle,DEF,50,Spurs,False,a,3.2116919
2,13,Declan_Rice,Rice,Arsenal,MID,75,Aston Villa,False,a,3.2012205
2,125,Georginio_Rutter,Georginio,Brighton,FWD,55,Chelsea,False,d,3.1825168
2,502,Andrew_Robertson,Robertson,Spurs,DEF,45,Newcastle,True,a,3.1574159
2,200,Maxence_Lacroix,Lacroix,Chelsea,DEF,60,Brighton,True,a,3.1571927
2,82,Caoimhín_Kelleher,Kelleher,Brentford,GK,50,Leeds,False,a,3.1537952
2,250,Bernd_Leno,Leno,Fulham,GK,45,Sunderland,False,a,3.1513984
2,390,Rúben_dos Santos Gato Alves Dias,Rúben,Man City,DEF,55,Crystal Palace,False,a,3.1452963
2,565,Mamadou_Sangaré,M.Sangaré,Brentford,MID,56,Leeds,False,a,3.1384428
2,393,Abdukodir_Khusanov,Khusanov,Man City,DEF,55,Crystal Palace,False,a,3.1199615
2,244,Harrison_Armstrong,Armstrong,Everton,MID,50,Bournemouth,False,a,3.1164563
2,529,Robin_Roefs,Roefs,Sunderland,GK,50,Fulham,True,a,3.1025457
2,98,Vitaly_Janelt,Janelt,Brentford,MID,50,Leeds,False,a,3.0982983
2,496,Antonín_Kinský,Kinsky,Spurs,GK,45,Newcastle,True,a,3.091017
2,79,Francisco Evanilson_de Lima Barbosa,Evanilson,Bournemouth,FWD,60,Everton,True,a,3.0781336
2,233,Vitalii_Mykolenko,Mykolenko,Everton,DEF,45,Bournemouth,False,a,3.0693927
2,567,Lukás_Hornícek,Horníček,Newcastle,GK,50,Spurs,False,a,3.0642977
2,536,Reinildo_Mandava,Reinildo,Sunderland,DEF,45,Fulham,True,a,3.0627713
2,453,Harvey_Barnes,Barnes,Newcastle,MID,60,Spurs,False,a,3.0602055
2,335,Anton_Stach,Stach,Leeds,MID,60,Brentford,True,a,3.0564358
2,514,Mathys_Tel,Tel,Spurs,MID,60,Newcastle,True,a,3.0518298
2,593,Amar_Dedic,Dedić,Newcastle,DEF,45,Spurs,False,a,3.0493472
2,130,Mats_Wieffer,Wieffer,Brighton,DEF,50,Chelsea,False,a,3.010324
2,214,Daichi_Kamada,Kamada,Crystal Palace,MID,50,Man City,True,a,3.0020702
2,124,Pascal_Groß,Groß,Brighton,MID,55,Chelsea,False,a,2.999706
2,258,Timothy_Castagne,Castagne,Fulham,DEF,45,Sunderland,False,a,2.9786193
2,586,Nobel_Mendy,Mendy,Hull City,DEF,40,Coventry City,False,a,2.9544392
2,94,Kevin_Schade,Schade,Brentford,MID,60,Leeds,False,a,2.9496164
2,305,Leif_Davis,Davis,Ipswich Town,DEF,40,Man Utd,False,a,2.9474952
2,542,Enzo_Le Fée,E.Le Fée,Sunderland,MID,60,Fulham,True,a,2.9460325
2,116,Lewis_Dunk,Dunk,Brighton,DEF,45,Chelsea,False,a,2.9429255
2,467,Matz_Sels,Sels,Nott'm Forest,GK,50,Liverpool,False,a,2.9427521
2,545,Noah_Sadiki,Sadiki,Sunderland,MID,50,Fulham,True,a,2.935589
2,286,Mohamed_Belloumi,Belloumi,Hull City,MID,50,Coventry City,False,a,2.9323533
2,403,Sávio_Moreira de Oliveira,Sávio,Spurs,MID,65,Newcastle,True,a,2.9283342
2,472,Murillo_Costa dos Santos,Murillo,Nott'm Forest,DEF,55,Liverpool,False,a,2.9241228
2,43,Youri_Tielemans,Tielemans,Man Utd,MID,60,Ipswich Town,True,a,2.9118237
2,412,Senne_Lammens,Lammens,Man Utd,GK,50,Ipswich Town,True,a,2.9113812
2,67,Rayan Vitor_Simplício Rocha,Rayan,Bournemouth,MID,65,Everton,True,a,2.909427
2,267,Saša_Lukić,Lukić,Ipswich Town,MID,50,Man Utd,False,a,2.894824
2,7,Myles_Lewis-Skelly,Lewis-Skelly,Arsenal,MID,55,Aston Villa,False,a,2.87123
2,84,Nathan_Collins,Collins,Brentford,DEF,55,Leeds,False,a,2.8643217
2,385,James_Trafford,Trafford,Leeds,GK,50,Brentford,True,a,2.8464844
2,346,Dominic_Calvert-Lewin,Calvert-Lewin,Leeds,FWD,60,Brentford,True,a,2.8412533
2,579,Ronald_Araujo,Araujo,Liverpool,DEF,55,Nott'm Forest,True,a,2.81888
2,282,Ryan_Giles,Giles,Hull City,DEF,40,Coventry City,False,a,2.8178875
2,541,Thomas_Meunier,Meunier,Sunderland,DEF,45,Fulham,True,a,2.7686229
2,289,Matt_Crooks,Crooks,Hull City,MID,45,Coventry City,False,a,2.7646449
2,261,Alex_Iwobi,Iwobi,Fulham,MID,55,Sunderland,False,a,2.761617
2,87,Kristoffer_Ajer,Ajer,Brentford,DEF,45,Leeds,False,a,2.7541142
2,564,Kjell_Scherpen,Scherpen,Ipswich Town,GK,45,Man Utd,False,a,2.7428532
2,264,Oscar_Bobb,Bobb,Fulham,MID,55,Sunderland,False,a,2.7334175
2,61,Adrien_Truffert,Truffert,Bournemouth,DEF,55,Everton,True,a,2.7214215
2,69,Alex_Scott,Scott,Bournemouth,MID,60,Everton,True,a,2.6956706
2,279,Semi_Ajayi,Ajayi,Hull City,DEF,40,Coventry City,False,a,2.6756592
2,41,Emiliano_Buendía Stati,Buendía,Aston Villa,MID,60,Arsenal,True,a,2.6716187
2,480,Morgan_Gibbs-White,Gibbs-White,Nott'm Forest,MID,80,Liverpool,False,a,2.666925
2,162,Andrey_Nascimento dos Santos,Andrey Santos,Man Utd,MID,50,Ipswich Town,True,a,2.6527946
2,377,Victor_Munoz,Munoz,Liverpool,MID,65,Nott'm Forest,True,a,2.6392324
2,527,Richarlison_de Andrade,Richarlison,Spurs,FWD,60,Newcastle,True,a,2.6212249
2,254,Antonee_Robinson,Robinson,Fulham,DEF,45,Sunderland,False,a,2.6158102
2,242,Tyrique_George,George,Everton,MID,55,Bournemouth,False,a,2.6054852
2,327,Jaka_Bijol,Bijol,Leeds,DEF,50,Brentford,True,a,2.604452
2,88,Michael_Kayode,Kayode,Brentford,DEF,46,Leeds,False,a,2.6040895
2,423,Luke_Shaw,Shaw,Man Utd,DEF,45,Ipswich Town,True,a,2.5930865
2,473,Ola_Aina,Aina,Nott'm Forest,DEF,45,Liverpool,False,a,2.591265
2,57,Đorđe_Petrović,Petrović,Bournemouth,GK,45,Everton,True,a,2.5900743
2,142,Reece_James,James,Chelsea,DEF,55,Brighton,True,a,2.5890474
2,204,Tyrick_Mitchell,Mitchell,Crystal Palace,DEF,45,Man City,True,a,2.5880082
2,522,Archie_Gray,Gray,Spurs,MID,50,Newcastle,True,a,2.5870917
2,70,Justin_Kluivert,Kluivert,Bournemouth,MID,60,Everton,True,a,2.5539238
2,257,Calvin_Bassey,Bassey,Fulham,DEF,45,Sunderland,False,a,2.536283
2,95,Dango_Ouattara,O.Dango,Brentford,MID,65,Leeds,False,a,2.5185435
2,429,Marcus_Rashford,Rashford,Man Utd,MID,70,Ipswich Town,True,a,2.5058687
2,471,Nikola_Milenković,Milenković,Nott'm Forest,DEF,55,Liverpool,False,a,2.49085
2,369,Rio_Ngumoha,Ngumoha,Liverpool,MID,60,Nott'm Forest,True,a,2.4881501
2,60,James_Hill,Hill,Bournemouth,DEF,55,Everton,True,a,2.4773564
2,224,Eddie_Nketiah,Nketiah,Crystal Palace,FWD,55,Man City,True,a,2.4752076
2,315,Abdul_Fatawu,Fatawu,Ipswich Town,MID,55,Man Utd,False,a,2.4510453
2,223,Jean-Philippe_Mateta,Mateta,Crystal Palace,FWD,65,Man City,True,a,2.4506447
2,203,Jaydee_Canvot,Canvot,Crystal Palace,DEF,50,Man City,True,a,2.4446166
2,491,Igor Jesus_Maciel da Cruz,Igor Jesus,Nott'm Forest,FWD,60,Liverpool,False,a,2.4358487
2,306,Jacob_Greaves,Greaves,Ipswich Town,DEF,40,Man Utd,False,a,2.4287171
2,140,Robert_Lynch Sánchez,Sánchez,Chelsea,GK,50,Brighton,True,a,2.4272103
2,459,Lewis_Miley,L.Miley,Newcastle,MID,55,Spurs,False,a,2.4252582
2,334,Tarik_Muharemović,Muharemović,Leeds,DEF,50,Brentford,True,a,2.418163
2,304,Dara_O'Shea,O'Shea,Ipswich Town,DEF,40,Man Utd,False,a,2.4144404
2,469,Neco_Williams,N.Williams,Nott'm Forest,DEF,50,Liverpool,False,a,2.4141662
2,439,Benjamin_Sesko,Šeško,Man Utd,FWD,70,Ipswich Town,True,a,2.3933675
2,201,Daniel_Muñoz Mejía,Muñoz,Crystal Palace,DEF,55,Man City,True,a,2.3718557
2,523,Mikey_Moore,Moore,Spurs,MID,50,Newcastle,True,a,2.36387
2,576,Elliot_Stroud,Stroud,Hull City,MID,50,Coventry City,False,a,2.3318238
2,309,Marcelino_Núñez,Núñez,Ipswich Town,MID,50,Man Utd,False,a,2.3051403
2,260,Harry_Wilson,Wilson,Leeds,MID,65,Brentford,True,a,2.3014598
2,114,Olivier_Boscagli,Boscagli,Brighton,DEF,45,Chelsea,False,a,2.2952213
2,45,John_McGinn,McGinn,Aston Villa,MID,55,Arsenal,True,a,2.292298
2,246,Merlin_Röhl,Röhl,Everton,MID,50,Bournemouth,False,a,2.2912097
2,486,James_McAtee,McAtee,Nott'm Forest,MID,55,Liverpool,False,a,2.2816806
2,247,Hayden_Hackney,Hackney,Everton,MID,55,Bournemouth,False,d,2.2749896
2,338,Ethan_Ampadu,Ampadu,Leeds,MID,55,Brentford,True,a,2.2653413
2,265,Sander_Berge,Berge,Fulham,MID,50,Sunderland,False,a,2.259562
2,422,Noussair_Mazraoui,Mazraoui,Man Utd,DEF,45,Ipswich Town,True,a,2.2337098
2,332,James_Justin,Justin,Leeds,DEF,45,Brentford,True,a,2.2193403
2,255,Jorge_Cuenca Barreno,J.Cuenca,Fulham,DEF,45,Sunderland,False,a,2.2159593
2,144,Malo_Gusto,Gusto,Chelsea,DEF,50,Brighton,True,a,2.209626
2,47,Boubacar_Kamara,Kamara,Aston Villa,MID,50,Arsenal,True,a,2.1647184
2,570,César_Palacios,Palacios,Fulham,MID,55,Sunderland,False,a,2.1614878
2,421,Ayden_Heaven,Heaven,Man Utd,DEF,45,Ipswich Town,True,a,2.158247
2,241,Dwight_McNeil,McNeil,Crystal Palace,MID,55,Man City,True,a,2.1512802
2,337,Brenden_Aaronson,Aaronson,Leeds,MID,55,Brentford,True,a,2.1021206
2,566,António João_Pereira de Albuquerque Tavares da Silva,Silva,Bournemouth,DEF,50,Everton,True,a,2.1016586
2,129,Yasin_Ayari,Ayari,Brighton,MID,55,Chelsea,False,a,2.099001
2,151,Josh_Acheampong,Acheampong,Chelsea,DEF,45,Brighton,True,a,2.0894709
2,329,Joe_Rodon,Rodon,Leeds,DEF,45,Brentford,True,a,2.0861852
2,539,Luke_O'Nien,O'Nien,Sunderland,DEF,40,Fulham,True,a,2.0618923
2,46,Ross_Barkley,Barkley,Aston Villa,MID,50,Arsenal,True,a,2.041411
2,330,Jayden_Bogle,Bogle,Leeds,DEF,45,Brentford,True,a,2.0351148
2,190,Loum_Tchaouna,Tchaouna,Coventry City,MID,55,Hull City,True,a,2.0071232
2,483,Dan_Ndoye,Ndoye,Nott'm Forest,MID,55,Liverpool,False,a,1.9868523
2,71,Lewis_Cook,Cook,Bournemouth,MID,50,Everton,True,a,1.940643
2,51,George_Hemmings,George Hemmings,Aston Villa,MID,45,Arsenal,True,a,1.9357461
2,460,Joe_Willock,Willock,Newcastle,MID,50,Spurs,False,a,1.9241319
2,184,Matt_Grimes,Grimes,Coventry City,MID,50,Hull City,True,a,1.8874987
2,195,Ellis_Simms,Simms,Coventry City,FWD,50,Hull City,True,a,1.8819841
2,97,Mathias_Jensen,Jensen,Brentford,MID,55,Leeds,False,a,1.866909
2,535,Omar_Alderete,Alderete,Sunderland,DEF,50,Fulham,True,a,1.8475348
2,389,Matheus_Nunes,Matheus N.,Man City,DEF,60,Crystal Palace,False,d,1.8438687
2,104,Frank_Onyeka,Onyeka,Coventry City,MID,50,Hull City,True,a,1.8413494
2,155,Enzo_Fernández,Enzo,Chelsea,MID,70,Brighton,True,a,1.8040197
2,588,Anan_Khalaili,Khalaili,Crystal Palace,DEF,50,Man City,True,a,1.798847
2,194,Brandon_Thomas-Asante,Thomas-Asante,Coventry City,FWD,50,Hull City,True,a,1.7984138
2,211,Yéremy_Pino Santos,Yeremy,Crystal Palace,MID,55,Man City,True,a,1.7906724
2,474,Jair_Paula da Cunha Filho,Jair Cunha,Nott'm Forest,DEF,45,Liverpool,False,a,1.7834154
2,280,Lewie_Coyle,Coyle,Hull City,DEF,40,Coventry City,False,a,1.7791805
2,372,Alexis_Mac Allister,Mac Allister,Liverpool,MID,55,Nott'm Forest,True,a,1.767704
2,432,Kobbie_Mainoo,Mainoo,Man Utd,MID,55,Ipswich Town,True,a,1.7616282
2,462,Sean_Steur,Steur,Newcastle,MID,50,Spurs,False,a,1.7272942
2,32,Matty_Cash,Cash,Aston Villa,DEF,45,Arsenal,True,a,1.7123795
2,562,Daizen_Maeda,Maeda,Ipswich Town,MID,55,Man Utd,False,a,1.705687
2,395,Rico_Lewis,Lewis,Man City,DEF,45,Crystal Palace,False,a,1.7015098
2,516,Rodrigo_Bentancur,Bentancur,Spurs,MID,55,Newcastle,True,a,1.6913043
2,149,Levi_Samuels Colwill,Colwill,Chelsea,DEF,50,Brighton,True,a,1.6285387
2,161,Roméo_Lavia,Lavia,Chelsea,MID,50,Brighton,True,a,1.6158437
2,520,Lucas_Bergvall,Bergvall,Spurs,MID,55,Newcastle,True,a,1.6080302
2,525,Mateus_Fernandes,Fernandes,Spurs,MID,60,Newcastle,True,a,1.5690062
2,519,Conor_Gallagher,Gallagher,Spurs,MID,55,Newcastle,True,a,1.5416276
2,575,Caleb_Yirenkyi,Yirenkyi,Coventry City,MID,50,Hull City,True,a,1.5273329
2,64,Adam_Smith,Smith,Bournemouth,DEF,45,Everton,True,a,1.5207655
2,42,Evann_Guessand,Guessand,Crystal Palace,MID,55,Man City,True,a,1.4823139
2,551,Nilson_Angulo,Angulo,Sunderland,MID,50,Fulham,True,a,1.4524324
2,481,Elliot_Anderson,Anderson,Man City,MID,64,Crystal Palace,False,a,1.4423748
2,188,Victor_Torp,Torp,Coventry City,MID,55,Hull City,True,a,1.4345541
2,446,Fabian_Schär,Schär,Newcastle,DEF,50,Spurs,False,a,1.4291112
2,14,Eberechi_Eze,Eze,Arsenal,MID,65,Aston Villa,False,a,1.3957133
2,490,Chris_Wood,Wood,Nott'm Forest,FWD,60,Liverpool,False,a,1.3842431
2,549,Chemsdine_Talbi,Talbi,Sunderland,MID,55,Fulham,True,a,1.379718
2,526,Dominic_Solanke-Mitchell,Solanke,Spurs,FWD,60,Newcastle,True,a,1.3766497
2,29,Marco_Bizot,M.Bizot,Aston Villa,GK,45,Arsenal,True,a,1.3733563
2,148,Jorrel_Hato,Hato,Chelsea,DEF,45,Brighton,True,a,1.36089
2,119,João Pedro_Loureiro da Costa,Costinha,Brighton,DEF,45,Chelsea,False,a,1.3471143
2,269,Ryan_Sessegnon,Sessegnon,Fulham,DEF,45,Sunderland,False,a,1.3410951
2,222,Jørgen_Strand Larsen,Strand Larsen,Crystal Palace,FWD,60,Man City,True,a,1.3274909
2,105,Jaidon_Anthony,Anthony,Brentford,MID,60,Leeds,False,a,1.3170776
2,238,Jack_Grealish,Grealish,Man City,MID,65,Crystal Palace,False,a,1.3168752
2,417,Diogo_Dalot Teixeira,Dalot,Man Utd,DEF,50,Ipswich Town,True,a,1.3141236
2,16,Noni_Madueke,Madueke,Arsenal,MID,64,Aston Villa,False,a,1.3093796
2,35,Lamare_Bogarde,Bogarde,Aston Villa,MID,50,Arsenal,True,a,1.3055726
2,173,Bobby_Thomas,Thomas,Coventry City,DEF,40,Hull City,True,a,1.3047359
2,36,Ian_Maatsen,Maatsen,Aston Villa,DEF,45,Arsenal,True,a,1.2972327
2,456,Jacob_Ramsey,J.Ramsey,Newcastle,MID,50,Spurs,False,a,1.282275
2,406,Mateo_Kovačić,Kovačić,Man City,MID,55,Crystal Palace,False,a,1.2812573
2,183,Jack_Rudoni,Rudoni,Coventry City,MID,50,Hull City,True,a,1.2792671
2,160,Alejandro_Garnacho Ferreyra,Garnacho,Aston Villa,MID,60,Arsenal,True,a,1.2779815
2,19,Martín_Zubimendi Ibáñez,Zubimendi,Arsenal,MID,55,Aston Villa,False,a,1.2774141
2,110,Carl_Rushworth,Rushworth,Coventry City,GK,45,Hull City,True,a,1.2754406
2,34,Pau_Torres,Pau,Aston Villa,DEF,45,Arsenal,True,a,1.2720503
2,156,Pedro_Lomba Neto,Neto,Chelsea,MID,65,Brighton,True,a,1.267499
2,543,Habib_Diarra,Diarra,Sunderland,MID,55,Fulham,True,a,1.2641468
2,401,Omar_Marmoush,Marmoush,Spurs,FWD,70,Newcastle,True,a,1.2581968
2,9,Piero_Hincapié,Hincapie,Arsenal,DEF,54,Aston Villa,False,a,1.253304
2,381,Lewis_Koumas,Koumas,Liverpool,MID,50,Nott'm Forest,True,a,1.2248586
2,263,Kevin_Santos Lopes de Macedo,Kevin,Fulham,MID,55,Sunderland,False,a,1.2219163
2,239,James_Garner,Garner,Everton,MID,60,Bournemouth,False,a,1.216613
2,209,Brennan_Johnson,Johnson,Everton,MID,60,Bournemouth,False,a,1.2115952
2,580,Shea_Charles,Charles,Fulham,MID,50,Sunderland,False,a,1.209832
2,583,Pep_Chavarría,Chavarria,Chelsea,DEF,50,Brighton,True,a,1.2075801
2,492,Taiwo_Awoniyi,Awoniyi,Coventry City,FWD,55,Hull City,True,a,1.1985855
2,175,Milan_van Ewijk,van Ewijk,Coventry City,DEF,40,Hull City,True,a,1.1704459
2,415,Patrick_Dorgu,Dorgu,Man Utd,MID,60,Ipswich Town,True,a,1.1649088
2,248,Norberto Bercique_Gomes Betuncal,Beto,Everton,FWD,55,Bournemouth,False,a,1.1354094
2,515,James_Maddison,Maddison,Spurs,MID,65,Newcastle,True,d,1.1289167
2,558,Xaver_Schlager,Schlager,Nott'm Forest,MID,50,Liverpool,False,a,1.1186165
2,336,Noah_Okafor,Okafor,Leeds,MID,60,Brentford,True,a,1.1142689
2,608,Daniel_Jebbison,Jebbison,Bournemouth,FWD,50,Everton,True,a,1.1140181
2,584,Gustavo_Hamer,Hamer,Coventry City,MID,55,Hull City,True,a,1.0915844
2,157,Estêvão_Almeida de Oliveira Gonçalves,Estêvão,Chelsea,MID,65,Brighton,True,a,1.0886121
2,17,Mikel_Merino Zazón,Merino,Arsenal,MID,60,Aston Villa,False,a,1.0818092
2,73,Tyler_Adams,Adams,Bournemouth,MID,50,Everton,True,a,1.0808675
2,553,Wilson_Isidor,Isidor,Sunderland,FWD,55,Fulham,True,a,1.074329
2,320,Chuba_Akpom,Akpom,Ipswich Town,FWD,50,Man Utd,False,a,1.0738634
2,577,Takehiro_Tomiyasu,Tomiyasu,Crystal Palace,DEF,45,Man City,True,a,1.0731655
2,102,Yehor_Yarmoliuk,Yarmoliuk,Brentford,MID,50,Leeds,False,a,1.065023
2,548,Chris_Rigg,Rigg,Sunderland,MID,50,Fulham,True,a,1.0482473
2,52,Alysson Edward Franco_da Rocha dos Santos,Alysson,Aston Villa,MID,50,Arsenal,True,a,1.0370541
2,33,Tyrone_Mings,Mings,Aston Villa,DEF,45,Arsenal,True,a,1.0343262
2,96,Mikkel_Damsgaard,Damsgaard,Brentford,MID,55,Leeds,False,a,1.0328677
2,559,Aladji_Bamba,Bamba,Newcastle,MID,50,Spurs,False,a,1.0266652
2,600,Ibrahim_Osman,Osman,Brighton,MID,50,Chelsea,False,a,1.0228034
2,506,Destiny_Udogie,Udogie,Spurs,DEF,45,Newcastle,True,a,1.0220319
2,135,Zadok_Yohanna,Yohanna,Brighton,MID,50,Chelsea,False,a,1.0195233
2,323,Kasey_McAteer,McAteer,Ipswich Town,MID,45,Man Utd,False,a,0.9867411
2,138,Charalampos_Kostoulas,Kostoulas,Brighton,FWD,55,Chelsea,False,a,0.9785072
2,37,Victor_Lindelöf,Lindelöf,Aston Villa,DEF,45,Arsenal,True,a,0.96192443
2,271,Rodrigo_Muniz Carvalho,Muniz,Fulham,FWD,55,Sunderland,False,a,0.9614132
2,182,Aurèle_Amenda,Amenda,Coventry City,DEF,40,Hull City,True,a,0.94766945
2,164,Geovany_Quenda,Quenda,Chelsea,MID,55,Brighton,True,a,0.94435614
2,435,Shea_Lacey,Lacey,Man Utd,MID,50,Ipswich Town,True,a,0.93511057
2,176,Jay_Dasilva,Dasilva,Coventry City,DEF,40,Hull City,True,a,0.92851937
2,243,Carlos_Alcaraz Durán,Alcaraz,Everton,MID,50,Bournemouth,False,a,0.92745477
2,585,Lucas_Herrington,Herrington,Hull City,DEF,40,Coventry City,False,a,0.91910243
2,76,Alex_Tóth,Tóth.A,Bournemouth,MID,50,Everton,True,a,0.91891974
2,321,Sindre_Walle Egeli,Walle Egeli,Ipswich Town,FWD,45,Man Utd,False,a,0.91736186
2,281,Cody_Drameh,Drameh,Hull City,DEF,40,Coventry City,False,a,0.8989842
2,313,Jack_Clarke,Clarke,Ipswich Town,MID,55,Man Utd,False,a,0.88741904
2,55,Ollie_Watkins,Watkins,Aston Villa,FWD,79,Arsenal,True,a,0.8686876
2,108,Callum_Wilson,Wilson,Brentford,FWD,55,Leeds,False,a,0.8673227
2,596,Matteo_Ruggeri,Ruggeri,Aston Villa,DEF,45,Arsenal,True,a,0.86189497
2,90,Aaron_Hickey,Hickey,Brentford,DEF,45,Leeds,False,a,0.8608333
2,285,Paddy_McNair,McNair,Hull City,DEF,40,Coventry City,False,a,0.8372402
2,478,Luca_Netz,Netz,Nott'm Forest,DEF,45,Liverpool,False,a,0.8263181
2,31,Ezri_Konsa Ngoyo,Konsa,Arsenal,DEF,45,Aston Villa,False,a,0.8148791
2,533,Nordi_Mukiele,Mukiele,Sunderland,DEF,55,Fulham,True,a,0.7767431
2,72,Ben_Gannon-Doak,Gannon-Doak,Bournemouth,MID,50,Everton,True,a,0.71213746
2,339,Sean_Longstaff,Longstaff,Leeds,MID,50,Brentford,True,a,0.69390863
2,25,Viktor_Gyökeres,Gyökeres,Arsenal,FWD,74,Aston Villa,False,a,0.6665612
2,592,Abdoul_Ouattara,Ouattara,Ipswich Town,DEF,40,Man Utd,False,a,0.65653735
2,605,Malick_Yalcouyé,Yalcouyé,Brighton,MID,45,Chelsea,False,a,0.65117
2,493,Arnaud_Kalimuendo,Kalimuendo,Nott'm Forest,FWD,55,Liverpool,False,a,0.63866055
2,556,Matt_Targett,Targett,Hull City,DEF,40,Coventry City,False,a,0.5516576
2,457,Jacob_Murphy,J.Murphy,Newcastle,MID,60,Spurs,False,a,0.5310973
2,253,Joachim_Andersen,Andersen,Fulham,DEF,50,Sunderland,False,a,0.52317214
2,499,Pedro_Porro Sauceda,Pedro Porro,Spurs,DEF,55,Newcastle,True,a,0.4756761
2,581,Ousmane_Diomande,Diomande,Nott'm Forest,DEF,55,Liverpool,False,a,0.43998903
2,419,Lisandro_Martínez,Martinez,Man Utd,DEF,50,Ipswich Town,True,a,0.42640167
2,392,Rayan_Aït-Nouri,Aït-Nouri,Man City,DEF,55,Crystal Palace,False,a,0.42020568
2,28,Emiliano_Martínez Romero,Martinez,Aston Villa,GK,50,Arsenal,True,a,0.4055025
2,159,Moisés_Caicedo Corozo,Caicedo,Chelsea,MID,55,Brighton,True,d,0.36340678
2,420,Leny_Yoro,Yoro,Man Utd,DEF,50,Ipswich Town,True,a,0.32866642
2,452,Bruno_Guimarães Rodriguez Moura,Bruno G.,Arsenal,MID,69,Aston Villa,False,d,0.31756854
2,256,Kenny_Tete,Tete,Fulham,DEF,45,Sunderland,False,a,0.31438583
2,152,Marco_Palestra,Palestra,Chelsea,DEF,55,Brighton,True,d,0.29931986
2,503,Micky_van de Ven,Van de Ven,Spurs,DEF,50,Newcastle,True,a,0.28931162
2,18,Gabriel_Martinelli Silva,Martinelli,Arsenal,MID,64,Aston Villa,False,a,0.2799132
2,442,Nick_Pope,Pope,Newcastle,GK,50,Spurs,False,a,0.27565002
2,431,Amad_Diallo,Amad,Man Utd,MID,59,Ipswich Town,True,d,0.26309532
2,231,Michael_Keane,Keane,Everton,DEF,50,Bournemouth,False,a,0.26234826
2,287,Liam_Millar,Millar,Hull City,MID,50,Coventry City,False,a,0.26046187
2,145,Wesley_Fofana,Fofana,Chelsea,DEF,50,Brighton,True,a,0.25856942
2,232,Jake_O'Brien,O'Brien,Everton,DEF,50,Bournemouth,False,a,0.255755
2,212,Will_Hughes,Hughes,Crystal Palace,MID,45,Man City,True,a,0.23944972
2,616,Ayyoub_Bouaddi,Bouaddi,Man City,MID,55,Crystal Palace,False,a,0.22359765
2,62,Bafodé_Diakité,Diakité,Bournemouth,DEF,50,Everton,True,a,0.22147304
2,328,Pascal_Struijk,Struijk,Brighton,DEF,50,Chelsea,False,a,0.21577898
2,373,Curtis_Jones,C.Jones,Liverpool,MID,55,Nott'm Forest,True,d,0.21538636
2,186,Ephron_Mason-Clark,Mason-Clark,Coventry City,MID,55,Hull City,True,a,0.21318257
2,611,Aaron_Wan-Bissaka,Wan-Bissaka,Aston Villa,DEF,45,Arsenal,True,a,0.2113531
2,597,Zion_Suzuki,Suzuki,Aston Villa,GK,50,Arsenal,True,a,0.20591456
2,501,Kevin_Danso,Danso,Spurs,DEF,50,Newcastle,True,a,0.20576271
2,44,Leon_Bailey,Bailey,Aston Villa,MID,55,Arsenal,True,a,0.2026476
2,364,Kostas_Tsimikas,Tsimikas,Liverpool,DEF,50,Nott'm Forest,True,a,0.20191513
2,463,Nick_Woltemade,Woltemade,Newcastle,FWD,60,Spurs,False,a,0.19535197
2,262,Emile_Smith Rowe,Smith Rowe,Fulham,MID,55,Sunderland,False,a,0.18916042
2,470,Felipe_Rodrigues da Silva,Morato,Nott'm Forest,DEF,50,Liverpool,False,a,0.18664911
2,38,Andrés_García,A.García,Aston Villa,DEF,40,Arsenal,True,a,0.16821417
2,136,Danny_Welbeck,Welbeck,Chelsea,FWD,60,Brighton,True,a,0.16804764
2,351,Giorgi_Mamardashvili,Mamardashvili,Liverpool,GK,50,Nott'm Forest,True,a,0.16772565
2,405,Nico_González Iglesias,N.Gonzalez,Newcastle,MID,55,Spurs,False,a,0.16757011
2,113,Ferdi_Kadıoğlu,F.Kadıoğlu,Brighton,DEF,45,Chelsea,False,a,0.16672365
2,153,Axel_Disasi,Disasi,Crystal Palace,DEF,45,Man City,True,a,0.16664512
2,430,Mason_Mount,Mount,Man Utd,MID,55,Ipswich Town,True,d,0.1653136
2,497,Martin_Dubravka,Dubravka,Spurs,GK,40,Newcastle,True,a,0.1620244
2,167,Liam_Delap,Delap,Nott'm Forest,FWD,55,Liverpool,False,a,0.16053891
2,20,Max_Dowman,Dowman,Arsenal,MID,54,Aston Villa,False,a,0.16026248
2,213,Jefferson_Lerma Solís,Lerma,Crystal Palace,MID,50,Man City,True,a,0.16016236
2,461,Bazoumana_Touré,Touré,Newcastle,MID,60,Spurs,False,a,0.1572696
2,512,Mohammed_Kudus,Kudus,Spurs,MID,65,Newcastle,True,d,0.15443784
2,482,Callum_Hudson-Odoi,Hudson-Odoi,Nott'm Forest,MID,60,Liverpool,False,a,0.1533846
2,158,Jamie_Bynoe-Gittens,Gittens,Chelsea,MID,60,Brighton,True,a,0.1503698
2,22,Ethan_Nwaneri,Nwaneri,Arsenal,MID,55,Aston Villa,False,a,0.14949338
2,27,Gabriel_Fernando de Jesus,G.Jesus,Arsenal,FWD,60,Aston Villa,False,a,0.14895658
2,24,Reiss_Nelson,Nelson,Arsenal,MID,55,Aston Villa,False,a,0.14826493
2,101,Jordan_Henderson,Henderson,Chelsea,MID,50,Brighton,True,d,0.1456162
2,23,Fábio_Ferreira Vieira,Fábio Vieira,Arsenal,MID,55,Aston Villa,False,a,0.1395362
2,383,Harvey_Elliott,Elliott,Liverpool,MID,55,Nott'm Forest,True,a,0.13683449
2,120,Michael_Svoboda,Svoboda,Brighton,DEF,50,Chelsea,False,a,0.13492115
2,587,Gerónimo_Rulli,Rulli,Man City,GK,50,Crystal Palace,False,a,0.13441199
2,185,Tatsuhiro_Sakamoto,Sakamoto,Coventry City,MID,50,Hull City,True,a,0.13289376
2,187,Josh_Eccles,Eccles,Coventry City,MID,50,Hull City,True,a,0.13190775
2,325,Karl_Darlow,Darlow,Man Utd,GK,45,Ipswich Town,True,a,0.13187292
2,484,Omari_Hutchinson,Hutchinson,Nott'm Forest,MID,55,Liverpool,False,a,0.1311618
2,166,Nicolas_Jackson,N.Jackson,Chelsea,FWD,65,Brighton,True,a,0.1289864
2,218,Cheick_Doucouré,Doucouré,Crystal Palace,MID,50,Man City,True,a,0.12691979
2,571,Florentino Ibrain_Morris Luís,Florentino,Ipswich Town,MID,50,Man Utd,False,d,0.12615654
2,215,Justin_Devenny,Devenny,Crystal Palace,MID,50,Man City,True,a,0.12559445
2,440,Joshua_Zirkzee,Zirkzee,Man Utd,FWD,55,Ipswich Town,True,a,0.12552771
2,147,Tosin_Adarabioyo,Tosin,Chelsea,DEF,45,Brighton,True,a,0.12547465
2,607,Luka_Lynch,Lynch,Aston Villa,MID,45,Arsenal,True,a,0.12526958
2,595,Zavier_Gozo,Gozo,Crystal Palace,MID,50,Man City,True,a,0.12389594
2,207,Oscar_Mingueza,Mingueza,Crystal Palace,DEF,45,Man City,True,a,0.12382945
2,219,Jesurun_Rak-Sakyi,J.Rak-Sakyi,Crystal Palace,MID,50,Man City,True,a,0.123364605
2,217,Matheus_França de Oliveira,M.França,Crystal Palace,MID,50,Man City,True,a,0.12216587
2,74,David_Brooks,Brooks,Bournemouth,MID,50,Everton,True,a,0.1213652
2,436,Toby_Collyer,Collyer,Man Utd,MID,50,Ipswich Town,True,a,0.12125326
2,2,Kepa_Arrizabalaga Revuelta,Arrizabalaga,Arsenal,GK,50,Aston Villa,False,a,0.11982978
2,50,Bradley_Burrowes,Burrowes,Aston Villa,MID,45,Arsenal,True,a,0.1183039
2,270,Harrison_Reed,Reed,Fulham,MID,45,Sunderland,False,a,0.11802902
2,245,Tyler_Dibling,Dibling,Everton,MID,55,Bournemouth,False,a,0.117432736
2,606,Triston_Rowe,Rowe,Aston Villa,DEF,40,Arsenal,True,a,0.11710678
2,374,Endo_Wataru,Endo,Liverpool,MID,50,Nott'm Forest,True,a,0.116610534
2,547,Romaine_Mundle,Mundle,Sunderland,MID,50,Fulham,True,a,0.11505778
2,205,Borna_Sosa,Sosa,Crystal Palace,DEF,45,Man City,True,a,0.11488109
2,272,Jonah_Kusi-Asare,Kusi-Asare,Fulham,FWD,45,Sunderland,False,a,0.11285152
2,487,Nicolás_Domínguez,Dominguez,Nott'm Forest,MID,50,Liverpool,False,a,0.112521484
2,75,Ryan_Christie,Christie,Bournemouth,MID,50,Everton,True,a,0.11232111
2,91,Ethan_Pinnock,Pinnock,Coventry City,DEF,45,Hull City,True,a,0.11197652
2,568,Valentín_Barco,Barco,Chelsea,MID,55,Brighton,True,a,0.11154124
2,434,Jack_Fletcher,J.Fletcher,Man Utd,MID,50,Ipswich Town,True,a,0.11028363
2,578,Mykhailo_Mudryk,Mudryk,Chelsea,MID,55,Brighton,True,a,0.10909637
2,216,Romain_Esse,Esse,Crystal Palace,MID,50,Man City,True,a,0.109087646
2,227,Mark_Travers,Travers,Everton,GK,50,Bournemouth,False,a,0.10865821
2,192,Kai_Andrews,Andrews,Coventry City,MID,45,Hull City,True,a,0.108515196
2,56,Tammy_Abraham,Abraham,Aston Villa,FWD,55,Arsenal,True,d,0.10790327
2,396,Vitor_de Oliveira Nunes dos Reis,Vitor Reis,Man City,DEF,45,Crystal Palace,False,a,0.10700265
2,550,Djiamgone Jocelin Ta_Bi,Jocelin.T,Sunderland,MID,50,Fulham,True,a,0.10642481
2,537,Jenson_Seelt,Seelt,Sunderland,DEF,45,Fulham,True,a,0.105582304
2,613,Jules_Ahoka,Ahoka,Sunderland,MID,45,Fulham,True,a,0.10365316
2,610,Luc_De Fougerolles,De Fougerolles,Fulham,DEF,40,Sunderland,False,d,0.10335375
2,375,Trey_Nyoni,Nyoni,Liverpool,MID,50,Nott'm Forest,True,a,0.102607906
2,3,Illan_Meslier,Meslier,Arsenal,GK,50,Aston Villa,False,a,0.102579586
2,81,Álvaro_Rodríguez,Rodríguez,Bournemouth,FWD,60,Everton,True,a,0.10164234
2,234,Nathan_Patterson,Patterson,Everton,DEF,45,Bournemouth,False,a,0.10152539
2,172,Ben_Wilson,Wilson,Coventry City,GK,45,Hull City,True,a,0.100513
2,573,Juanlu_Sánchez,Sanchez,Bournemouth,DEF,45,Everton,True,a,0.10000996
2,126,Matt_O'Riley,O'Riley,Brighton,MID,55,Chelsea,False,a,0.09951761
2,594,Promise_David,David,Brighton,FWD,60,Chelsea,False,a,0.099119596
2,150,Mamadou_Sarr,M.Sarr,Chelsea,DEF,45,Brighton,True,a,0.09813689
2,407,Claudio_Echeverri,Echeverri,Man City,MID,50,Crystal Palace,False,a,0.0971746
2,410,Jeremy_Monga,Monga,Man City,MID,50,Crystal Palace,False,a,0.097055756
2,443,Mark_Gillespie,Gillespie,Newcastle,GK,45,Spurs,False,a,0.09686366
2,444,Ewen_Jaouen,Jaouen,Newcastle,GK,45,Spurs,False,a,0.09646725
2,189,George_Shepherd,Shepherd,Coventry City,MID,45,Hull City,True,a,0.09616539
2,508,Ben_Davies,Davies,Spurs,DEF,40,Newcastle,True,a,0.09522127
2,301,Alex_Palmer,Palmer,Ipswich Town,GK,40,Man Utd,False,a,0.094117895
2,191,Raphael_Borges Rodrigues,Borges Rodrigues,Coventry City,MID,45,Hull City,True,a,0.093714476
2,386,Marcus_Bettinelli,Bettinelli,Man City,GK,45,Crystal Palace,False,a,0.092046775
2,58,Fraser_Forster,Forster,Bournemouth,GK,40,Everton,True,a,0.090530604
2,111,Jason_Steele,Steele,Brighton,GK,40,Chelsea,False,a,0.090341926
2,528,Dane_Scarlett,Scarlett,Spurs,FWD,45,Newcastle,True,a,0.08999229
2,561,Aaron_Anselmino,Anselmino,Chelsea,DEF,45,Brighton,True,a,0.089546345
2,555,Remi_Matthews,Matthews,Crystal Palace,GK,40,Man City,True,a,0.08735548
2,590,Steven_Benda,Benda,Nott'm Forest,GK,45,Liverpool,False,a,0.08577688
2,601,Luca_Williams-Barnett,Williams-Barnett,Spurs,MID,45,Newcastle,True,a,0.08575842
2,609,Leo_Shahar,Shahar,Newcastle,DEF,40,Spurs,False,a,0.08550256
2,599,Sidiki_Cherif,Cherif,Coventry City,FWD,50,Hull City,True,a,0.085250534
2,251,Benjamin_Lecomte,Lecomte,Fulham,GK,40,Sunderland,False,a,0.08461304
2,345,Tanaka_Ao,Tanaka,Leeds,MID,50,Brentford,True,a,0.08386428
2,438,Tyler_Fletcher,Fletcher,Man Utd,MID,45,Ipswich Town,True,a,0.08347764
2,89,Rico_Henry,Henry,Brentford,DEF,45,Leeds,False,a,0.08342606
2,424,Harry_Amass,Amass,Man Utd,DEF,40,Ipswich Town,True,a,0.08314112
2,174,Liam_Kitching,Kitching,Coventry City,DEF,40,Hull City,True,a,0.08272911
2,171,Oliver_Dovin,Dovin,Coventry City,GK,40,Hull City,True,a,0.0827062
2,314,Chiedozie_Ogbene,Ogbene,Ipswich Town,MID,50,Man Utd,False,a,0.08257125
2,324,Anis_Mehmeti,Mehmeti,Ipswich Town,MID,50,Man Utd,False,a,0.08256649
2,524,Callum_Olusesi,Olusesi,Spurs,MID,45,Newcastle,True,a,0.08248544
2,352,Freddie_Woodman,Woodman,Liverpool,GK,40,Nott'm Forest,True,a,0.082072645
2,437,Bendito_Mantato,Bendito Mantato,Man Utd,MID,45,Ipswich Town,True,a,0.08099513
2,117,Diego_Coppola,Coppola,Brighton,DEF,45,Chelsea,False,a,0.08029809
2,511,João Victor_de Souza Menezes,Souza,Spurs,DEF,40,Newcastle,True,a,0.07988627
2,178,Jake_Bidwell,Bidwell,Coventry City,DEF,40,Hull City,True,a,0.07979746
2,343,Daniel_James,James,Leeds,MID,50,Brentford,True,a,0.079661205
2,614,Jaouen_Hadjam,Hadjam,Brighton,DEF,45,Chelsea,False,a,0.0796059
2,118,Igor Julio_dos Santos de Paulo,Igor,Brighton,DEF,45,Chelsea,False,a,0.07926726
2,531,Melker_Ellborg,Ellborg,Sunderland,GK,45,Fulham,True,a,0.07819322
2,221,Joél_Drakes-Thomas,Drakes-Thomas,Crystal Palace,MID,45,Man City,True,a,0.078103624
2,181,Miguel_Brau,Brau,Coventry City,DEF,40,Hull City,True,a,0.07736871
2,361,Wellity_Lucky,Lucky,Liverpool,DEF,40,Nott'm Forest,True,a,0.07680303
2,179,Joel_Latibeaudiere,Latibeaudiere,Coventry City,DEF,40,Hull City,True,a,0.07665979
2,495,Brandon_Austin,Austin,Spurs,GK,40,Newcastle,True,a,0.075847775
2,300,Christian_Walton,Walton,Ipswich Town,GK,45,Man Utd,False,a,0.075778864
2,252,Alfie_McNally,McNally,Fulham,GK,40,Sunderland,False,a,0.07520179
2,228,Tom_King,King,Everton,GK,45,Bournemouth,False,a,0.07398499
2,378,James_McConnell,McConnell,Liverpool,MID,45,Nott'm Forest,True,a,0.07300834
2,441,Chido_Obi,Obi,Man Utd,FWD,45,Ipswich Town,True,a,0.07285244
2,468,John Victor_Maciel Furtado,John,Nott'm Forest,GK,45,Liverpool,False,a,0.07265115
2,296,David_Akintola,Akintola,Hull City,MID,50,Coventry City,False,a,0.072346
2,509,Jun'ai_Byfield,Byfield,Spurs,DEF,40,Newcastle,True,a,0.071297094
2,510,James_Rowswell,Rowswell,Spurs,DEF,40,Newcastle,True,a,0.0712604
2,615,Michele_Di Gregorio,Di Gregorio,Bournemouth,GK,45,Everton,True,a,0.07063305
2,574,Jens_Hjertø-Dahl,Hjertø-Dahl,Hull City,MID,50,Coventry City,False,a,0.0701482
2,489,Ryan_Yates,Yates,Nott'm Forest,MID,45,Liverpool,False,a,0.06947534
2,477,Zach_Abbott,Abbott,Nott'm Forest,DEF,40,Liverpool,False,a,0.069250435
2,292,Abdülkadir_Ömür,Ömür,Hull City,MID,50,Coventry City,False,a,0.06923877
2,589,Lucas_Gourna-Douath,Gourna-Douath,Hull City,MID,50,Coventry City,False,a,0.068931095
2,563,Hidemasa_Morita,Morita,Hull City,MID,50,Coventry City,False,a,0.06878037
2,560,Mike_Penders,Penders,Chelsea,GK,45,Brighton,True,a,0.06704803
2,476,Omar_Richards,O.Richards,Nott'm Forest,DEF,40,Liverpool,False,a,0.066646025
2,479,Tyler_Bindon,Bindon,Nott'm Forest,DEF,40,Liverpool,False,a,0.06655298
2,409,Divine_Mukasa,Mukasa,Man City,MID,45,Crystal Palace,False,a,0.066525675
2,199,Walter_Benítez,Benitez,Crystal Palace,GK,45,Man City,True,a,0.066083044
2,598,Nico_Elvedi,Elvedi,Leeds,DEF,45,Brentford,True,a,0.0658217
2,347,Lukas_Nmecha,Nmecha,Leeds,FWD,55,Brentford,True,a,0.06467331
2,602,Cameron_Humphreys,Humphreys,Ipswich Town,MID,45,Man Utd,False,a,0.06082866
2,303,Cédric_Kipré,Kipré,Ipswich Town,DEF,40,Man Utd,False,a,0.059121
2,66,Julio_Soler Barreto,Soler,Bournemouth,DEF,40,Everton,True,d,0.059069905
2,308,Darnell_Furlong,Furlong,Ipswich Town,DEF,40,Man Utd,False,a,0.058998432
2,604,Alfie_Cresswell,Cresswell,Leeds,MID,45,Brentford,True,a,0.05749776
2,307,Ben_Johnson,Johnson,Ipswich Town,DEF,40,Man Utd,False,a,0.056670982
2,326,Lucas Estella_Perri,Perri,Leeds,GK,45,Brentford,True,a,0.056183226
2,355,Harvey_Davies,Davies,Liverpool,GK,40,Nott'm Forest,True,a,0.05561077
2,163,Dário_Luís Essugo,D.Essugo,Chelsea,MID,45,Brighton,True,a,0.054528493
2,466,Sean_Neave,Neave,Newcastle,FWD,45,Spurs,False,a,0.05321927
2,273,Dillon_Phillips,Phillips,Hull City,GK,40,Coventry City,False,a,0.052358825
2,302,David_Button,Button,Ipswich Town,GK,40,Man Utd,False,a,0.051250525
2,103,Josh_Dasilva,Dasilva,Brentford,MID,50,Leeds,False,a,0.051206905
2,93,Jannik_Schuster,Schuster,Brentford,DEF,45,Leeds,False,a,0.051043972
2,288,Kieran_Dowell,Dowell,Hull City,MID,45,Coventry City,False,a,0.050788503
2,100,Fábio_Freitas Gouveia Carvalho,Carvalho,Brentford,MID,50,Leeds,False,a,0.05060003
2,92,Kim_Ji-soo,Ji-soo,Brentford,DEF,45,Leeds,False,a,0.04983086
2,235,Adam_Aznou,Aznou,Everton,DEF,40,Bournemouth,False,a,0.049552437
2,134,Nehemiah_Oriola,Oriola,Brighton,MID,45,Chelsea,False,a,0.048429955
2,284,Cathal_McCarthy,McCarthy,Hull City,DEF,40,Coventry City,False,a,0.047406714
2,83,Hákon Rafn_Valdimarsson,Valdimarsson,Brentford,GK,45,Leeds,False,a,0.04429159
2,168,Marc_Guiu Paz,Marc Guiu,Chelsea,FWD,50,Brighton,True,a,0.04407381
2,603,Jayden_Lienou,Lienou,Leeds,DEF,40,Brentford,True,a,0.042355817
2,170,Emmanuel_Emegha,Emegha,Chelsea,FWD,50,Brighton,True,a,0.039039876
2,107,Kaye_Furo,Furo,Brentford,FWD,45,Leeds,False,a,0.032941747
2,169,Shumaira_Mheuka,Mheuka,Chelsea,FWD,45,Brighton,True,a,0.02929781
2,5,Jurriën_Timber,J.Timber,Arsenal,DEF,65,Aston Villa,False,i,0.0
2,6,William_Saliba,Saliba,Arsenal,DEF,60,Aston Villa,False,i,0.0
2,21,Christian_Nørgaard,Nørgaard,Everton,MID,50,Bournemouth,False,i,0.0
2,30,Lucas_Digne,Digne,Aston Villa,DEF,45,Arsenal,True,u,0.0
2,39,Kosta_Nedeljkovic,Nedeljkovic,Aston Villa,DEF,40,Arsenal,True,u,0.0
2,48,Amadou_Onana,Onana,Aston Villa,MID,50,Arsenal,True,i,0.0
2,49,Samuel_Iling-Junior,Iling Jr,Aston Villa,MID,50,Arsenal,True,u,0.0
2,53,Johan_Manzambi,Manzambi,Aston Villa,MID,60,Arsenal,True,i,0.0
2,54,Joao_Gomes,Gomes,Aston Villa,MID,55,Arsenal,True,s,0.0
2,59,Will_Dennis,Dennis,Bournemouth,GK,40,Everton,True,u,0.0
2,63,Veljko_Milosavljevic,Milosavljević,Bournemouth,DEF,50,Everton,True,i,0.0
2,65,Julián_Araujo Zúñiga,J.Araujo,Bournemouth,DEF,45,Everton,True,i,0.0
2,77,Amine_Adli,Adli,Bournemouth,MID,50,Everton,True,i,0.0
2,78,Junior_Kroupi,Kroupi.Jr,Bournemouth,MID,75,Everton,True,i,0.0
2,80,Enes_Ünal,Enes Ünal,Bournemouth,FWD,55,Everton,True,u,0.0
2,85,Sepp_van den Berg,Van den Berg,Brentford,DEF,50,Leeds,False,i,0.0
2,99,Antoni_Milambo,Milambo,Brentford,MID,50,Leeds,False,i,0.0
2,121,Mitoma_Kaoru,Mitoma,Brighton,MID,60,Chelsea,False,i,0.0
2,122,Yankuba_Minteh,Minteh,Brighton,MID,60,Chelsea,False,i,0.0
2,128,Facundo_Buonanotte,Buonanotte,Brighton,MID,50,Chelsea,False,u,0.0
2,131,Carlos_Baleba,Baleba,Man Utd,MID,50,Ipswich Town,True,i,0.0
2,132,Harry_Howell,Howell,Brighton,MID,45,Chelsea,False,u,0.0
2,133,Tom_Watson,Watson,Brighton,MID,50,Chelsea,False,u,0.0
2,137,Stefanos_Tzimas,Tzimas,Brighton,FWD,55,Chelsea,False,i,0.0
2,139,Evan_Ferguson,Ferguson,Brighton,FWD,50,Chelsea,False,i,0.0
2,141,Filip_Jörgensen,Jörgensen,Chelsea,GK,50,Brighton,True,u,0.0
2,143,Trevoh_Chalobah,Chalobah,Chelsea,DEF,55,Brighton,True,u,0.0
2,146,Benoît_Badiashile Mukinayi,B.Badiashile,Chelsea,DEF,45,Brighton,True,u,0.0
2,177,Kaine_Kesler-Hayden,Kesler-Hayden,Coventry City,DEF,40,Hull City,True,i,0.0
2,180,Luke_Woolfenden,Woolfenden,Coventry City,DEF,40,Hull City,True,i,0.0
2,193,Haji_Wright,Wright,Coventry City,FWD,55,Hull City,True,i,0.0
2,196,Jahnoah_Markelo,Markelo,Coventry City,FWD,50,Hull City,True,u,0.0
2,197,Norman_Bassette,Bassette,Coventry City,FWD,45,Hull City,True,u,0.0
2,206,Chadi_Riad Dnanou,Chadi Riad,Crystal Palace,DEF,45,Man City,True,i,0.0
2,208,Ismaïla_Sarr,Sarr,Crystal Palace,MID,64,Man City,True,i,0.0
2,220,Rio_Cardines,Cardines,Crystal Palace,DEF,45,Man City,True,u,0.0
2,225,Christantus_Uche,Uche,Crystal Palace,FWD,50,Man City,True,u,0.0
2,240,Tim_Iroegbunam,Iroegbunam,Everton,MID,50,Bournemouth,False,i,0.0
2,266,Tom_Cairney,Cairney,Fulham,MID,50,Sunderland,False,i,0.0
2,274,Jack_Butland,Butland,Hull City,GK,45,Coventry City,False,i,0.0
2,275,Harvey_Cartwright,Cartwright,Hull City,GK,40,Coventry City,False,u,0.0
2,276,Thimothée_Lo-Tutala,Lo-Tutala,Hull City,GK,40,Coventry City,False,u,0.0
2,278,Charlie_Hughes,Hughes,Hull City,DEF,40,Coventry City,False,i,0.0
2,283,Matty_Jacob,Jacob,Hull City,DEF,40,Coventry City,False,i,0.0
2,291,Eliot_Matazo,Matazo,Hull City,MID,45,Coventry City,False,i,0.0
2,293,Abu_Kamara,Kamara,Hull City,MID,50,Coventry City,False,u,0.0
2,294,Óscar_Zambrano,Zambrano,Hull City,MID,45,Coventry City,False,i,0.0
2,297,Darko_Gyabi,Gyabi,Hull City,MID,45,Coventry City,False,i,0.0
2,298,Enis_Destan,Destan,Hull City,FWD,45,Coventry City,False,u,0.0
2,299,Mason_Burstow,Burstow,Hull City,FWD,45,Coventry City,False,u,0.0
2,310,Azor_Matusiwa,Matusiwa,Ipswich Town,MID,50,Man Utd,False,i,0.0
2,311,Wes_Burns,Burns,Ipswich Town,MID,50,Man Utd,False,u,0.0
2,312,Jack_Taylor,Taylor,Ipswich Town,MID,45,Man Utd,False,i,0.0
2,317,George_Hirst,Hirst,Ipswich Town,FWD,50,Man Utd,False,u,0.0
2,318,Jaden_Philogene,Philogene,Ipswich Town,MID,55,Man Utd,False,i,0.0
2,319,Sam_Szmodics,Szmodics,Ipswich Town,MID,50,Man Utd,False,u,0.0
2,322,Ali_Al-Hamadi,Al-Hamadi,Ipswich Town,FWD,50,Man Utd,False,u,0.0
2,331,Gabriel_Gudmundsson,Gudmundsson,Leeds,DEF,45,Brentford,True,i,0.0
2,333,Sebastiaan_Bornauw,Bornauw,Leeds,DEF,45,Brentford,True,u,0.0
2,340,Joe_Gelhardt,Gelhardt,Hull City,MID,50,Coventry City,False,i,0.0
2,341,Wilfried_Gnonto,Gnonto,Leeds,MID,50,Brentford,True,i,0.0
2,342,Jack_Harrison,Harrison,Leeds,MID,50,Brentford,True,u,0.0
2,344,Ilia_Gruev,Gruev,Leeds,MID,50,Brentford,True,i,0.0
2,348,Joël_Piroe,Piroe,Leeds,FWD,50,Brentford,True,u,0.0
2,349,Mateo_Joseph Fernández-Regatillo,Mateo Joseph,Leeds,FWD,45,Brentford,True,i,0.0
2,353,Armin_Pecsi,Pecsi,Liverpool,GK,40,Nott'm Forest,True,u,0.0
2,354,Vitezslav_Jaros,Jaros,Liverpool,GK,40,Nott'm Forest,True,i,0.0
2,359,Joe_Gomez,Gomez,Liverpool,DEF,50,Nott'm Forest,True,i,0.0
2,360,Conor_Bradley,Bradley,Liverpool,DEF,50,Nott'm Forest,True,i,0.0
2,363,Giovanni_Leoni,Leoni,Liverpool,DEF,40,Nott'm Forest,True,i,0.0
2,365,Calvin_Ramsay,Ramsay,Liverpool,DEF,40,Nott'm Forest,True,u,0.0
2,370,Federico_Chiesa,Chiesa,Liverpool,MID,55,Nott'm Forest,True,i,0.0
2,376,Stefan_Bajčetić Maquieira,Bajcetic,Liverpool,MID,50,Nott'm Forest,True,i,0.0
2,380,Hugo_Ekitiké,Ekitiké,Liverpool,FWD,75,Nott'm Forest,True,i,0.0
2,382,Jayden_Danns,Danns,Liverpool,FWD,45,Nott'm Forest,True,i,0.0
2,394,Max_Alleyne,Alleyne,Man City,DEF,50,Crystal Palace,False,u,0.0
2,400,Jérémy_Doku,Doku,Man City,MID,75,Crystal Palace,False,i,0.0
2,402,Rodrigo 'Rodri'_Hernandez Cascante,Rodrigo,Man City,MID,65,Crystal Palace,False,u,0.0
2,404,Tijjani_Reijnders,Reijnders,Man City,MID,60,Crystal Palace,False,u,0.0
2,408,Kalvin_Phillips,Phillips,Man City,MID,50,Crystal Palace,False,u,0.0
2,413,Altay_Bayındır,Bayindir,Man Utd,GK,45,Ipswich Town,True,u,0.0
2,414,Tom_Heaton,Heaton,Man Utd,GK,40,Ipswich Town,True,i,0.0
2,416,Matthijs_de Ligt,De Ligt,Man Utd,DEF,50,Ipswich Town,True,i,0.0
2,425,Tyler_Fredricson,Fredricson,Man Utd,DEF,40,Ipswich Town,True,u,0.0
2,433,Manuel_Ugarte Ribeiro,Ugarte,Man Utd,MID,50,Ipswich Town,True,i,0.0
2,448,Dan_Burn,Burn,Newcastle,DEF,50,Spurs,False,i,0.0
2,450,Tino_Livramento,Livramento,Newcastle,DEF,50,Spurs,False,i,0.0
2,451,Alex_Murphy,A.Murphy,Newcastle,DEF,40,Spurs,False,u,0.0
2,458,Joelinton Cássio_Apolinário de Lira,Joelinton,Newcastle,MID,55,Spurs,False,i,0.0
2,465,William_Osula,Osula,Newcastle,FWD,60,Spurs,False,i,0.0
2,475,Nicolò_Savona,Savona,Nott'm Forest,DEF,45,Liverpool,False,i,0.0
2,485,Dilane_Bakwa,Bakwa,Nott'm Forest,MID,55,Liverpool,False,u,0.0
2,488,Ibrahim_Sangaré,I.Sangaré,Nott'm Forest,MID,50,Liverpool,False,i,0.0
2,494,Guglielmo_Vicario,Vicario,Spurs,GK,45,Newcastle,True,u,0.0
2,500,Cristian_Romero,Romero,Spurs,DEF,50,Newcastle,True,u,0.0
2,505,Djed_Spence,Spence,Spurs,DEF,45,Newcastle,True,u,0.0
2,507,Ashley_Phillips,Phillips,Spurs,DEF,45,Newcastle,True,u,0.0
2,513,Xavi_Simons,Xavi,Spurs,MID,60,Newcastle,True,i,0.0
2,517,Wilson_Odobert,Odobert,Spurs,MID,55,Newcastle,True,i,0.0
2,518,Pape Matar_Sarr,P.M.Sarr,Spurs,MID,49,Newcastle,True,i,0.0
2,521,Dejan_Kulusevski,Kulusevski,Spurs,MID,65,Newcastle,True,i,0.0
2,530,Anthony_Patterson,Patterson,Sunderland,GK,40,Fulham,True,u,0.0
2,538,Leo Fuhr_Hjelde,Hjelde,Sunderland,DEF,40,Fulham,True,u,0.0
2,540,Arthur_Masuaku,Masuaku,Sunderland,DEF,40,Fulham,True,u,0.0
2,546,Simon_Adingra,Adingra,Sunderland,MID,50,Fulham,True,i,0.0
2,554,Kayne_van Oevelen,Van Oevelen,Ipswich Town,GK,45,Man Utd,False,u,0.0
2,582,Brian_Madjo,Madjo,Aston Villa,FWD,55,Arsenal,True,i,0.0
2,612,Dayann_Méthalie,Methalie,Sunderland,DEF,45,Fulham,True,s,0.0
3,411,Erling_Haaland,Haaland,Man City,FWD,155,Coventry City,True,a,6.7356253
3,388,Marc_Guéhi,Guéhi,Man City,DEF,60,Coventry City,True,a,6.431638
3,4,Gabriel_dos Santos Magalhães,Gabriel,Arsenal,DEF,80,Chelsea,True,a,5.6840487
3,368,Dominik_Szoboszlai,Szoboszlai,Liverpool,MID,70,Ipswich Town,False,a,5.664486
3,12,Bukayo_Saka,Saka,Arsenal,MID,95,Chelsea,True,a,5.343136
3,237,Iliman_Ndiaye,Ndiaye,Everton,MID,60,Man Utd,True,a,5.153639
3,397,Antoine_Semenyo,Semenyo,Man City,MID,85,Coventry City,True,a,5.116744
3,464,Yoane_Wissa,Wissa,Newcastle,FWD,60,Bournemouth,True,a,4.9766054
3,399,Rayan_Cherki,Cherki,Man City,MID,75,Coventry City,True,a,4.8558493
3,106,Igor Thiago_Nascimento Rodrigues,Thiago,Brentford,FWD,80,Sunderland,True,a,4.8455696
3,569,Gonzalo_García,Gonzalo,Fulham,FWD,60,Crystal Palace,True,a,4.7739224
3,86,Keane_Lewis-Potter,Lewis-Potter,Brentford,MID,55,Sunderland,True,a,4.7688737
3,40,Morgan_Rogers,Rogers,Chelsea,MID,75,Arsenal,False,a,4.7644315
3,379,Alexander_Isak,Isak,Liverpool,FWD,90,Ipswich Town,False,a,4.732042
3,123,Jack_Hinshelwood,Hinshelwood,Brighton,MID,60,Leeds,True,d,4.722971
3,10,Benjamin_White,White,Arsenal,DEF,55,Chelsea,True,a,4.719386
3,290,Regan_Slater,Slater,Hull City,MID,45,Aston Villa,True,a,4.498986
3,387,Nico_O'Reilly,O'Reilly,Man City,DEF,65,Coventry City,True,a,4.4633822
3,115,Maxim_De Cuyper,De Cuyper,Brighton,DEF,46,Leeds,True,a,4.4219303
3,426,Bruno_Borges Fernandes,B.Fernandes,Man Utd,MID,120,Everton,False,a,4.4158964
3,427,Bryan_Mbeumo,Mbeumo,Man Utd,MID,80,Everton,False,a,4.3248057
3,591,Julio_Enciso,Enciso,Ipswich Town,MID,55,Liverpool,True,a,4.3167143
3,391,Joško_Gvardiol,Gvardiol,Man City,DEF,55,Coventry City,True,a,4.315692
3,165,João Pedro_Junqueira de Jesus,João Pedro,Chelsea,FWD,76,Arsenal,False,a,4.2934384
3,229,James_Tarkowski,Tarkowski,Everton,DEF,60,Man Utd,True,a,4.253338
3,356,Virgil_van Dijk,Virgil,Liverpool,DEF,65,Ipswich Town,False,a,4.2191067
3,236,Kiernan_Dewsbury-Hall,Dewsbury-Hall,Everton,MID,65,Man Utd,True,a,4.1957
3,249,Thierno_Barry,Barry,Everton,FWD,55,Man Utd,True,a,4.1782813
3,398,Phil_Foden,Foden,Man City,MID,70,Coventry City,True,a,4.177434
3,316,Emersonn_Correia da Silva,Emersonn,Ipswich Town,FWD,55,Liverpool,True,a,4.1740947
3,557,Christos_Tzolis,Tzolis,Arsenal,MID,65,Chelsea,True,a,4.1517277
3,88,Michael_Kayode,Kayode,Brentford,DEF,46,Sunderland,True,a,4.1362686
3,98,Vitaly_Janelt,Janelt,Brentford,MID,50,Sunderland,True,a,4.0552793
3,565,Mamadou_Sangaré,M.Sangaré,Brentford,MID,56,Sunderland,True,a,4.0452776
3,1,David_Raya Martín,Raya,Arsenal,GK,60,Chelsea,True,a,4.0334635
3,26,Kai_Havertz,Havertz,Arsenal,FWD,75,Chelsea,True,a,3.9822688
3,295,Oli_McBurnie,McBurnie,Hull City,FWD,55,Aston Villa,True,a,3.9803324
3,15,Martin_Ødegaard,Ødegaard,Arsenal,MID,66,Chelsea,True,a,3.920701
3,94,Kevin_Schade,Schade,Brentford,MID,60,Sunderland,True,a,3.9147267
3,68,Marcus_Tavernier,Tavernier,Bournemouth,MID,60,Newcastle,False,a,3.8426757
3,84,Nathan_Collins,Collins,Brentford,DEF,55,Sunderland,True,a,3.8235657
3,8,Riccardo_Calafiori,Calafiori,Arsenal,DEF,56,Chelsea,True,a,3.818244
3,82,Caoimhín_Kelleher,Kelleher,Brentford,GK,50,Sunderland,True,a,3.77836
3,454,Anthony_Elanga,Elanga,Newcastle,MID,60,Bournemouth,True,a,3.7656565
3,472,Murillo_Costa dos Santos,Murillo,Nott'm Forest,DEF,55,Spurs,True,a,3.7656326
3,154,Cole_Palmer,Palmer,Chelsea,MID,95,Arsenal,False,a,3.7515202
3,268,Josh_King,King,Fulham,MID,55,Crystal Palace,True,a,3.7491057
3,572,Konstantinos_Tzolakis,Tzolakis,Hull City,GK,45,Aston Villa,True,a,3.7429693
3,230,Jarrad_Branthwaite,Branthwaite,Everton,DEF,55,Man Utd,True,a,3.736879
3,384,Gianluigi_Donnarumma,Donnarumma,Man City,GK,55,Coventry City,True,a,3.7368135
3,226,Jordan_Pickford,Pickford,Everton,GK,55,Man Utd,True,a,3.735579
3,367,Cody_Gakpo,Gakpo,Liverpool,MID,70,Ipswich Town,False,a,3.7313893
3,449,Lewis_Hall,Hall,Newcastle,DEF,50,Bournemouth,True,a,3.7031343
3,87,Kristoffer_Ajer,Ajer,Brentford,DEF,45,Sunderland,True,a,3.700483
3,445,Malick_Thiaw,Thiaw,Newcastle,DEF,50,Bournemouth,True,a,3.661963
3,498,Marcos_Senesi Barón,Senesi,Spurs,DEF,60,Nott'm Forest,False,a,3.6250525
3,277,John_Egan,Egan,Hull City,DEF,40,Aston Villa,True,a,3.6080883
3,586,Nobel_Mendy,Mendy,Hull City,DEF,40,Aston Villa,True,a,3.5796533
3,279,Semi_Ajayi,Ajayi,Hull City,DEF,40,Aston Villa,True,a,3.5585678
3,11,Cristhian_Mosquera,Mosquera,Arsenal,DEF,55,Chelsea,True,a,3.5501852
3,79,Francisco Evanilson_de Lima Barbosa,Evanilson,Bournemouth,FWD,60,Newcastle,False,a,3.4860904
3,127,Diego_Gómez Amarilla,Gomez,Brighton,MID,50,Leeds,True,a,3.4560912
3,390,Rúben_dos Santos Gato Alves Dias,Rúben,Man City,DEF,55,Coventry City,True,a,3.4546375
3,13,Declan_Rice,Rice,Arsenal,MID,75,Chelsea,True,a,3.4522529
3,473,Ola_Aina,Aina,Nott'm Forest,DEF,45,Spurs,True,a,3.4518
3,453,Harvey_Barnes,Barnes,Newcastle,MID,60,Bournemouth,True,a,3.4324327
3,244,Harrison_Armstrong,Armstrong,Everton,MID,50,Man Utd,True,a,3.383492
3,109,Bart_Verbruggen,Verbruggen,Brighton,GK,45,Leeds,True,a,3.3764534
3,447,Sven_Botman,Botman,Newcastle,DEF,50,Bournemouth,True,a,3.371952
3,250,Bernd_Leno,Leno,Fulham,GK,45,Crystal Palace,True,a,3.3604372
3,233,Vitalii_Mykolenko,Mykolenko,Everton,DEF,45,Man Utd,True,a,3.3540285
3,350,Alisson_Becker,A.Becker,Liverpool,GK,55,Ipswich Town,False,a,3.348827
3,61,Adrien_Truffert,Truffert,Bournemouth,DEF,55,Newcastle,False,a,3.3387856
3,467,Matz_Sels,Sels,Nott'm Forest,GK,50,Spurs,True,a,3.3017542
3,428,Matheus_Santos Carneiro da Cunha,Cunha,Man Utd,MID,80,Everton,False,a,3.2649963
3,593,Amar_Dedic,Dedić,Newcastle,DEF,45,Bournemouth,True,a,3.2564523
3,67,Rayan Vitor_Simplício Rocha,Rayan,Bournemouth,MID,65,Newcastle,False,a,3.2354953
3,258,Timothy_Castagne,Castagne,Fulham,DEF,45,Crystal Palace,True,a,3.2257268
3,95,Dango_Ouattara,O.Dango,Brentford,MID,65,Sunderland,True,a,3.2226083
3,393,Abdukodir_Khusanov,Khusanov,Man City,DEF,55,Coventry City,True,a,3.2202773
3,259,Issa_Diop,Diop,Ipswich Town,DEF,40,Liverpool,True,a,3.2000659
3,471,Nikola_Milenković,Milenković,Nott'm Forest,DEF,55,Spurs,True,a,3.1916208
3,504,Luka_Vušković,Vuskovic,Brighton,DEF,50,Leeds,True,a,3.182294
3,112,Jan Paul_van Hecke,Van Hecke,Spurs,DEF,50,Nott'm Forest,False,a,3.178196
3,371,Ryan_Gravenberch,Gravenberch,Liverpool,MID,60,Ipswich Town,False,a,3.173815
3,254,Antonee_Robinson,Robinson,Fulham,DEF,45,Crystal Palace,True,a,3.1510086
3,210,Adam_Wharton,Wharton,Crystal Palace,MID,55,Fulham,False,a,3.1507497
3,496,Antonín_Kinský,Kinsky,Spurs,GK,45,Nott'm Forest,False,a,3.1295958
3,366,Florian_Wirtz,Wirtz,Liverpool,MID,75,Ipswich Town,False,a,3.1264331
3,305,Leif_Davis,Davis,Ipswich Town,DEF,40,Liverpool,True,a,3.1117496
3,491,Igor Jesus_Maciel da Cruz,Igor Jesus,Nott'm Forest,FWD,60,Spurs,True,a,3.110209
3,567,Lukás_Hornícek,Horníček,Newcastle,GK,50,Bournemouth,True,a,3.1101646
3,480,Morgan_Gibbs-White,Gibbs-White,Nott'm Forest,MID,80,Spurs,True,a,3.1054592
3,198,Dean_Henderson,Henderson,Crystal Palace,GK,50,Fulham,False,a,3.092768
3,267,Saša_Lukić,Lukić,Ipswich Town,MID,50,Liverpool,True,a,3.0866575
3,202,Chris_Richards,Richards,Crystal Palace,DEF,50,Fulham,False,a,3.0844672
3,564,Kjell_Scherpen,Scherpen,Ipswich Town,GK,45,Liverpool,True,a,3.0783303
3,7,Myles_Lewis-Skelly,Lewis-Skelly,Arsenal,MID,55,Chelsea,True,a,3.0691886
3,469,Neco_Williams,N.Williams,Nott'm Forest,DEF,50,Spurs,True,a,3.068796
3,282,Ryan_Giles,Giles,Hull City,DEF,40,Aston Villa,True,a,3.0591626
3,57,Đorđe_Petrović,Petrović,Bournemouth,GK,45,Newcastle,False,a,3.0577333
3,261,Alex_Iwobi,Iwobi,Fulham,MID,55,Crystal Palace,True,a,3.045463
3,125,Georginio_Rutter,Georginio,Brighton,FWD,55,Leeds,True,d,3.0248933
3,124,Pascal_Groß,Groß,Brighton,MID,55,Leeds,True,a,3.018603
3,286,Mohamed_Belloumi,Belloumi,Hull City,MID,50,Aston Villa,True,a,3.0164013
3,242,Tyrique_George,George,Everton,MID,55,Man Utd,True,a,2.9932306
3,60,James_Hill,Hill,Bournemouth,DEF,55,Newcastle,False,a,2.9809823
3,130,Mats_Wieffer,Wieffer,Brighton,DEF,50,Leeds,True,a,2.978341
3,257,Calvin_Bassey,Bassey,Fulham,DEF,45,Crystal Palace,True,a,2.9720483
3,455,Sandro_Tonali,Tonali,Spurs,MID,55,Nott'm Forest,False,a,2.967048
3,69,Alex_Scott,Scott,Bournemouth,MID,60,Newcastle,False,a,2.9577672
3,264,Oscar_Bobb,Bobb,Fulham,MID,55,Crystal Palace,True,a,2.9298842
3,214,Daichi_Kamada,Kamada,Crystal Palace,MID,50,Fulham,False,a,2.9285648
3,116,Lewis_Dunk,Dunk,Brighton,DEF,45,Leeds,True,a,2.918905
3,566,António João_Pereira de Albuquerque Tavares da Silva,Silva,Bournemouth,DEF,50,Newcastle,False,a,2.887791
3,403,Sávio_Moreira de Oliveira,Sávio,Spurs,MID,65,Nott'm Forest,False,a,2.8833337
3,335,Anton_Stach,Stach,Leeds,MID,60,Brighton,False,a,2.809321
3,97,Mathias_Jensen,Jensen,Brentford,MID,55,Sunderland,True,a,2.7982452
3,474,Jair_Paula da Cunha Filho,Jair Cunha,Nott'm Forest,DEF,45,Spurs,True,a,2.7907197
3,289,Matt_Crooks,Crooks,Hull City,MID,45,Aston Villa,True,a,2.780431
3,70,Justin_Kluivert,Kluivert,Bournemouth,MID,60,Newcastle,False,a,2.768775
3,358,Milos_Kerkez,Kerkez,Liverpool,DEF,55,Ipswich Town,False,a,2.753423
3,306,Jacob_Greaves,Greaves,Ipswich Town,DEF,40,Liverpool,True,a,2.7476816
3,514,Mathys_Tel,Tel,Spurs,MID,60,Nott'm Forest,False,a,2.7465646
3,486,James_McAtee,McAtee,Nott'm Forest,MID,55,Spurs,True,a,2.7460093
3,255,Jorge_Cuenca Barreno,J.Cuenca,Fulham,DEF,45,Crystal Palace,True,a,2.723368
3,309,Marcelino_Núñez,Núñez,Ipswich Town,MID,50,Liverpool,True,a,2.7033408
3,224,Eddie_Nketiah,Nketiah,Crystal Palace,FWD,55,Fulham,False,a,2.6904798
3,200,Maxence_Lacroix,Lacroix,Chelsea,DEF,60,Arsenal,False,a,2.6787593
3,357,Jeremie_Frimpong,Frimpong,Liverpool,DEF,55,Ipswich Town,False,a,2.671226
3,502,Andrew_Robertson,Robertson,Spurs,DEF,45,Nott'm Forest,False,a,2.665961
3,544,Granit_Xhaka,Xhaka,Sunderland,MID,55,Brentford,False,a,2.6560876
3,459,Lewis_Miley,L.Miley,Newcastle,MID,55,Bournemouth,True,a,2.647007
3,265,Sander_Berge,Berge,Fulham,MID,50,Crystal Palace,True,a,2.6320848
3,570,César_Palacios,Palacios,Fulham,MID,55,Crystal Palace,True,a,2.602442
3,114,Olivier_Boscagli,Boscagli,Brighton,DEF,45,Leeds,True,a,2.5749726
3,362,Jeremy_Jacquet,Jacquet,Liverpool,DEF,50,Ipswich Town,False,a,2.572529
3,483,Dan_Ndoye,Ndoye,Nott'm Forest,MID,55,Spurs,True,a,2.5671153
3,346,Dominic_Calvert-Lewin,Calvert-Lewin,Leeds,FWD,60,Brighton,False,a,2.5283768
3,315,Abdul_Fatawu,Fatawu,Ipswich Town,MID,55,Liverpool,True,a,2.5090203
3,247,Hayden_Hackney,Hackney,Everton,MID,55,Man Utd,True,d,2.466141
3,304,Dara_O'Shea,O'Shea,Ipswich Town,DEF,40,Liverpool,True,a,2.4574373
3,527,Richarlison_de Andrade,Richarlison,Spurs,FWD,60,Nott'm Forest,False,a,2.4493847
3,246,Merlin_Röhl,Röhl,Everton,MID,50,Man Utd,True,a,2.4305212
3,203,Jaydee_Canvot,Canvot,Crystal Palace,DEF,50,Fulham,False,a,2.4264836
3,41,Emiliano_Buendía Stati,Buendía,Aston Villa,MID,60,Hull City,False,a,2.417615
3,377,Victor_Munoz,Munoz,Liverpool,MID,65,Ipswich Town,False,a,2.4167628
3,204,Tyrick_Mitchell,Mitchell,Crystal Palace,DEF,45,Fulham,False,a,2.4110608
3,385,James_Trafford,Trafford,Leeds,GK,50,Brighton,False,a,2.4076529
3,576,Elliot_Stroud,Stroud,Hull City,MID,50,Aston Villa,True,a,2.3832371
3,142,Reece_James,James,Chelsea,DEF,55,Arsenal,False,a,2.376114
3,223,Jean-Philippe_Mateta,Mateta,Crystal Palace,FWD,65,Fulham,False,a,2.3414378
3,43,Youri_Tielemans,Tielemans,Man Utd,MID,60,Everton,False,a,2.3223526
3,522,Archie_Gray,Gray,Spurs,MID,50,Nott'm Forest,False,a,2.2841995
3,552,Brian_Brobbey,Brobbey,Sunderland,FWD,60,Brentford,False,a,2.2656167
3,523,Mikey_Moore,Moore,Spurs,MID,50,Nott'm Forest,False,a,2.2225266
3,71,Lewis_Cook,Cook,Bournemouth,MID,50,Newcastle,False,a,2.2025845
3,241,Dwight_McNeil,McNeil,Crystal Palace,MID,55,Fulham,False,a,2.1951737
3,64,Adam_Smith,Smith,Bournemouth,DEF,45,Newcastle,False,a,2.1858819
3,162,Andrey_Nascimento dos Santos,Andrey Santos,Man Utd,MID,50,Everton,False,a,2.1797867
3,195,Ellis_Simms,Simms,Coventry City,FWD,50,Man City,False,a,2.176347
3,579,Ronald_Araujo,Araujo,Liverpool,DEF,55,Ipswich Town,False,a,2.1463568
3,418,Harry_Maguire,Maguire,Man Utd,DEF,50,Everton,False,a,2.1461651
3,542,Enzo_Le Fée,E.Le Fée,Sunderland,MID,60,Brentford,False,a,2.1413612
3,190,Loum_Tchaouna,Tchaouna,Coventry City,MID,55,Man City,False,a,2.1186554
3,201,Daniel_Muñoz Mejía,Muñoz,Crystal Palace,DEF,55,Fulham,False,a,2.1015587
3,429,Marcus_Rashford,Rashford,Man Utd,MID,70,Everton,False,a,2.0859249
3,140,Robert_Lynch Sánchez,Sánchez,Chelsea,GK,50,Arsenal,False,a,2.0837603
3,327,Jaka_Bijol,Bijol,Leeds,DEF,50,Brighton,False,a,2.0554428
3,129,Yasin_Ayari,Ayari,Brighton,MID,55,Leeds,True,a,2.0528326
3,184,Matt_Grimes,Grimes,Coventry City,MID,50,Man City,False,a,2.0498254
3,194,Brandon_Thomas-Asante,Thomas-Asante,Coventry City,FWD,50,Man City,False,a,2.0474284
3,460,Joe_Willock,Willock,Newcastle,MID,50,Bournemouth,True,a,2.0412955
3,45,John_McGinn,McGinn,Aston Villa,MID,55,Hull City,False,a,2.0323172
3,389,Matheus_Nunes,Matheus N.,Man City,DEF,60,Coventry City,True,d,2.028406
3,545,Noah_Sadiki,Sadiki,Sunderland,MID,50,Brentford,False,a,2.0280378
3,338,Ethan_Ampadu,Ampadu,Leeds,MID,55,Brighton,False,a,2.0251307
3,260,Harry_Wilson,Wilson,Leeds,MID,65,Brighton,False,a,2.0066903
3,369,Rio_Ngumoha,Ngumoha,Liverpool,MID,60,Ipswich Town,False,a,1.9940434
3,280,Lewie_Coyle,Coyle,Hull City,DEF,40,Aston Villa,True,a,1.9841468
3,104,Frank_Onyeka,Onyeka,Coventry City,MID,50,Man City,False,a,1.9439056
3,439,Benjamin_Sesko,Šeško,Man Utd,FWD,70,Everton,False,a,1.9409357
3,173,Bobby_Thomas,Thomas,Coventry City,DEF,40,Man City,False,a,1.9180682
3,588,Anan_Khalaili,Khalaili,Crystal Palace,DEF,50,Fulham,False,a,1.9041028
3,47,Boubacar_Kamara,Kamara,Aston Villa,MID,50,Hull City,False,a,1.8937591
3,337,Brenden_Aaronson,Aaronson,Leeds,MID,55,Brighton,False,a,1.8844525
3,562,Daizen_Maeda,Maeda,Ipswich Town,MID,55,Liverpool,True,a,1.8779274
3,412,Senne_Lammens,Lammens,Man Utd,GK,50,Everton,False,a,1.8404615
3,51,George_Hemmings,George Hemmings,Aston Villa,MID,45,Hull City,False,a,1.8343213
3,144,Malo_Gusto,Gusto,Chelsea,DEF,50,Arsenal,False,a,1.8225155
3,46,Ross_Barkley,Barkley,Aston Villa,MID,50,Hull City,False,a,1.8210225
3,395,Rico_Lewis,Lewis,Man City,DEF,45,Coventry City,True,a,1.8088244
3,211,Yéremy_Pino Santos,Yeremy,Crystal Palace,MID,55,Fulham,False,a,1.795067
3,334,Tarik_Muharemović,Muharemović,Leeds,DEF,50,Brighton,False,a,1.7938589
3,155,Enzo_Fernández,Enzo,Chelsea,MID,70,Arsenal,False,a,1.7549986
3,462,Sean_Steur,Steur,Newcastle,MID,50,Bournemouth,True,a,1.7358726
3,332,James_Justin,Justin,Leeds,DEF,45,Brighton,False,a,1.7325732
3,534,Trai_Hume,Hume,Sunderland,DEF,45,Brentford,False,a,1.7250757
3,110,Carl_Rushworth,Rushworth,Coventry City,GK,45,Man City,False,a,1.6791177
3,525,Mateus_Fernandes,Fernandes,Spurs,MID,60,Nott'm Forest,False,a,1.6575253
3,516,Rodrigo_Bentancur,Bentancur,Spurs,MID,55,Nott'm Forest,False,a,1.6332788
3,175,Milan_van Ewijk,van Ewijk,Coventry City,DEF,40,Man City,False,a,1.6291394
3,423,Luke_Shaw,Shaw,Man Utd,DEF,45,Everton,False,a,1.6271368
3,151,Josh_Acheampong,Acheampong,Chelsea,DEF,45,Arsenal,False,a,1.6236976
3,481,Elliot_Anderson,Anderson,Man City,MID,64,Coventry City,True,a,1.6146942
3,519,Conor_Gallagher,Gallagher,Spurs,MID,55,Nott'm Forest,False,a,1.6100764
3,575,Caleb_Yirenkyi,Yirenkyi,Coventry City,MID,50,Man City,False,a,1.5735317
3,269,Ryan_Sessegnon,Sessegnon,Fulham,DEF,45,Crystal Palace,True,a,1.568909
3,329,Joe_Rodon,Rodon,Leeds,DEF,45,Brighton,False,a,1.5651298
3,520,Lucas_Bergvall,Bergvall,Spurs,MID,55,Nott'm Forest,False,a,1.5554198
3,161,Roméo_Lavia,Lavia,Chelsea,MID,50,Arsenal,False,a,1.5204059
3,238,Jack_Grealish,Grealish,Man City,MID,65,Coventry City,True,a,1.5198754
3,490,Chris_Wood,Wood,Nott'm Forest,FWD,60,Spurs,True,a,1.5175815
3,42,Evann_Guessand,Guessand,Crystal Palace,MID,55,Fulham,False,a,1.5146457
3,529,Robin_Roefs,Roefs,Sunderland,GK,50,Brentford,False,a,1.4883022
3,239,James_Garner,Garner,Everton,MID,60,Man Utd,True,a,1.4877406
3,372,Alexis_Mac Allister,Mac Allister,Liverpool,MID,55,Ipswich Town,False,a,1.4676311
3,415,Patrick_Dorgu,Dorgu,Man Utd,MID,60,Everton,False,a,1.4623336
3,526,Dominic_Solanke-Mitchell,Solanke,Spurs,FWD,60,Nott'm Forest,False,a,1.4603331
3,551,Nilson_Angulo,Angulo,Sunderland,MID,50,Brentford,False,a,1.4553038
3,14,Eberechi_Eze,Eze,Arsenal,MID,65,Chelsea,True,a,1.4533165
3,188,Victor_Torp,Torp,Coventry City,MID,55,Man City,False,a,1.4527969
3,330,Jayden_Bogle,Bogle,Leeds,DEF,45,Brighton,False,a,1.4420998
3,406,Mateo_Kovačić,Kovačić,Man City,MID,55,Coventry City,True,a,1.4384427
3,149,Levi_Samuels Colwill,Colwill,Chelsea,DEF,50,Arsenal,False,a,1.4010262
3,446,Fabian_Schär,Schär,Newcastle,DEF,50,Bournemouth,True,a,1.3972842
3,532,Daniel_Ballard,Ballard,Sunderland,DEF,50,Brentford,False,a,1.3909272
3,209,Brennan_Johnson,Johnson,Everton,MID,60,Man Utd,True,a,1.3851811
3,102,Yehor_Yarmoliuk,Yarmoliuk,Brentford,MID,50,Sunderland,True,a,1.3827808
3,536,Reinildo_Mandava,Reinildo,Sunderland,DEF,45,Brentford,False,a,1.357296
3,32,Matty_Cash,Cash,Aston Villa,DEF,45,Hull City,False,a,1.3485239
3,222,Jørgen_Strand Larsen,Strand Larsen,Crystal Palace,FWD,60,Fulham,False,a,1.3406254
3,432,Kobbie_Mainoo,Mainoo,Man Utd,MID,55,Everton,False,a,1.3238642
3,96,Mikkel_Damsgaard,Damsgaard,Brentford,MID,55,Sunderland,True,a,1.3144567
3,401,Omar_Marmoush,Marmoush,Spurs,FWD,70,Nott'm Forest,False,a,1.3133174
3,105,Jaidon_Anthony,Anthony,Brentford,MID,60,Sunderland,True,a,1.2934264
3,263,Kevin_Santos Lopes de Macedo,Kevin,Fulham,MID,55,Crystal Palace,True,a,1.2911643
3,16,Noni_Madueke,Madueke,Arsenal,MID,64,Chelsea,True,a,1.2778146
3,608,Daniel_Jebbison,Jebbison,Bournemouth,FWD,50,Newcastle,False,a,1.2726849
3,73,Tyler_Adams,Adams,Bournemouth,MID,50,Newcastle,False,a,1.2718575
3,183,Jack_Rudoni,Rudoni,Coventry City,MID,50,Man City,False,a,1.2712005
3,9,Piero_Hincapié,Hincapie,Arsenal,DEF,54,Chelsea,True,a,1.2668587
3,90,Aaron_Hickey,Hickey,Brentford,DEF,45,Sunderland,True,a,1.2620144
3,492,Taiwo_Awoniyi,Awoniyi,Coventry City,FWD,55,Man City,False,a,1.2428513
3,19,Martín_Zubimendi Ibáñez,Zubimendi,Arsenal,MID,55,Chelsea,True,a,1.23814
3,156,Pedro_Lomba Neto,Neto,Chelsea,MID,65,Arsenal,False,a,1.2285911
3,580,Shea_Charles,Charles,Fulham,MID,50,Crystal Palace,True,a,1.2189645
3,119,João Pedro_Loureiro da Costa,Costinha,Brighton,DEF,45,Leeds,True,a,1.218101
3,456,Jacob_Ramsey,J.Ramsey,Newcastle,MID,50,Bournemouth,True,a,1.202037
3,422,Noussair_Mazraoui,Mazraoui,Man Utd,DEF,45,Everton,False,a,1.2003436
3,323,Kasey_McAteer,McAteer,Ipswich Town,MID,45,Liverpool,True,a,1.177502
3,558,Xaver_Schlager,Schlager,Nott'm Forest,MID,50,Spurs,True,a,1.1686254
3,248,Norberto Bercique_Gomes Betuncal,Beto,Everton,FWD,55,Man Utd,True,a,1.1646855
3,549,Chemsdine_Talbi,Talbi,Sunderland,MID,55,Brentford,False,a,1.1612229
3,577,Takehiro_Tomiyasu,Tomiyasu,Crystal Palace,DEF,45,Fulham,False,a,1.1491956
3,108,Callum_Wilson,Wilson,Brentford,FWD,55,Sunderland,True,a,1.1438187
3,421,Ayden_Heaven,Heaven,Man Utd,DEF,45,Everton,False,a,1.1326598
3,148,Jorrel_Hato,Hato,Chelsea,DEF,45,Arsenal,False,a,1.1306406
3,29,Marco_Bizot,M.Bizot,Aston Villa,GK,45,Hull City,False,a,1.1257817
3,320,Chuba_Akpom,Akpom,Ipswich Town,FWD,50,Liverpool,True,a,1.1207584
3,17,Mikel_Merino Zazón,Merino,Arsenal,MID,60,Chelsea,True,a,1.1203002
3,160,Alejandro_Garnacho Ferreyra,Garnacho,Aston Villa,MID,60,Hull City,False,a,1.1144714
3,559,Aladji_Bamba,Bamba,Newcastle,MID,50,Bournemouth,True,a,1.1096927
3,182,Aurèle_Amenda,Amenda,Coventry City,DEF,40,Man City,False,a,1.1055529
3,35,Lamare_Bogarde,Bogarde,Aston Villa,MID,50,Hull City,False,a,1.0978695
3,506,Destiny_Udogie,Udogie,Spurs,DEF,45,Nott'm Forest,False,a,1.0909185
3,336,Noah_Okafor,Okafor,Leeds,MID,60,Brighton,False,a,1.0836486
3,176,Jay_Dasilva,Dasilva,Coventry City,DEF,40,Man City,False,a,1.0772828
3,553,Wilson_Isidor,Isidor,Sunderland,FWD,55,Brentford,False,a,1.0771194
3,478,Luca_Netz,Netz,Nott'm Forest,DEF,45,Spurs,True,a,1.0714267
3,585,Lucas_Herrington,Herrington,Hull City,DEF,40,Aston Villa,True,a,1.0574366
3,36,Ian_Maatsen,Maatsen,Aston Villa,DEF,45,Hull City,False,a,1.048609
3,381,Lewis_Koumas,Koumas,Liverpool,MID,50,Ipswich Town,False,a,1.0349213
3,157,Estêvão_Almeida de Oliveira Gonçalves,Estêvão,Chelsea,MID,65,Arsenal,False,a,1.0245541
3,583,Pep_Chavarría,Chavarria,Chelsea,DEF,50,Arsenal,False,a,1.0165066
3,515,James_Maddison,Maddison,Spurs,MID,65,Nott'm Forest,False,d,1.0113636
3,243,Carlos_Alcaraz Durán,Alcaraz,Everton,MID,50,Man Utd,True,a,1.0064061
3,76,Alex_Tóth,Tóth.A,Bournemouth,MID,50,Newcastle,False,a,1.0041158
3,34,Pau_Torres,Pau,Aston Villa,DEF,45,Hull City,False,a,1.0035064
3,543,Habib_Diarra,Diarra,Sunderland,MID,55,Brentford,False,a,0.9981399
3,321,Sindre_Walle Egeli,Walle Egeli,Ipswich Town,FWD,45,Liverpool,True,a,0.9957578
3,584,Gustavo_Hamer,Hamer,Coventry City,MID,55,Man City,False,a,0.9932951
3,535,Omar_Alderete,Alderete,Sunderland,DEF,50,Brentford,False,a,0.97877526
3,285,Paddy_McNair,McNair,Hull City,DEF,40,Aston Villa,True,a,0.9735811
3,541,Thomas_Meunier,Meunier,Sunderland,DEF,45,Brentford,False,a,0.9734485
3,281,Cody_Drameh,Drameh,Hull City,DEF,40,Aston Villa,True,a,0.9677602
3,600,Ibrahim_Osman,Osman,Brighton,MID,50,Leeds,True,a,0.9664228
3,138,Charalampos_Kostoulas,Kostoulas,Brighton,FWD,55,Leeds,True,a,0.96495014
3,135,Zadok_Yohanna,Yohanna,Brighton,MID,50,Leeds,True,a,0.9562224
3,52,Alysson Edward Franco_da Rocha dos Santos,Alysson,Aston Villa,MID,50,Hull City,False,a,0.9353536
3,417,Diogo_Dalot Teixeira,Dalot,Man Utd,DEF,50,Everton,False,a,0.90172535
3,435,Shea_Lacey,Lacey,Man Utd,MID,50,Everton,False,a,0.8833687
3,164,Geovany_Quenda,Quenda,Chelsea,MID,55,Arsenal,False,a,0.8832373
3,313,Jack_Clarke,Clarke,Ipswich Town,MID,55,Liverpool,True,a,0.88251776
3,271,Rodrigo_Muniz Carvalho,Muniz,Fulham,FWD,55,Crystal Palace,True,a,0.8819365
3,539,Luke_O'Nien,O'Nien,Sunderland,DEF,40,Brentford,False,a,0.87767905
3,548,Chris_Rigg,Rigg,Sunderland,MID,50,Brentford,False,a,0.8672552
3,33,Tyrone_Mings,Mings,Aston Villa,DEF,45,Hull City,False,a,0.83466816
3,72,Ben_Gannon-Doak,Gannon-Doak,Bournemouth,MID,50,Newcastle,False,a,0.8190877
3,37,Victor_Lindelöf,Lindelöf,Aston Villa,DEF,45,Hull City,False,a,0.79999065
3,31,Ezri_Konsa Ngoyo,Konsa,Arsenal,DEF,45,Chelsea,True,a,0.7514265
3,596,Matteo_Ruggeri,Ruggeri,Aston Villa,DEF,45,Hull City,False,a,0.7381627
3,493,Arnaud_Kalimuendo,Kalimuendo,Nott'm Forest,FWD,55,Spurs,True,a,0.73465914
3,592,Abdoul_Ouattara,Ouattara,Ipswich Town,DEF,40,Liverpool,True,a,0.7189844
3,556,Matt_Targett,Targett,Hull City,DEF,40,Aston Villa,True,a,0.7024881
3,339,Sean_Longstaff,Longstaff,Leeds,MID,50,Brighton,False,a,0.66582644
3,253,Joachim_Andersen,Andersen,Fulham,DEF,50,Crystal Palace,True,a,0.60737956
3,457,Jacob_Murphy,J.Murphy,Newcastle,MID,60,Bournemouth,True,a,0.59993136
3,605,Malick_Yalcouyé,Yalcouyé,Brighton,MID,45,Leeds,True,a,0.5871979
3,25,Viktor_Gyökeres,Gyökeres,Arsenal,FWD,74,Chelsea,True,a,0.5773443
3,55,Ollie_Watkins,Watkins,Aston Villa,FWD,79,Hull City,False,a,0.55286556
3,581,Ousmane_Diomande,Diomande,Nott'm Forest,DEF,55,Spurs,True,a,0.5230618
3,392,Rayan_Aït-Nouri,Aït-Nouri,Man City,DEF,55,Coventry City,True,a,0.49815136
3,232,Jake_O'Brien,O'Brien,Everton,DEF,50,Man Utd,True,a,0.44752848
3,231,Michael_Keane,Keane,Everton,DEF,50,Man Utd,True,a,0.390848
3,287,Liam_Millar,Millar,Hull City,MID,50,Aston Villa,True,a,0.37496576
3,28,Emiliano_Martínez Romero,Martinez,Aston Villa,GK,50,Hull City,False,a,0.34537372
3,482,Callum_Hudson-Odoi,Hudson-Odoi,Nott'm Forest,MID,60,Spurs,True,a,0.34420815
3,470,Felipe_Rodrigues da Silva,Morato,Nott'm Forest,DEF,50,Spurs,True,a,0.32585275
3,499,Pedro_Porro Sauceda,Pedro Porro,Spurs,DEF,55,Nott'm Forest,False,a,0.3247452
3,159,Moisés_Caicedo Corozo,Caicedo,Chelsea,MID,55,Arsenal,False,d,0.31900015
3,484,Omari_Hutchinson,Hutchinson,Nott'm Forest,MID,55,Spurs,True,a,0.30923447
3,256,Kenny_Tete,Tete,Fulham,DEF,45,Crystal Palace,True,a,0.30811787
3,419,Lisandro_Martínez,Martinez,Man Utd,DEF,50,Everton,False,a,0.2998203
3,597,Zion_Suzuki,Suzuki,Aston Villa,GK,50,Hull City,False,a,0.2968237
3,501,Kevin_Danso,Danso,Spurs,DEF,50,Nott'm Forest,False,a,0.2798551
3,452,Bruno_Guimarães Rodriguez Moura,Bruno G.,Arsenal,MID,69,Chelsea,True,d,0.27833647
3,145,Wesley_Fofana,Fofana,Chelsea,DEF,50,Arsenal,False,a,0.2776301
3,152,Marco_Palestra,Palestra,Chelsea,DEF,55,Arsenal,False,d,0.2703371
3,533,Nordi_Mukiele,Mukiele,Sunderland,DEF,55,Brentford,False,a,0.26949126
3,420,Leny_Yoro,Yoro,Man Utd,DEF,50,Everton,False,a,0.26632896
3,167,Liam_Delap,Delap,Nott'm Forest,FWD,55,Spurs,True,a,0.26558948
3,616,Ayyoub_Bouaddi,Bouaddi,Man City,MID,55,Coventry City,True,a,0.261669
3,503,Micky_van de Ven,Van de Ven,Spurs,DEF,50,Nott'm Forest,False,a,0.24668896
3,262,Emile_Smith Rowe,Smith Rowe,Fulham,MID,55,Crystal Palace,True,a,0.24601255
3,62,Bafodé_Diakité,Diakité,Bournemouth,DEF,50,Newcastle,False,a,0.24600707
3,442,Nick_Pope,Pope,Newcastle,GK,50,Bournemouth,True,a,0.24588254
3,611,Aaron_Wan-Bissaka,Wan-Bissaka,Aston Villa,DEF,45,Hull City,False,a,0.2435016
3,497,Martin_Dubravka,Dubravka,Spurs,GK,40,Nott'm Forest,False,a,0.23929225
3,328,Pascal_Struijk,Struijk,Brighton,DEF,50,Leeds,True,a,0.22868489
3,487,Nicolás_Domínguez,Dominguez,Nott'm Forest,MID,50,Spurs,True,a,0.22662184
3,212,Will_Hughes,Hughes,Crystal Palace,MID,45,Fulham,False,a,0.2184861
3,463,Nick_Woltemade,Woltemade,Newcastle,FWD,60,Bournemouth,True,a,0.21059227
3,186,Ephron_Mason-Clark,Mason-Clark,Coventry City,MID,55,Man City,False,a,0.20319721
3,44,Leon_Bailey,Bailey,Aston Villa,MID,55,Hull City,False,a,0.20061919
3,18,Gabriel_Martinelli Silva,Martinelli,Arsenal,MID,64,Chelsea,True,a,0.19570018
3,512,Mohammed_Kudus,Kudus,Spurs,MID,65,Nott'm Forest,False,d,0.18347812
3,113,Ferdi_Kadıoğlu,F.Kadıoğlu,Brighton,DEF,45,Leeds,True,a,0.18343665
3,272,Jonah_Kusi-Asare,Kusi-Asare,Fulham,FWD,45,Crystal Palace,True,a,0.18140385
3,405,Nico_González Iglesias,N.Gonzalez,Newcastle,MID,55,Bournemouth,True,a,0.180029
3,431,Amad_Diallo,Amad,Man Utd,MID,59,Everton,False,d,0.17831731
3,245,Tyler_Dibling,Dibling,Everton,MID,55,Man Utd,True,a,0.17511754
3,158,Jamie_Bynoe-Gittens,Gittens,Chelsea,MID,60,Arsenal,False,a,0.17193648
3,430,Mason_Mount,Mount,Man Utd,MID,55,Everton,False,d,0.16944742
3,38,Andrés_García,A.García,Aston Villa,DEF,40,Hull City,False,a,0.16716678
3,351,Giorgi_Mamardashvili,Mamardashvili,Liverpool,GK,50,Ipswich Town,False,a,0.16049375
3,153,Axel_Disasi,Disasi,Crystal Palace,DEF,45,Fulham,False,a,0.15977858
3,136,Danny_Welbeck,Welbeck,Chelsea,FWD,60,Arsenal,False,a,0.15924375
3,89,Rico_Henry,Henry,Brentford,DEF,45,Sunderland,True,a,0.1568582
3,607,Luka_Lynch,Lynch,Aston Villa,MID,45,Hull City,False,a,0.15165114
3,436,Toby_Collyer,Collyer,Man Utd,MID,50,Everton,False,a,0.15052404
3,461,Bazoumana_Touré,Touré,Newcastle,MID,60,Bournemouth,True,a,0.14955471
3,166,Nicolas_Jackson,N.Jackson,Chelsea,FWD,65,Arsenal,False,a,0.14842214
3,364,Kostas_Tsimikas,Tsimikas,Liverpool,DEF,50,Ipswich Town,False,a,0.14618914
3,218,Cheick_Doucouré,Doucouré,Crystal Palace,MID,50,Fulham,False,a,0.14507638
3,213,Jefferson_Lerma Solís,Lerma,Crystal Palace,MID,50,Fulham,False,a,0.14496586
3,407,Claudio_Echeverri,Echeverri,Man City,MID,50,Coventry City,True,a,0.144886
3,410,Jeremy_Monga,Monga,Man City,MID,50,Coventry City,True,a,0.14470622
3,325,Karl_Darlow,Darlow,Man Utd,GK,45,Everton,False,a,0.14406887
3,207,Oscar_Mingueza,Mingueza,Crystal Palace,DEF,45,Fulham,False,a,0.1424405
3,595,Zavier_Gozo,Gozo,Crystal Palace,MID,50,Fulham,False,a,0.14106618
3,219,Jesurun_Rak-Sakyi,J.Rak-Sakyi,Crystal Palace,MID,50,Fulham,False,a,0.14032723
3,568,Valentín_Barco,Barco,Chelsea,MID,55,Arsenal,False,a,0.1402401
3,217,Matheus_França de Oliveira,M.França,Crystal Palace,MID,50,Fulham,False,a,0.13848156
3,101,Jordan_Henderson,Henderson,Chelsea,MID,50,Arsenal,False,d,0.13749245
3,578,Mykhailo_Mudryk,Mudryk,Chelsea,MID,55,Arsenal,False,a,0.13704754
3,373,Curtis_Jones,C.Jones,Liverpool,MID,55,Ipswich Town,False,d,0.13565014
3,434,Jack_Fletcher,J.Fletcher,Man Utd,MID,50,Everton,False,a,0.13347301
3,587,Gerónimo_Rulli,Rulli,Man City,GK,50,Coventry City,True,a,0.13266987
3,396,Vitor_de Oliveira Nunes dos Reis,Vitor Reis,Man City,DEF,45,Coventry City,True,a,0.1321177
3,91,Ethan_Pinnock,Pinnock,Coventry City,DEF,45,Man City,False,a,0.13025971
3,606,Triston_Rowe,Rowe,Aston Villa,DEF,40,Hull City,False,a,0.13020301
3,205,Borna_Sosa,Sosa,Crystal Palace,DEF,45,Fulham,False,a,0.12977324
3,50,Bradley_Burrowes,Burrowes,Aston Villa,MID,45,Hull City,False,a,0.12967078
3,147,Tosin_Adarabioyo,Tosin,Chelsea,DEF,45,Arsenal,False,a,0.12851955
3,270,Harrison_Reed,Reed,Fulham,MID,45,Crystal Palace,True,a,0.12706818
3,234,Nathan_Patterson,Patterson,Everton,DEF,45,Man Utd,True,a,0.12644066
3,508,Ben_Davies,Davies,Spurs,DEF,40,Nott'm Forest,False,a,0.12580118
3,489,Ryan_Yates,Yates,Nott'm Forest,MID,45,Spurs,True,a,0.12433314
3,185,Tatsuhiro_Sakamoto,Sakamoto,Coventry City,MID,50,Man City,False,a,0.1224218
3,187,Josh_Eccles,Eccles,Coventry City,MID,50,Man City,False,a,0.1218836
3,215,Justin_Devenny,Devenny,Crystal Palace,MID,50,Fulham,False,a,0.11854415
3,610,Luc_De Fougerolles,De Fougerolles,Fulham,DEF,40,Crystal Palace,True,d,0.118503086
3,216,Romain_Esse,Esse,Crystal Palace,MID,50,Fulham,False,a,0.11842045
3,58,Fraser_Forster,Forster,Bournemouth,GK,40,Newcastle,False,a,0.11633469
3,23,Fábio_Ferreira Vieira,Fábio Vieira,Arsenal,MID,55,Chelsea,True,a,0.11582091
3,555,Remi_Matthews,Matthews,Crystal Palace,GK,40,Fulham,False,a,0.11570886
3,172,Ben_Wilson,Wilson,Coventry City,GK,45,Man City,False,a,0.11563456
3,440,Joshua_Zirkzee,Zirkzee,Man Utd,FWD,55,Everton,False,a,0.11533515
3,296,David_Akintola,Akintola,Hull City,MID,50,Aston Villa,True,a,0.1151743
3,22,Ethan_Nwaneri,Nwaneri,Arsenal,MID,55,Chelsea,True,a,0.11470662
3,383,Harvey_Elliott,Elliott,Liverpool,MID,55,Ipswich Town,False,a,0.114201024
3,24,Reiss_Nelson,Nelson,Arsenal,MID,55,Chelsea,True,a,0.113885656
3,547,Romaine_Mundle,Mundle,Sunderland,MID,50,Brentford,False,a,0.11382075
3,574,Jens_Hjertø-Dahl,Hjertø-Dahl,Hull City,MID,50,Aston Villa,True,a,0.11198215
3,537,Jenson_Seelt,Seelt,Sunderland,DEF,45,Brentford,False,a,0.11037722
3,292,Abdülkadir_Ömür,Ömür,Hull City,MID,50,Aston Villa,True,a,0.110364616
3,20,Max_Dowman,Dowman,Arsenal,MID,54,Chelsea,True,a,0.1103307
3,589,Lucas_Gourna-Douath,Gourna-Douath,Hull City,MID,50,Aston Villa,True,a,0.109885715
3,563,Hidemasa_Morita,Morita,Hull City,MID,50,Aston Villa,True,a,0.10963789
3,93,Jannik_Schuster,Schuster,Brentford,DEF,45,Sunderland,True,a,0.10685288
3,56,Tammy_Abraham,Abraham,Aston Villa,FWD,55,Hull City,False,d,0.10631319
3,227,Mark_Travers,Travers,Everton,GK,50,Man Utd,True,a,0.106090836
3,92,Kim_Ji-soo,Ji-soo,Brentford,DEF,45,Sunderland,True,a,0.10383308
3,27,Gabriel_Fernando de Jesus,G.Jesus,Arsenal,FWD,60,Chelsea,True,a,0.10382103
3,438,Tyler_Fletcher,Fletcher,Man Utd,MID,45,Everton,False,a,0.10373292
3,550,Djiamgone Jocelin Ta_Bi,Jocelin.T,Sunderland,MID,50,Brentford,False,a,0.10340871
3,601,Luca_Williams-Barnett,Williams-Barnett,Spurs,MID,45,Nott'm Forest,False,a,0.10300536
3,120,Michael_Svoboda,Svoboda,Brighton,DEF,50,Leeds,True,a,0.10297321
3,100,Fábio_Freitas Gouveia Carvalho,Carvalho,Brentford,MID,50,Sunderland,True,a,0.102897115
3,150,Mamadou_Sarr,M.Sarr,Chelsea,DEF,45,Arsenal,False,a,0.101581305
3,511,João Victor_de Souza Menezes,Souza,Spurs,DEF,40,Nott'm Forest,False,a,0.10131171
3,437,Bendito_Mantato,Bendito Mantato,Man Utd,MID,45,Everton,False,a,0.10129946
3,81,Álvaro_Rodríguez,Rodríguez,Bournemouth,FWD,60,Newcastle,False,a,0.0996467
3,571,Florentino Ibrain_Morris Luís,Florentino,Ipswich Town,MID,50,Liverpool,True,d,0.09963214
3,590,Steven_Benda,Benda,Nott'm Forest,GK,45,Spurs,True,a,0.098542914
3,495,Brandon_Austin,Austin,Spurs,GK,40,Nott'm Forest,False,a,0.09844013
3,468,John Victor_Maciel Furtado,John,Nott'm Forest,GK,45,Spurs,True,a,0.09646287
3,441,Chido_Obi,Obi,Man Utd,FWD,45,Everton,False,a,0.096303284
3,613,Jules_Ahoka,Ahoka,Sunderland,MID,45,Brentford,False,a,0.09619303
3,103,Josh_Dasilva,Dasilva,Brentford,MID,50,Sunderland,True,a,0.09597959
3,2,Kepa_Arrizabalaga Revuelta,Arrizabalaga,Arsenal,GK,50,Chelsea,True,a,0.095209315
3,573,Juanlu_Sánchez,Sanchez,Bournemouth,DEF,45,Newcastle,False,a,0.09457467
3,524,Callum_Olusesi,Olusesi,Spurs,MID,45,Nott'm Forest,False,a,0.09404051
3,509,Jun'ai_Byfield,Byfield,Spurs,DEF,40,Nott'm Forest,False,a,0.092115246
3,510,James_Rowswell,Rowswell,Spurs,DEF,40,Nott'm Forest,False,a,0.091991015
3,424,Harry_Amass,Amass,Man Utd,DEF,40,Everton,False,a,0.091859266
3,171,Oliver_Dovin,Dovin,Coventry City,GK,40,Man City,False,a,0.09105831
3,386,Marcus_Bettinelli,Bettinelli,Man City,GK,45,Coventry City,True,a,0.090839244
3,561,Aaron_Anselmino,Anselmino,Chelsea,DEF,45,Arsenal,False,a,0.09080124
3,3,Illan_Meslier,Meslier,Arsenal,GK,50,Chelsea,True,a,0.09015419
3,192,Kai_Andrews,Andrews,Coventry City,MID,45,Man City,False,a,0.089826345
3,174,Liam_Kitching,Kitching,Coventry City,DEF,40,Man City,False,a,0.089451216
3,477,Zach_Abbott,Abbott,Nott'm Forest,DEF,40,Spurs,True,a,0.088445954
3,251,Benjamin_Lecomte,Lecomte,Fulham,GK,40,Crystal Palace,True,a,0.08831895
3,409,Divine_Mukasa,Mukasa,Man City,MID,45,Coventry City,True,a,0.085679725
3,74,David_Brooks,Brooks,Bournemouth,MID,50,Newcastle,False,a,0.085456766
3,609,Leo_Shahar,Shahar,Newcastle,DEF,40,Bournemouth,True,a,0.0853683
3,178,Jake_Bidwell,Bidwell,Coventry City,DEF,40,Man City,False,a,0.08437231
3,374,Endo_Wataru,Endo,Liverpool,MID,50,Ipswich Town,False,a,0.084277146
3,594,Promise_David,David,Brighton,FWD,60,Leeds,True,a,0.08349112
3,476,Omar_Richards,O.Richards,Nott'm Forest,DEF,40,Spurs,True,a,0.08323089
3,479,Tyler_Bindon,Bindon,Nott'm Forest,DEF,40,Spurs,True,a,0.08290892
3,75,Ryan_Christie,Christie,Bournemouth,MID,50,Newcastle,False,a,0.08216647
3,126,Matt_O'Riley,O'Riley,Brighton,MID,55,Leeds,True,a,0.08188346
3,181,Miguel_Brau,Brau,Coventry City,DEF,40,Man City,False,a,0.08182725
3,443,Mark_Gillespie,Gillespie,Newcastle,GK,45,Bournemouth,True,a,0.08170897
3,288,Kieran_Dowell,Dowell,Hull City,MID,45,Aston Villa,True,a,0.08141052
3,444,Ewen_Jaouen,Jaouen,Newcastle,GK,45,Bournemouth,True,a,0.081365176
3,179,Joel_Latibeaudiere,Latibeaudiere,Coventry City,DEF,40,Man City,False,a,0.081220604
3,189,George_Shepherd,Shepherd,Coventry City,MID,45,Man City,False,a,0.08047578
3,252,Alfie_McNally,McNally,Fulham,GK,40,Crystal Palace,True,a,0.07929624
3,352,Freddie_Woodman,Woodman,Liverpool,GK,40,Ipswich Town,False,a,0.07919557
3,343,Daniel_James,James,Leeds,MID,50,Brighton,False,a,0.07892907
3,191,Raphael_Borges Rodrigues,Borges Rodrigues,Coventry City,MID,45,Man City,False,a,0.07854158
3,345,Tanaka_Ao,Tanaka,Leeds,MID,50,Brighton,False,a,0.076418914
3,560,Mike_Penders,Penders,Chelsea,GK,45,Arsenal,False,a,0.07630042
3,615,Michele_Di Gregorio,Di Gregorio,Bournemouth,GK,45,Newcastle,False,a,0.07608735
3,375,Trey_Nyoni,Nyoni,Liverpool,MID,50,Ipswich Town,False,a,0.07607516
3,599,Sidiki_Cherif,Cherif,Coventry City,FWD,50,Man City,False,a,0.07583004
3,301,Alex_Palmer,Palmer,Ipswich Town,GK,40,Liverpool,True,a,0.07547903
3,199,Walter_Benítez,Benitez,Crystal Palace,GK,45,Fulham,False,a,0.07535174
3,314,Chiedozie_Ogbene,Ogbene,Ipswich Town,MID,50,Liverpool,True,a,0.07469711
3,221,Joél_Drakes-Thomas,Drakes-Thomas,Crystal Palace,MID,45,Fulham,False,a,0.07464231
3,324,Anis_Mehmeti,Mehmeti,Ipswich Town,MID,50,Liverpool,True,a,0.07451934
3,528,Dane_Scarlett,Scarlett,Spurs,FWD,45,Nott'm Forest,False,a,0.07409323
3,228,Tom_King,King,Everton,GK,45,Man Utd,True,a,0.07397228
3,347,Lukas_Nmecha,Nmecha,Leeds,FWD,55,Brighton,False,a,0.07296695
3,83,Hákon Rafn_Valdimarsson,Valdimarsson,Brentford,GK,45,Sunderland,True,a,0.07295703
3,235,Adam_Aznou,Aznou,Everton,DEF,40,Man Utd,True,a,0.072295666
3,531,Melker_Ellborg,Ellborg,Sunderland,GK,45,Brentford,False,a,0.06871952
3,300,Christian_Walton,Walton,Ipswich Town,GK,45,Liverpool,True,a,0.06800187
3,598,Nico_Elvedi,Elvedi,Leeds,DEF,45,Brighton,False,a,0.067746446
3,107,Kaye_Furo,Furo,Brentford,FWD,45,Sunderland,True,a,0.066987984
3,111,Jason_Steele,Steele,Brighton,GK,40,Leeds,True,a,0.06629597
3,284,Cathal_McCarthy,McCarthy,Hull City,DEF,40,Aston Villa,True,a,0.06628864
3,273,Dillon_Phillips,Phillips,Hull City,GK,40,Aston Villa,True,a,0.064651124
3,604,Alfie_Cresswell,Cresswell,Leeds,MID,45,Brighton,False,a,0.06411623
3,117,Diego_Coppola,Coppola,Brighton,DEF,45,Leeds,True,a,0.05981043
3,614,Jaouen_Hadjam,Hadjam,Brighton,DEF,45,Leeds,True,a,0.059584573
3,163,Dário_Luís Essugo,D.Essugo,Chelsea,MID,45,Arsenal,False,a,0.058893964
3,118,Igor Julio_dos Santos de Paulo,Igor,Brighton,DEF,45,Leeds,True,a,0.058601245
3,66,Julio_Soler Barreto,Soler,Bournemouth,DEF,40,Newcastle,False,d,0.057460178
3,361,Wellity_Lucky,Lucky,Liverpool,DEF,40,Ipswich Town,False,a,0.05646526
3,326,Lucas Estella_Perri,Perri,Leeds,GK,45,Brighton,False,a,0.056416925
3,466,Sean_Neave,Neave,Newcastle,FWD,45,Bournemouth,True,a,0.054929852
3,378,James_McConnell,McConnell,Liverpool,MID,45,Ipswich Town,False,a,0.05127895
3,355,Harvey_Davies,Davies,Liverpool,GK,40,Ipswich Town,False,a,0.049195297
3,602,Cameron_Humphreys,Humphreys,Ipswich Town,MID,45,Liverpool,True,a,0.049074855
3,303,Cédric_Kipré,Kipré,Ipswich Town,DEF,40,Liverpool,True,a,0.047269836
3,308,Darnell_Furlong,Furlong,Ipswich Town,DEF,40,Liverpool,True,a,0.047126673
3,168,Marc_Guiu Paz,Marc Guiu,Chelsea,FWD,50,Arsenal,False,a,0.046800695
3,307,Ben_Johnson,Johnson,Ipswich Town,DEF,40,Liverpool,True,a,0.045566704
3,170,Emmanuel_Emegha,Emegha,Chelsea,FWD,50,Arsenal,False,a,0.04520766
3,603,Jayden_Lienou,Lienou,Leeds,DEF,40,Brighton,False,a,0.0444104
3,302,David_Button,Button,Ipswich Town,GK,40,Liverpool,True,a,0.043578822
3,134,Nehemiah_Oriola,Oriola,Brighton,MID,45,Leeds,True,a,0.03629462
3,169,Shumaira_Mheuka,Mheuka,Chelsea,FWD,45,Arsenal,False,a,0.030409528
3,5,Jurriën_Timber,J.Timber,Arsenal,DEF,65,Chelsea,True,i,0.0
3,6,William_Saliba,Saliba,Arsenal,DEF,60,Chelsea,True,i,0.0
3,21,Christian_Nørgaard,Nørgaard,Everton,MID,50,Man Utd,True,i,0.0
3,30,Lucas_Digne,Digne,Aston Villa,DEF,45,Hull City,False,u,0.0
3,39,Kosta_Nedeljkovic,Nedeljkovic,Aston Villa,DEF,40,Hull City,False,u,0.0
3,48,Amadou_Onana,Onana,Aston Villa,MID,50,Hull City,False,i,0.0
3,49,Samuel_Iling-Junior,Iling Jr,Aston Villa,MID,50,Hull City,False,u,0.0
3,53,Johan_Manzambi,Manzambi,Aston Villa,MID,60,Hull City,False,i,0.0
3,54,Joao_Gomes,Gomes,Aston Villa,MID,55,Hull City,False,s,0.0
3,59,Will_Dennis,Dennis,Bournemouth,GK,40,Newcastle,False,u,0.0
3,63,Veljko_Milosavljevic,Milosavljević,Bournemouth,DEF,50,Newcastle,False,i,0.0
3,65,Julián_Araujo Zúñiga,J.Araujo,Bournemouth,DEF,45,Newcastle,False,i,0.0
3,77,Amine_Adli,Adli,Bournemouth,MID,50,Newcastle,False,i,0.0
3,78,Junior_Kroupi,Kroupi.Jr,Bournemouth,MID,75,Newcastle,False,i,0.0
3,80,Enes_Ünal,Enes Ünal,Bournemouth,FWD,55,Newcastle,False,u,0.0
3,85,Sepp_van den Berg,Van den Berg,Brentford,DEF,50,Sunderland,True,i,0.0
3,99,Antoni_Milambo,Milambo,Brentford,MID,50,Sunderland,True,i,0.0
3,121,Mitoma_Kaoru,Mitoma,Brighton,MID,60,Leeds,True,i,0.0
3,122,Yankuba_Minteh,Minteh,Brighton,MID,60,Leeds,True,i,0.0
3,128,Facundo_Buonanotte,Buonanotte,Brighton,MID,50,Leeds,True,u,0.0
3,131,Carlos_Baleba,Baleba,Man Utd,MID,50,Everton,False,i,0.0
3,132,Harry_Howell,Howell,Brighton,MID,45,Leeds,True,u,0.0
3,133,Tom_Watson,Watson,Brighton,MID,50,Leeds,True,u,0.0
3,137,Stefanos_Tzimas,Tzimas,Brighton,FWD,55,Leeds,True,i,0.0
3,139,Evan_Ferguson,Ferguson,Brighton,FWD,50,Leeds,True,i,0.0
3,141,Filip_Jörgensen,Jörgensen,Chelsea,GK,50,Arsenal,False,u,0.0
3,143,Trevoh_Chalobah,Chalobah,Chelsea,DEF,55,Arsenal,False,u,0.0
3,146,Benoît_Badiashile Mukinayi,B.Badiashile,Chelsea,DEF,45,Arsenal,False,u,0.0
3,177,Kaine_Kesler-Hayden,Kesler-Hayden,Coventry City,DEF,40,Man City,False,i,0.0
3,180,Luke_Woolfenden,Woolfenden,Coventry City,DEF,40,Man City,False,i,0.0
3,193,Haji_Wright,Wright,Coventry City,FWD,55,Man City,False,i,0.0
3,196,Jahnoah_Markelo,Markelo,Coventry City,FWD,50,Man City,False,u,0.0
3,197,Norman_Bassette,Bassette,Coventry City,FWD,45,Man City,False,u,0.0
3,206,Chadi_Riad Dnanou,Chadi Riad,Crystal Palace,DEF,45,Fulham,False,i,0.0
3,208,Ismaïla_Sarr,Sarr,Crystal Palace,MID,64,Fulham,False,i,0.0
3,220,Rio_Cardines,Cardines,Crystal Palace,DEF,45,Fulham,False,u,0.0
3,225,Christantus_Uche,Uche,Crystal Palace,FWD,50,Fulham,False,u,0.0
3,240,Tim_Iroegbunam,Iroegbunam,Everton,MID,50,Man Utd,True,i,0.0
3,266,Tom_Cairney,Cairney,Fulham,MID,50,Crystal Palace,True,i,0.0
3,274,Jack_Butland,Butland,Hull City,GK,45,Aston Villa,True,i,0.0
3,275,Harvey_Cartwright,Cartwright,Hull City,GK,40,Aston Villa,True,u,0.0
3,276,Thimothée_Lo-Tutala,Lo-Tutala,Hull City,GK,40,Aston Villa,True,u,0.0
3,278,Charlie_Hughes,Hughes,Hull City,DEF,40,Aston Villa,True,i,0.0
3,283,Matty_Jacob,Jacob,Hull City,DEF,40,Aston Villa,True,i,0.0
3,291,Eliot_Matazo,Matazo,Hull City,MID,45,Aston Villa,True,i,0.0
3,293,Abu_Kamara,Kamara,Hull City,MID,50,Aston Villa,True,u,0.0
3,294,Óscar_Zambrano,Zambrano,Hull City,MID,45,Aston Villa,True,i,0.0
3,297,Darko_Gyabi,Gyabi,Hull City,MID,45,Aston Villa,True,i,0.0
3,298,Enis_Destan,Destan,Hull City,FWD,45,Aston Villa,True,u,0.0
3,299,Mason_Burstow,Burstow,Hull City,FWD,45,Aston Villa,True,u,0.0
3,310,Azor_Matusiwa,Matusiwa,Ipswich Town,MID,50,Liverpool,True,i,0.0
3,311,Wes_Burns,Burns,Ipswich Town,MID,50,Liverpool,True,u,0.0
3,312,Jack_Taylor,Taylor,Ipswich Town,MID,45,Liverpool,True,i,0.0
3,317,George_Hirst,Hirst,Ipswich Town,FWD,50,Liverpool,True,u,0.0
3,318,Jaden_Philogene,Philogene,Ipswich Town,MID,55,Liverpool,True,i,0.0
3,319,Sam_Szmodics,Szmodics,Ipswich Town,MID,50,Liverpool,True,u,0.0
3,322,Ali_Al-Hamadi,Al-Hamadi,Ipswich Town,FWD,50,Liverpool,True,u,0.0
3,331,Gabriel_Gudmundsson,Gudmundsson,Leeds,DEF,45,Brighton,False,i,0.0
3,333,Sebastiaan_Bornauw,Bornauw,Leeds,DEF,45,Brighton,False,u,0.0
3,340,Joe_Gelhardt,Gelhardt,Hull City,MID,50,Aston Villa,True,i,0.0
3,341,Wilfried_Gnonto,Gnonto,Leeds,MID,50,Brighton,False,i,0.0
3,342,Jack_Harrison,Harrison,Leeds,MID,50,Brighton,False,u,0.0
3,344,Ilia_Gruev,Gruev,Leeds,MID,50,Brighton,False,i,0.0
3,348,Joël_Piroe,Piroe,Leeds,FWD,50,Brighton,False,u,0.0
3,349,Mateo_Joseph Fernández-Regatillo,Mateo Joseph,Leeds,FWD,45,Brighton,False,i,0.0
3,353,Armin_Pecsi,Pecsi,Liverpool,GK,40,Ipswich Town,False,u,0.0
3,354,Vitezslav_Jaros,Jaros,Liverpool,GK,40,Ipswich Town,False,i,0.0
3,359,Joe_Gomez,Gomez,Liverpool,DEF,50,Ipswich Town,False,i,0.0
3,360,Conor_Bradley,Bradley,Liverpool,DEF,50,Ipswich Town,False,i,0.0
3,363,Giovanni_Leoni,Leoni,Liverpool,DEF,40,Ipswich Town,False,i,0.0
3,365,Calvin_Ramsay,Ramsay,Liverpool,DEF,40,Ipswich Town,False,u,0.0
3,370,Federico_Chiesa,Chiesa,Liverpool,MID,55,Ipswich Town,False,i,0.0
3,376,Stefan_Bajčetić Maquieira,Bajcetic,Liverpool,MID,50,Ipswich Town,False,i,0.0
3,380,Hugo_Ekitiké,Ekitiké,Liverpool,FWD,75,Ipswich Town,False,i,0.0
3,382,Jayden_Danns,Danns,Liverpool,FWD,45,Ipswich Town,False,i,0.0
3,394,Max_Alleyne,Alleyne,Man City,DEF,50,Coventry City,True,u,0.0
3,400,Jérémy_Doku,Doku,Man City,MID,75,Coventry City,True,i,0.0
3,402,Rodrigo 'Rodri'_Hernandez Cascante,Rodrigo,Man City,MID,65,Coventry City,True,u,0.0
3,404,Tijjani_Reijnders,Reijnders,Man City,MID,60,Coventry City,True,u,0.0
3,408,Kalvin_Phillips,Phillips,Man City,MID,50,Coventry City,True,u,0.0
3,413,Altay_Bayındır,Bayindir,Man Utd,GK,45,Everton,False,u,0.0
3,414,Tom_Heaton,Heaton,Man Utd,GK,40,Everton,False,i,0.0
3,416,Matthijs_de Ligt,De Ligt,Man Utd,DEF,50,Everton,False,i,0.0
3,425,Tyler_Fredricson,Fredricson,Man Utd,DEF,40,Everton,False,u,0.0
3,433,Manuel_Ugarte Ribeiro,Ugarte,Man Utd,MID,50,Everton,False,i,0.0
3,448,Dan_Burn,Burn,Newcastle,DEF,50,Bournemouth,True,i,0.0
3,450,Tino_Livramento,Livramento,Newcastle,DEF,50,Bournemouth,True,i,0.0
3,451,Alex_Murphy,A.Murphy,Newcastle,DEF,40,Bournemouth,True,u,0.0
3,458,Joelinton Cássio_Apolinário de Lira,Joelinton,Newcastle,MID,55,Bournemouth,True,i,0.0
3,465,William_Osula,Osula,Newcastle,FWD,60,Bournemouth,True,i,0.0
3,475,Nicolò_Savona,Savona,Nott'm Forest,DEF,45,Spurs,True,i,0.0
3,485,Dilane_Bakwa,Bakwa,Nott'm Forest,MID,55,Spurs,True,u,0.0
3,488,Ibrahim_Sangaré,I.Sangaré,Nott'm Forest,MID,50,Spurs,True,i,0.0
3,494,Guglielmo_Vicario,Vicario,Spurs,GK,45,Nott'm Forest,False,u,0.0
3,500,Cristian_Romero,Romero,Spurs,DEF,50,Nott'm Forest,False,u,0.0
3,505,Djed_Spence,Spence,Spurs,DEF,45,Nott'm Forest,False,u,0.0
3,507,Ashley_Phillips,Phillips,Spurs,DEF,45,Nott'm Forest,False,u,0.0
3,513,Xavi_Simons,Xavi,Spurs,MID,60,Nott'm Forest,False,i,0.0
3,517,Wilson_Odobert,Odobert,Spurs,MID,55,Nott'm Forest,False,i,0.0
3,518,Pape Matar_Sarr,P.M.Sarr,Spurs,MID,49,Nott'm Forest,False,i,0.0
3,521,Dejan_Kulusevski,Kulusevski,Spurs,MID,65,Nott'm Forest,False,i,0.0
3,530,Anthony_Patterson,Patterson,Sunderland,GK,40,Brentford,False,u,0.0
3,538,Leo Fuhr_Hjelde,Hjelde,Sunderland,DEF,40,Brentford,False,u,0.0
3,540,Arthur_Masuaku,Masuaku,Sunderland,DEF,40,Brentford,False,u,0.0
3,546,Simon_Adingra,Adingra,Sunderland,MID,50,Brentford,False,i,0.0
3,554,Kayne_van Oevelen,Van Oevelen,Ipswich Town,GK,45,Liverpool,True,u,0.0
3,582,Brian_Madjo,Madjo,Aston Villa,FWD,55,Hull City,False,i,0.0
3,612,Dayann_Méthalie,Methalie,Sunderland,DEF,45,Brentford,False,s,0.0
4,411,Erling_Haaland,Haaland,Man City,FWD,155,Man Utd,False,a,6.4828835
4,368,Dominik_Szoboszlai,Szoboszlai,Liverpool,MID,70,Fulham,True,a,6.4718175
4,427,Bryan_Mbeumo,Mbeumo,Man Utd,MID,80,Man City,True,a,5.7910476
4,388,Marc_Guéhi,Guéhi,Man City,DEF,60,Man Utd,False,a,5.72896
4,4,Gabriel_dos Santos Magalhães,Gabriel,Arsenal,DEF,80,Sunderland,False,a,5.424075
4,115,Maxim_De Cuyper,De Cuyper,Brighton,DEF,46,Coventry City,False,a,5.4234014
4,40,Morgan_Rogers,Rogers,Chelsea,MID,75,Hull City,True,a,5.3252034
4,426,Bruno_Borges Fernandes,B.Fernandes,Man Utd,MID,120,Man City,True,a,5.276257
4,356,Virgil_van Dijk,Virgil,Liverpool,DEF,65,Fulham,True,a,5.2597966
4,12,Bukayo_Saka,Saka,Arsenal,MID,95,Sunderland,False,a,5.188527
4,123,Jack_Hinshelwood,Hinshelwood,Brighton,MID,60,Coventry City,False,d,5.139329
4,379,Alexander_Isak,Isak,Liverpool,FWD,90,Fulham,True,a,4.7919316
4,106,Igor Thiago_Nascimento Rodrigues,Thiago,Brentford,FWD,80,Bournemouth,False,a,4.6819596
4,237,Iliman_Ndiaye,Ndiaye,Everton,MID,60,Spurs,False,a,4.6698813
4,428,Matheus_Santos Carneiro da Cunha,Cunha,Man Utd,MID,80,Man City,True,a,4.640884
4,397,Antoine_Semenyo,Semenyo,Man City,MID,85,Man Utd,False,a,4.638357
4,165,João Pedro_Junqueira de Jesus,João Pedro,Chelsea,FWD,76,Hull City,True,a,4.62221
4,10,Benjamin_White,White,Arsenal,DEF,55,Sunderland,False,a,4.5802426
4,86,Keane_Lewis-Potter,Lewis-Potter,Brentford,MID,55,Bournemouth,False,a,4.3660803
4,399,Rayan_Cherki,Cherki,Man City,MID,75,Man Utd,False,a,4.2384467
4,569,Gonzalo_García,Gonzalo,Fulham,FWD,60,Liverpool,False,a,4.2237115
4,367,Cody_Gakpo,Gakpo,Liverpool,MID,70,Fulham,True,a,4.14164
4,229,James_Tarkowski,Tarkowski,Everton,DEF,60,Spurs,False,a,4.096146
4,464,Yoane_Wissa,Wissa,Newcastle,FWD,60,Leeds,False,a,4.0885863
4,1,David_Raya Martín,Raya,Arsenal,GK,60,Sunderland,False,a,4.0826755
4,236,Kiernan_Dewsbury-Hall,Dewsbury-Hall,Everton,MID,65,Spurs,False,a,4.045531
4,316,Emersonn_Correia da Silva,Emersonn,Ipswich Town,FWD,55,Crystal Palace,False,a,4.0119505
4,154,Cole_Palmer,Palmer,Chelsea,MID,95,Hull City,True,a,4.010693
4,391,Joško_Gvardiol,Gvardiol,Man City,DEF,55,Man Utd,False,a,3.988783
4,249,Thierno_Barry,Barry,Everton,FWD,55,Spurs,False,a,3.9731433
4,591,Julio_Enciso,Enciso,Ipswich Town,MID,55,Crystal Palace,False,a,3.9583313
4,557,Christos_Tzolis,Tzolis,Arsenal,MID,65,Sunderland,False,a,3.9580383
4,371,Ryan_Gravenberch,Gravenberch,Liverpool,MID,60,Fulham,True,a,3.955004
4,387,Nico_O'Reilly,O'Reilly,Man City,DEF,65,Man Utd,False,a,3.9334078
4,127,Diego_Gómez Amarilla,Gomez,Brighton,MID,50,Coventry City,False,a,3.930212
4,384,Gianluigi_Donnarumma,Donnarumma,Man City,GK,55,Man Utd,False,a,3.8541481
4,15,Martin_Ødegaard,Ødegaard,Arsenal,MID,66,Sunderland,False,a,3.853349
4,8,Riccardo_Calafiori,Calafiori,Arsenal,DEF,56,Sunderland,False,a,3.8429677
4,26,Kai_Havertz,Havertz,Arsenal,FWD,75,Sunderland,False,a,3.8360245
4,335,Anton_Stach,Stach,Leeds,MID,60,Newcastle,True,a,3.8219268
4,98,Vitaly_Janelt,Janelt,Brentford,MID,50,Bournemouth,False,a,3.7944
4,398,Phil_Foden,Foden,Man City,MID,70,Man Utd,False,a,3.745934
4,82,Caoimhín_Kelleher,Kelleher,Brentford,GK,50,Bournemouth,False,a,3.7167492
4,350,Alisson_Becker,A.Becker,Liverpool,GK,55,Fulham,True,a,3.682246
4,88,Michael_Kayode,Kayode,Brentford,DEF,46,Bournemouth,False,a,3.6789417
4,565,Mamadou_Sangaré,M.Sangaré,Brentford,MID,56,Bournemouth,False,a,3.6788414
4,109,Bart_Verbruggen,Verbruggen,Brighton,GK,45,Coventry City,False,a,3.6756816
4,230,Jarrad_Branthwaite,Branthwaite,Everton,DEF,55,Spurs,False,a,3.6754138
4,226,Jordan_Pickford,Pickford,Everton,GK,55,Spurs,False,a,3.6520042
4,472,Murillo_Costa dos Santos,Murillo,Nott'm Forest,DEF,55,Aston Villa,False,a,3.628077
4,366,Florian_Wirtz,Wirtz,Liverpool,MID,75,Fulham,True,a,3.6013594
4,346,Dominic_Calvert-Lewin,Calvert-Lewin,Leeds,FWD,60,Newcastle,True,a,3.5659556
4,87,Kristoffer_Ajer,Ajer,Brentford,DEF,45,Bournemouth,False,a,3.5650473
4,84,Nathan_Collins,Collins,Brentford,DEF,55,Bournemouth,False,a,3.5348177
4,94,Kevin_Schade,Schade,Brentford,MID,60,Bournemouth,False,a,3.5204034
4,385,James_Trafford,Trafford,Leeds,GK,50,Newcastle,True,a,3.5120592
4,11,Cristhian_Mosquera,Mosquera,Arsenal,DEF,55,Sunderland,False,a,3.499498
4,357,Jeremie_Frimpong,Frimpong,Liverpool,DEF,55,Fulham,True,a,3.4538126
4,327,Jaka_Bijol,Bijol,Leeds,DEF,50,Newcastle,True,a,3.4476259
4,334,Tarik_Muharemović,Muharemović,Leeds,DEF,50,Newcastle,True,a,3.4302979
4,125,Georginio_Rutter,Georginio,Brighton,FWD,55,Coventry City,False,d,3.4296973
4,41,Emiliano_Buendía Stati,Buendía,Aston Villa,MID,60,Nott'm Forest,True,a,3.429252
4,504,Luka_Vušković,Vuskovic,Brighton,DEF,50,Coventry City,False,a,3.4013624
4,290,Regan_Slater,Slater,Hull City,MID,45,Chelsea,False,a,3.3946545
4,473,Ola_Aina,Aina,Nott'm Forest,DEF,45,Aston Villa,False,a,3.369864
4,572,Konstantinos_Tzolakis,Tzolakis,Hull City,GK,45,Chelsea,False,a,3.3666556
4,418,Harry_Maguire,Maguire,Man Utd,DEF,50,Man City,True,a,3.3106513
4,198,Dean_Henderson,Henderson,Crystal Palace,GK,50,Ipswich Town,True,a,3.3049726
4,362,Jeremy_Jacquet,Jacquet,Liverpool,DEF,50,Fulham,True,a,3.2597547
4,68,Marcus_Tavernier,Tavernier,Bournemouth,MID,60,Brentford,True,a,3.251612
4,259,Issa_Diop,Diop,Ipswich Town,DEF,40,Crystal Palace,False,a,3.2463586
4,13,Declan_Rice,Rice,Arsenal,MID,75,Sunderland,False,a,3.240124
4,200,Maxence_Lacroix,Lacroix,Chelsea,DEF,60,Hull City,True,a,3.2357464
4,244,Harrison_Armstrong,Armstrong,Everton,MID,50,Spurs,False,a,3.234742
4,358,Milos_Kerkez,Kerkez,Liverpool,DEF,55,Fulham,True,a,3.2342992
4,210,Adam_Wharton,Wharton,Crystal Palace,MID,55,Ipswich Town,True,a,3.2247417
4,268,Josh_King,King,Fulham,MID,55,Liverpool,False,a,3.2229207
4,295,Oli_McBurnie,McBurnie,Hull City,FWD,55,Chelsea,False,a,3.2172687
4,390,Rúben_dos Santos Gato Alves Dias,Rúben,Man City,DEF,55,Man Utd,False,a,3.205386
4,329,Joe_Rodon,Rodon,Leeds,DEF,45,Newcastle,True,a,3.1758754
4,202,Chris_Richards,Richards,Crystal Palace,DEF,50,Ipswich Town,True,a,3.1472256
4,393,Abdukodir_Khusanov,Khusanov,Man City,DEF,55,Man Utd,False,a,3.1460142
4,124,Pascal_Groß,Groß,Brighton,MID,55,Coventry City,False,a,3.1324496
4,32,Matty_Cash,Cash,Aston Villa,DEF,45,Nott'm Forest,True,a,3.1209378
4,233,Vitalii_Mykolenko,Mykolenko,Everton,DEF,45,Spurs,False,a,3.11561
4,277,John_Egan,Egan,Hull City,DEF,40,Chelsea,False,a,3.0998573
4,116,Lewis_Dunk,Dunk,Brighton,DEF,45,Coventry City,False,a,3.0496414
4,332,James_Justin,Justin,Leeds,DEF,45,Newcastle,True,a,3.0483918
4,544,Granit_Xhaka,Xhaka,Sunderland,MID,55,Arsenal,True,a,3.0158408
4,130,Mats_Wieffer,Wieffer,Brighton,DEF,50,Coventry City,False,a,3.0075753
4,412,Senne_Lammens,Lammens,Man Utd,GK,50,Man City,True,a,2.9953623
4,214,Daichi_Kamada,Kamada,Crystal Palace,MID,50,Ipswich Town,True,a,2.9742494
4,51,George_Hemmings,George Hemmings,Aston Villa,MID,45,Nott'm Forest,True,a,2.9732614
4,467,Matz_Sels,Sels,Nott'm Forest,GK,50,Aston Villa,False,a,2.9665287
4,43,Youri_Tielemans,Tielemans,Man Utd,MID,60,Man City,True,a,2.9409466
4,7,Myles_Lewis-Skelly,Lewis-Skelly,Arsenal,MID,55,Sunderland,False,a,2.9382586
4,260,Harry_Wilson,Wilson,Leeds,MID,65,Newcastle,True,a,2.9201639
4,267,Saša_Lukić,Lukić,Ipswich Town,MID,50,Crystal Palace,False,a,2.9180338
4,45,John_McGinn,McGinn,Aston Villa,MID,55,Nott'm Forest,True,a,2.914751
4,47,Boubacar_Kamara,Kamara,Aston Villa,MID,50,Nott'm Forest,True,a,2.9058158
4,79,Francisco Evanilson_de Lima Barbosa,Evanilson,Bournemouth,FWD,60,Brentford,True,a,2.9010227
4,305,Leif_Davis,Davis,Ipswich Town,DEF,40,Crystal Palace,False,a,2.900185
4,377,Victor_Munoz,Munoz,Liverpool,MID,65,Fulham,True,a,2.8886402
4,29,Marco_Bizot,M.Bizot,Aston Villa,GK,45,Nott'm Forest,True,a,2.887301
4,250,Bernd_Leno,Leno,Fulham,GK,45,Liverpool,False,a,2.8862092
4,469,Neco_Williams,N.Williams,Nott'm Forest,DEF,50,Aston Villa,False,a,2.8840852
4,338,Ethan_Ampadu,Ampadu,Leeds,MID,55,Newcastle,True,a,2.864649
4,330,Jayden_Bogle,Bogle,Leeds,DEF,45,Newcastle,True,a,2.8634057
4,286,Mohamed_Belloumi,Belloumi,Hull City,MID,50,Chelsea,False,a,2.844512
4,95,Dango_Ouattara,O.Dango,Brentford,MID,65,Bournemouth,False,a,2.837838
4,471,Nikola_Milenković,Milenković,Nott'm Forest,DEF,55,Aston Villa,False,a,2.7989056
4,454,Anthony_Elanga,Elanga,Newcastle,MID,60,Leeds,False,a,2.7915604
4,498,Marcos_Senesi Barón,Senesi,Spurs,DEF,60,Everton,True,a,2.7829025
4,564,Kjell_Scherpen,Scherpen,Ipswich Town,GK,45,Crystal Palace,False,a,2.7813675
4,67,Rayan Vitor_Simplício Rocha,Rayan,Bournemouth,MID,65,Brentford,True,a,2.7694366
4,258,Timothy_Castagne,Castagne,Fulham,DEF,45,Liverpool,False,a,2.7382092
4,46,Ross_Barkley,Barkley,Aston Villa,MID,50,Nott'm Forest,True,a,2.7139153
4,474,Jair_Paula da Cunha Filho,Jair Cunha,Nott'm Forest,DEF,45,Aston Villa,False,a,2.7107472
4,242,Tyrique_George,George,Everton,MID,55,Spurs,False,a,2.7053132
4,261,Alex_Iwobi,Iwobi,Fulham,MID,55,Liverpool,False,a,2.6935387
4,162,Andrey_Nascimento dos Santos,Andrey Santos,Man Utd,MID,50,Man City,True,a,2.6845593
4,264,Oscar_Bobb,Bobb,Fulham,MID,55,Liverpool,False,a,2.6802304
4,480,Morgan_Gibbs-White,Gibbs-White,Nott'm Forest,MID,80,Aston Villa,False,a,2.6797884
4,486,James_McAtee,McAtee,Nott'm Forest,MID,55,Aston Villa,False,a,2.679013
4,423,Luke_Shaw,Shaw,Man Utd,DEF,45,Man City,True,a,2.661205
4,369,Rio_Ngumoha,Ngumoha,Liverpool,MID,60,Fulham,True,a,2.6602952
4,491,Igor Jesus_Maciel da Cruz,Igor Jesus,Nott'm Forest,FWD,60,Aston Villa,False,a,2.6549716
4,289,Matt_Crooks,Crooks,Hull City,MID,45,Chelsea,False,a,2.6532593
4,552,Brian_Brobbey,Brobbey,Sunderland,FWD,60,Arsenal,True,a,2.6499171
4,142,Reece_James,James,Chelsea,DEF,55,Hull City,True,a,2.639082
4,455,Sandro_Tonali,Tonali,Spurs,MID,55,Everton,True,a,2.5932074
4,337,Brenden_Aaronson,Aaronson,Leeds,MID,55,Newcastle,True,a,2.5812824
4,69,Alex_Scott,Scott,Bournemouth,MID,60,Brentford,True,a,2.5664554
4,36,Ian_Maatsen,Maatsen,Aston Villa,DEF,45,Nott'm Forest,True,a,2.541697
4,429,Marcus_Rashford,Rashford,Man Utd,MID,70,Man City,True,a,2.5247183
4,204,Tyrick_Mitchell,Mitchell,Crystal Palace,DEF,45,Ipswich Town,True,a,2.5134492
4,514,Mathys_Tel,Tel,Spurs,MID,60,Everton,True,a,2.5112145
4,453,Harvey_Barnes,Barnes,Newcastle,MID,60,Leeds,False,a,2.5028698
4,140,Robert_Lynch Sánchez,Sánchez,Chelsea,GK,50,Hull City,True,a,2.5022058
4,449,Lewis_Hall,Hall,Newcastle,DEF,50,Leeds,False,a,2.4823706
4,586,Nobel_Mendy,Mendy,Hull City,DEF,40,Chelsea,False,a,2.4536996
4,542,Enzo_Le Fée,E.Le Fée,Sunderland,MID,60,Arsenal,True,a,2.4479165
4,223,Jean-Philippe_Mateta,Mateta,Crystal Palace,FWD,65,Ipswich Town,True,a,2.446781
4,224,Eddie_Nketiah,Nketiah,Crystal Palace,FWD,55,Ipswich Town,True,a,2.444347
4,61,Adrien_Truffert,Truffert,Bournemouth,DEF,55,Brentford,True,a,2.4345253
4,70,Justin_Kluivert,Kluivert,Bournemouth,MID,60,Brentford,True,a,2.4303207
4,315,Abdul_Fatawu,Fatawu,Ipswich Town,MID,55,Crystal Palace,False,a,2.4245853
4,282,Ryan_Giles,Giles,Hull City,DEF,40,Chelsea,False,a,2.4228115
4,439,Benjamin_Sesko,Šeško,Man Utd,FWD,70,Man City,True,a,2.417657
4,34,Pau_Torres,Pau,Aston Villa,DEF,45,Nott'm Forest,True,a,2.4151695
4,306,Jacob_Greaves,Greaves,Ipswich Town,DEF,40,Crystal Palace,False,a,2.4086363
4,97,Mathias_Jensen,Jensen,Brentford,MID,55,Bournemouth,False,a,2.386146
4,246,Merlin_Röhl,Röhl,Everton,MID,50,Spurs,False,a,2.3709266
4,304,Dara_O'Shea,O'Shea,Ipswich Town,DEF,40,Crystal Palace,False,a,2.3676085
4,201,Daniel_Muñoz Mejía,Muñoz,Crystal Palace,DEF,55,Ipswich Town,True,a,2.346633
4,247,Hayden_Hackney,Hackney,Everton,MID,55,Spurs,False,d,2.3432794
4,422,Noussair_Mazraoui,Mazraoui,Man Utd,DEF,45,Man City,True,a,2.3407881
4,203,Jaydee_Canvot,Canvot,Crystal Palace,DEF,50,Ipswich Town,True,a,2.3405576
4,309,Marcelino_Núñez,Núñez,Ipswich Town,MID,50,Crystal Palace,False,a,2.3324037
4,114,Olivier_Boscagli,Boscagli,Brighton,DEF,45,Coventry City,False,a,2.3083708
4,112,Jan Paul_van Hecke,Van Hecke,Spurs,DEF,50,Everton,True,a,2.2959101
4,254,Antonee_Robinson,Robinson,Fulham,DEF,45,Liverpool,False,a,2.2955656
4,483,Dan_Ndoye,Ndoye,Nott'm Forest,MID,55,Aston Villa,False,a,2.289407
4,421,Ayden_Heaven,Heaven,Man Utd,DEF,45,Man City,True,a,2.2874296
4,579,Ronald_Araujo,Araujo,Liverpool,DEF,55,Fulham,True,a,2.2862353
4,144,Malo_Gusto,Gusto,Chelsea,DEF,50,Hull City,True,a,2.2770329
4,545,Noah_Sadiki,Sadiki,Sunderland,MID,50,Arsenal,True,a,2.267738
4,279,Semi_Ajayi,Ajayi,Hull City,DEF,40,Chelsea,False,a,2.2630005
4,265,Sander_Berge,Berge,Fulham,MID,50,Liverpool,False,a,2.251938
4,57,Đorđe_Petrović,Petrović,Bournemouth,GK,45,Brentford,True,a,2.2335393
4,445,Malick_Thiaw,Thiaw,Newcastle,DEF,50,Leeds,False,a,2.2328272
4,534,Trai_Hume,Hume,Sunderland,DEF,45,Arsenal,True,a,2.2007616
4,523,Mikey_Moore,Moore,Spurs,MID,50,Everton,True,a,2.192618
4,257,Calvin_Bassey,Bassey,Fulham,DEF,45,Liverpool,False,a,2.1877604
4,151,Josh_Acheampong,Acheampong,Chelsea,DEF,45,Hull City,True,a,2.1675115
4,576,Elliot_Stroud,Stroud,Hull City,MID,50,Chelsea,False,a,2.1519907
4,496,Antonín_Kinský,Kinsky,Spurs,GK,45,Everton,True,a,2.1495957
4,241,Dwight_McNeil,McNeil,Crystal Palace,MID,55,Ipswich Town,True,a,2.1484187
4,527,Richarlison_de Andrade,Richarlison,Spurs,FWD,60,Everton,True,a,2.1287975
4,529,Robin_Roefs,Roefs,Sunderland,GK,50,Arsenal,True,a,2.1005938
4,570,César_Palacios,Palacios,Fulham,MID,55,Liverpool,False,a,2.0818224
4,60,James_Hill,Hill,Bournemouth,DEF,55,Brentford,True,a,2.0786877
4,129,Yasin_Ayari,Ayari,Brighton,MID,55,Coventry City,False,a,2.0641153
4,522,Archie_Gray,Gray,Spurs,MID,50,Everton,True,a,2.0511723
4,403,Sávio_Moreira de Oliveira,Sávio,Spurs,MID,65,Everton,True,a,2.0497124
4,190,Loum_Tchaouna,Tchaouna,Coventry City,MID,55,Brighton,True,a,1.9954455
4,255,Jorge_Cuenca Barreno,J.Cuenca,Fulham,DEF,45,Liverpool,False,a,1.9748423
4,567,Lukás_Hornícek,Horníček,Newcastle,GK,50,Leeds,False,a,1.9664781
4,447,Sven_Botman,Botman,Newcastle,DEF,50,Leeds,False,a,1.965594
4,459,Lewis_Miley,L.Miley,Newcastle,MID,55,Leeds,False,a,1.9543604
4,460,Joe_Willock,Willock,Newcastle,MID,50,Leeds,False,a,1.8891723
4,184,Matt_Grimes,Grimes,Coventry City,MID,50,Brighton,True,a,1.8803722
4,37,Victor_Lindelöf,Lindelöf,Aston Villa,DEF,45,Nott'm Forest,True,a,1.8718002
4,389,Matheus_Nunes,Matheus N.,Man City,DEF,60,Man Utd,False,d,1.8631135
4,195,Ellis_Simms,Simms,Coventry City,FWD,50,Brighton,True,a,1.8589084
4,532,Daniel_Ballard,Ballard,Sunderland,DEF,50,Arsenal,True,a,1.8419057
4,104,Frank_Onyeka,Onyeka,Coventry City,MID,50,Brighton,True,a,1.8329251
4,502,Andrew_Robertson,Robertson,Spurs,DEF,45,Everton,True,a,1.8229488
4,155,Enzo_Fernández,Enzo,Chelsea,MID,70,Hull City,True,a,1.819495
4,211,Yéremy_Pino Santos,Yeremy,Crystal Palace,MID,55,Ipswich Town,True,a,1.8038806
4,536,Reinildo_Mandava,Reinildo,Sunderland,DEF,45,Arsenal,True,a,1.8011873
4,194,Brandon_Thomas-Asante,Thomas-Asante,Coventry City,FWD,50,Brighton,True,a,1.7825296
4,71,Lewis_Cook,Cook,Bournemouth,MID,50,Brentford,True,a,1.7818806
4,432,Kobbie_Mainoo,Mainoo,Man Utd,MID,55,Man City,True,a,1.7695609
4,588,Anan_Khalaili,Khalaili,Crystal Palace,DEF,50,Ipswich Town,True,a,1.7579798
4,562,Daizen_Maeda,Maeda,Ipswich Town,MID,55,Crystal Palace,False,a,1.7462145
4,566,António João_Pereira de Albuquerque Tavares da Silva,Silva,Bournemouth,DEF,50,Brentford,True,a,1.6983333
4,149,Levi_Samuels Colwill,Colwill,Chelsea,DEF,50,Hull City,True,a,1.693965
4,372,Alexis_Mac Allister,Mac Allister,Liverpool,MID,55,Fulham,True,a,1.6698507
4,33,Tyrone_Mings,Mings,Aston Villa,DEF,45,Nott'm Forest,True,a,1.6447753
4,395,Rico_Lewis,Lewis,Man City,DEF,45,Man Utd,False,a,1.6432388
4,516,Rodrigo_Bentancur,Bentancur,Spurs,MID,55,Everton,True,a,1.6431937
4,161,Roméo_Lavia,Lavia,Chelsea,MID,50,Hull City,True,a,1.6234821
4,280,Lewie_Coyle,Coyle,Hull City,DEF,40,Chelsea,False,a,1.6025158
4,551,Nilson_Angulo,Angulo,Sunderland,MID,50,Arsenal,True,a,1.5473112
4,525,Mateus_Fernandes,Fernandes,Spurs,MID,60,Everton,True,a,1.5264837
4,575,Caleb_Yirenkyi,Yirenkyi,Coventry City,MID,50,Brighton,True,a,1.5253189
4,520,Lucas_Bergvall,Bergvall,Spurs,MID,55,Everton,True,a,1.5212262
4,526,Dominic_Solanke-Mitchell,Solanke,Spurs,FWD,60,Everton,True,a,1.5044643
4,519,Conor_Gallagher,Gallagher,Spurs,MID,55,Everton,True,a,1.4841545
4,105,Jaidon_Anthony,Anthony,Brentford,MID,60,Bournemouth,False,a,1.4532892
4,42,Evann_Guessand,Guessand,Crystal Palace,MID,55,Ipswich Town,True,a,1.4520974
4,188,Victor_Torp,Torp,Coventry City,MID,55,Brighton,True,a,1.4349194
4,481,Elliot_Anderson,Anderson,Man City,MID,64,Man Utd,False,a,1.4284679
4,35,Lamare_Bogarde,Bogarde,Aston Villa,MID,50,Nott'm Forest,True,a,1.4154052
4,148,Jorrel_Hato,Hato,Chelsea,DEF,45,Hull City,True,a,1.4107559
4,239,James_Garner,Garner,Everton,MID,60,Spurs,False,a,1.3747332
4,490,Chris_Wood,Wood,Nott'm Forest,FWD,60,Aston Villa,False,a,1.3718363
4,417,Diogo_Dalot Teixeira,Dalot,Man Utd,DEF,50,Man City,True,a,1.3704158
4,238,Jack_Grealish,Grealish,Man City,MID,65,Man Utd,False,a,1.3604848
4,593,Amar_Dedic,Dedić,Newcastle,DEF,45,Leeds,False,a,1.360243
4,14,Eberechi_Eze,Eze,Arsenal,MID,65,Sunderland,False,a,1.3437185
4,222,Jørgen_Strand Larsen,Strand Larsen,Crystal Palace,FWD,60,Ipswich Town,True,a,1.319798
4,336,Noah_Okafor,Okafor,Leeds,MID,60,Newcastle,True,a,1.298869
4,64,Adam_Smith,Smith,Bournemouth,DEF,45,Brentford,True,a,1.2872959
4,549,Chemsdine_Talbi,Talbi,Sunderland,MID,55,Arsenal,True,a,1.2843479
4,156,Pedro_Lomba Neto,Neto,Chelsea,MID,65,Hull City,True,a,1.281123
4,462,Sean_Steur,Steur,Newcastle,MID,50,Leeds,False,a,1.2809739
4,102,Yehor_Yarmoliuk,Yarmoliuk,Brentford,MID,50,Bournemouth,False,a,1.2808241
4,160,Alejandro_Garnacho Ferreyra,Garnacho,Aston Villa,MID,60,Nott'm Forest,True,a,1.2778848
4,183,Jack_Rudoni,Rudoni,Coventry City,MID,50,Brighton,True,a,1.2729251
4,16,Noni_Madueke,Madueke,Arsenal,MID,64,Sunderland,False,a,1.2679178
4,406,Mateo_Kovačić,Kovačić,Man City,MID,55,Man Utd,False,a,1.2577076
4,119,João Pedro_Loureiro da Costa,Costinha,Brighton,DEF,45,Coventry City,False,a,1.2573527
4,9,Piero_Hincapié,Hincapie,Arsenal,DEF,54,Sunderland,False,a,1.2559947
4,110,Carl_Rushworth,Rushworth,Coventry City,GK,45,Brighton,True,a,1.2463304
4,173,Bobby_Thomas,Thomas,Coventry City,DEF,40,Brighton,True,a,1.2444901
4,209,Brennan_Johnson,Johnson,Everton,MID,60,Spurs,False,a,1.2399962
4,478,Luca_Netz,Netz,Nott'm Forest,DEF,45,Aston Villa,False,a,1.2366258
4,583,Pep_Chavarría,Chavarria,Chelsea,DEF,50,Hull City,True,a,1.2335143
4,269,Ryan_Sessegnon,Sessegnon,Fulham,DEF,45,Liverpool,False,a,1.2227925
4,596,Matteo_Ruggeri,Ruggeri,Aston Villa,DEF,45,Nott'm Forest,True,a,1.2058399
4,492,Taiwo_Awoniyi,Awoniyi,Coventry City,FWD,55,Brighton,True,a,1.1991748
4,90,Aaron_Hickey,Hickey,Brentford,DEF,45,Bournemouth,False,a,1.1898022
4,515,James_Maddison,Maddison,Spurs,MID,65,Everton,True,d,1.1870848
4,248,Norberto Bercique_Gomes Betuncal,Beto,Everton,FWD,55,Spurs,False,a,1.1844596
4,19,Martín_Zubimendi Ibáñez,Zubimendi,Arsenal,MID,55,Sunderland,False,a,1.1822139
4,541,Thomas_Meunier,Meunier,Sunderland,DEF,45,Arsenal,True,a,1.1817561
4,55,Ollie_Watkins,Watkins,Aston Villa,FWD,79,Nott'm Forest,True,a,1.1705477
4,415,Patrick_Dorgu,Dorgu,Man Utd,MID,60,Man City,True,a,1.1579021
4,535,Omar_Alderete,Alderete,Sunderland,DEF,50,Arsenal,True,a,1.1536144
4,558,Xaver_Schlager,Schlager,Nott'm Forest,MID,50,Aston Villa,False,a,1.1533301
4,580,Shea_Charles,Charles,Fulham,MID,50,Liverpool,False,a,1.1463248
4,381,Lewis_Koumas,Koumas,Liverpool,MID,50,Fulham,True,a,1.1443516
4,175,Milan_van Ewijk,van Ewijk,Coventry City,DEF,40,Brighton,True,a,1.1384184
4,553,Wilson_Isidor,Isidor,Sunderland,FWD,55,Arsenal,True,a,1.1319357
4,263,Kevin_Santos Lopes de Macedo,Kevin,Fulham,MID,55,Liverpool,False,a,1.1249216
4,96,Mikkel_Damsgaard,Damsgaard,Brentford,MID,55,Bournemouth,False,a,1.1218864
4,108,Callum_Wilson,Wilson,Brentford,FWD,55,Bournemouth,False,a,1.1097939
4,584,Gustavo_Hamer,Hamer,Coventry City,MID,55,Brighton,True,a,1.1023322
4,608,Daniel_Jebbison,Jebbison,Bournemouth,FWD,50,Brentford,True,a,1.0965024
4,157,Estêvão_Almeida de Oliveira Gonçalves,Estêvão,Chelsea,MID,65,Hull City,True,a,1.0915639
4,17,Mikel_Merino Zazón,Merino,Arsenal,MID,60,Sunderland,False,a,1.0915182
4,320,Chuba_Akpom,Akpom,Ipswich Town,FWD,50,Crystal Palace,False,a,1.0896161
4,401,Omar_Marmoush,Marmoush,Spurs,FWD,70,Everton,True,a,1.0651517
4,52,Alysson Edward Franco_da Rocha dos Santos,Alysson,Aston Villa,MID,50,Nott'm Forest,True,a,1.0552087
4,543,Habib_Diarra,Diarra,Sunderland,MID,55,Arsenal,True,a,1.0544151
4,539,Luke_O'Nien,O'Nien,Sunderland,DEF,40,Arsenal,True,a,1.0467912
4,135,Zadok_Yohanna,Yohanna,Brighton,MID,50,Coventry City,False,a,1.0460665
4,73,Tyler_Adams,Adams,Bournemouth,MID,50,Brentford,True,a,1.0326107
4,577,Takehiro_Tomiyasu,Tomiyasu,Crystal Palace,DEF,45,Ipswich Town,True,a,1.0253553
4,600,Ibrahim_Osman,Osman,Brighton,MID,50,Coventry City,False,a,1.0209194
4,456,Jacob_Ramsey,J.Ramsey,Newcastle,MID,50,Leeds,False,a,0.9987857
4,323,Kasey_McAteer,McAteer,Ipswich Town,MID,45,Crystal Palace,False,a,0.9953001
4,585,Lucas_Herrington,Herrington,Hull City,DEF,40,Chelsea,False,a,0.9594239
4,435,Shea_Lacey,Lacey,Man Utd,MID,50,Man City,True,a,0.9487793
4,339,Sean_Longstaff,Longstaff,Leeds,MID,50,Newcastle,True,a,0.94695646
4,164,Geovany_Quenda,Quenda,Chelsea,MID,55,Hull City,True,a,0.94575375
4,271,Rodrigo_Muniz Carvalho,Muniz,Fulham,FWD,55,Liverpool,False,a,0.9427848
4,138,Charalampos_Kostoulas,Kostoulas,Brighton,FWD,55,Coventry City,False,a,0.93872267
4,182,Aurèle_Amenda,Amenda,Coventry City,DEF,40,Brighton,True,a,0.9315047
4,243,Carlos_Alcaraz Durán,Alcaraz,Everton,MID,50,Spurs,False,a,0.91383606
4,176,Jay_Dasilva,Dasilva,Coventry City,DEF,40,Brighton,True,a,0.91361153
4,281,Cody_Drameh,Drameh,Hull City,DEF,40,Chelsea,False,a,0.909497
4,76,Alex_Tóth,Tóth.A,Bournemouth,MID,50,Brentford,True,a,0.9067102
4,28,Emiliano_Martínez Romero,Martinez,Aston Villa,GK,50,Nott'm Forest,True,a,0.9052802
4,313,Jack_Clarke,Clarke,Ipswich Town,MID,55,Crystal Palace,False,a,0.90109324
4,559,Aladji_Bamba,Bamba,Newcastle,MID,50,Leeds,False,a,0.9004071
4,285,Paddy_McNair,McNair,Hull City,DEF,40,Chelsea,False,a,0.88867474
4,446,Fabian_Schär,Schär,Newcastle,DEF,50,Leeds,False,a,0.87115747
4,548,Chris_Rigg,Rigg,Sunderland,MID,50,Arsenal,True,a,0.87100244
4,321,Sindre_Walle Egeli,Walle Egeli,Ipswich Town,FWD,45,Crystal Palace,False,a,0.8575609
4,506,Destiny_Udogie,Udogie,Spurs,DEF,45,Everton,True,a,0.7698677
4,493,Arnaud_Kalimuendo,Kalimuendo,Nott'm Forest,FWD,55,Aston Villa,False,a,0.7662823
4,605,Malick_Yalcouyé,Yalcouyé,Brighton,MID,45,Coventry City,False,a,0.71947086
4,31,Ezri_Konsa Ngoyo,Konsa,Arsenal,DEF,45,Sunderland,False,a,0.69794947
4,72,Ben_Gannon-Doak,Gannon-Doak,Bournemouth,MID,50,Brentford,True,a,0.69551265
4,581,Ousmane_Diomande,Diomande,Nott'm Forest,DEF,55,Aston Villa,False,a,0.6920447
4,457,Jacob_Murphy,J.Murphy,Newcastle,MID,60,Leeds,False,a,0.67882437
4,592,Abdoul_Ouattara,Ouattara,Ipswich Town,DEF,40,Crystal Palace,False,a,0.65486765
4,556,Matt_Targett,Targett,Hull City,DEF,40,Chelsea,False,a,0.50651884
4,392,Rayan_Aït-Nouri,Aït-Nouri,Man City,DEF,55,Man Utd,False,a,0.4571425
4,25,Viktor_Gyökeres,Gyökeres,Arsenal,FWD,74,Sunderland,False,a,0.45657858
4,419,Lisandro_Martínez,Martinez,Man Utd,DEF,50,Man City,True,a,0.4563258
4,611,Aaron_Wan-Bissaka,Wan-Bissaka,Aston Villa,DEF,45,Nott'm Forest,True,a,0.42017815
4,470,Felipe_Rodrigues da Silva,Morato,Nott'm Forest,DEF,50,Aston Villa,False,a,0.41908967
4,482,Callum_Hudson-Odoi,Hudson-Odoi,Nott'm Forest,MID,60,Aston Villa,False,a,0.40559855
4,253,Joachim_Andersen,Andersen,Fulham,DEF,50,Liverpool,False,a,0.39752528
4,597,Zion_Suzuki,Suzuki,Aston Villa,GK,50,Nott'm Forest,True,a,0.38300392
4,159,Moisés_Caicedo Corozo,Caicedo,Chelsea,MID,55,Hull City,True,d,0.37414327
4,484,Omari_Hutchinson,Hutchinson,Nott'm Forest,MID,55,Aston Villa,False,a,0.36346686
4,533,Nordi_Mukiele,Mukiele,Sunderland,DEF,55,Arsenal,True,a,0.35107186
4,420,Leny_Yoro,Yoro,Man Utd,DEF,50,Man City,True,a,0.34516418
4,328,Pascal_Struijk,Struijk,Brighton,DEF,50,Coventry City,False,a,0.3091072
4,152,Marco_Palestra,Palestra,Chelsea,DEF,55,Hull City,True,d,0.30668792
4,167,Liam_Delap,Delap,Nott'm Forest,FWD,55,Aston Villa,False,a,0.30180877
4,44,Leon_Bailey,Bailey,Aston Villa,MID,55,Nott'm Forest,True,a,0.290703
4,231,Michael_Keane,Keane,Everton,DEF,50,Spurs,False,a,0.28405485
4,431,Amad_Diallo,Amad,Man Utd,MID,59,Man City,True,d,0.26479888
4,145,Wesley_Fofana,Fofana,Chelsea,DEF,50,Hull City,True,a,0.2625873
4,487,Nicolás_Domínguez,Dominguez,Nott'm Forest,MID,50,Aston Villa,False,a,0.26179385
4,232,Jake_O'Brien,O'Brien,Everton,DEF,50,Spurs,False,a,0.25649533
4,463,Nick_Woltemade,Woltemade,Newcastle,FWD,60,Leeds,False,a,0.2513957
4,287,Liam_Millar,Millar,Hull City,MID,50,Chelsea,False,a,0.24701315
4,256,Kenny_Tete,Tete,Fulham,DEF,45,Liverpool,False,a,0.24664815
4,442,Nick_Pope,Pope,Newcastle,GK,50,Leeds,False,a,0.24549633
4,452,Bruno_Guimarães Rodriguez Moura,Bruno G.,Arsenal,MID,69,Sunderland,False,d,0.24155365
4,212,Will_Hughes,Hughes,Crystal Palace,MID,45,Ipswich Town,True,a,0.22628011
4,38,Andrés_García,A.García,Aston Villa,DEF,40,Nott'm Forest,True,a,0.22517732
4,499,Pedro_Porro Sauceda,Pedro Porro,Spurs,DEF,55,Everton,True,a,0.21824685
4,186,Ephron_Mason-Clark,Mason-Clark,Coventry City,MID,55,Brighton,True,a,0.21433021
4,113,Ferdi_Kadıoğlu,F.Kadıoğlu,Brighton,DEF,45,Coventry City,False,a,0.20826642
4,62,Bafodé_Diakité,Diakité,Bournemouth,DEF,50,Brentford,True,a,0.20720056
4,405,Nico_González Iglesias,N.Gonzalez,Newcastle,MID,55,Leeds,False,a,0.20174116
4,616,Ayyoub_Bouaddi,Bouaddi,Man City,MID,55,Man Utd,False,a,0.19666584
4,501,Kevin_Danso,Danso,Spurs,DEF,50,Everton,True,a,0.18668818
4,18,Gabriel_Martinelli Silva,Martinelli,Arsenal,MID,64,Sunderland,False,a,0.18569678
4,461,Bazoumana_Touré,Touré,Newcastle,MID,60,Leeds,False,a,0.18437068
4,430,Mason_Mount,Mount,Man Utd,MID,55,Man City,True,d,0.18111268
4,503,Micky_van de Ven,Van de Ven,Spurs,DEF,50,Everton,True,a,0.18059443
4,364,Kostas_Tsimikas,Tsimikas,Liverpool,DEF,50,Fulham,True,a,0.17972633
4,56,Tammy_Abraham,Abraham,Aston Villa,FWD,55,Nott'm Forest,True,d,0.17275621
4,136,Danny_Welbeck,Welbeck,Chelsea,FWD,60,Hull City,True,a,0.17132302
4,512,Mohammed_Kudus,Kudus,Spurs,MID,65,Everton,True,d,0.16538109
4,607,Luka_Lynch,Lynch,Aston Villa,MID,45,Nott'm Forest,True,a,0.16240862
4,120,Michael_Svoboda,Svoboda,Brighton,DEF,50,Coventry City,False,a,0.16030067
4,50,Bradley_Burrowes,Burrowes,Aston Villa,MID,45,Nott'm Forest,True,a,0.15458828
4,262,Emile_Smith Rowe,Smith Rowe,Fulham,MID,55,Liverpool,False,a,0.15281023
4,153,Axel_Disasi,Disasi,Crystal Palace,DEF,45,Ipswich Town,True,a,0.1524998
4,373,Curtis_Jones,C.Jones,Liverpool,MID,55,Fulham,True,d,0.14963947
4,158,Jamie_Bynoe-Gittens,Gittens,Chelsea,MID,60,Hull City,True,a,0.14950155
4,126,Matt_O'Riley,O'Riley,Brighton,MID,55,Coventry City,False,a,0.14934187
4,606,Triston_Rowe,Rowe,Aston Villa,DEF,40,Nott'm Forest,True,a,0.14819157
4,101,Jordan_Henderson,Henderson,Chelsea,MID,50,Hull City,True,d,0.14769708
4,213,Jefferson_Lerma Solís,Lerma,Crystal Palace,MID,50,Ipswich Town,True,a,0.14627922
4,89,Rico_Henry,Henry,Brentford,DEF,45,Bournemouth,False,a,0.14552455
4,325,Karl_Darlow,Darlow,Man Utd,GK,45,Man City,True,a,0.13960066
4,590,Steven_Benda,Benda,Nott'm Forest,GK,45,Aston Villa,False,a,0.13825351
4,468,John Victor_Maciel Furtado,John,Nott'm Forest,GK,45,Aston Villa,False,a,0.13501343
4,185,Tatsuhiro_Sakamoto,Sakamoto,Coventry City,MID,50,Brighton,True,a,0.1349151
4,440,Joshua_Zirkzee,Zirkzee,Man Utd,FWD,55,Man City,True,a,0.13480814
4,245,Tyler_Dibling,Dibling,Everton,MID,55,Spurs,False,a,0.1345659
4,187,Josh_Eccles,Eccles,Coventry City,MID,50,Brighton,True,a,0.13374062
4,489,Ryan_Yates,Yates,Nott'm Forest,MID,45,Aston Villa,False,a,0.13258263
4,436,Toby_Collyer,Collyer,Man Utd,MID,50,Man City,True,a,0.13247924
4,383,Harvey_Elliott,Elliott,Liverpool,MID,55,Fulham,True,a,0.13235596
4,587,Gerónimo_Rulli,Rulli,Man City,GK,50,Man Utd,False,a,0.13178626
4,351,Giorgi_Mamardashvili,Mamardashvili,Liverpool,GK,50,Fulham,True,a,0.13109979
4,166,Nicolas_Jackson,N.Jackson,Chelsea,FWD,65,Hull City,True,a,0.12871422
4,147,Tosin_Adarabioyo,Tosin,Chelsea,DEF,45,Hull City,True,a,0.1280325
4,594,Promise_David,David,Brighton,FWD,60,Coventry City,False,a,0.12220064
4,117,Diego_Coppola,Coppola,Brighton,DEF,45,Coventry City,False,a,0.121893205
4,434,Jack_Fletcher,J.Fletcher,Man Utd,MID,50,Man City,True,a,0.12054202
4,234,Nathan_Patterson,Patterson,Everton,DEF,45,Spurs,False,a,0.11961991
4,497,Martin_Dubravka,Dubravka,Spurs,GK,40,Everton,True,a,0.11876996
4,118,Igor Julio_dos Santos de Paulo,Igor,Brighton,DEF,45,Coventry City,False,a,0.11824794
4,207,Oscar_Mingueza,Mingueza,Crystal Palace,DEF,45,Ipswich Town,True,a,0.11808941
4,74,David_Brooks,Brooks,Bournemouth,MID,50,Brentford,True,a,0.116141476
4,20,Max_Dowman,Dowman,Arsenal,MID,54,Sunderland,False,a,0.11531054
4,215,Justin_Devenny,Devenny,Crystal Palace,MID,50,Ipswich Town,True,a,0.1146598
4,218,Cheick_Doucouré,Doucouré,Crystal Palace,MID,50,Ipswich Town,True,a,0.11416907
4,571,Florentino Ibrain_Morris Luís,Florentino,Ipswich Town,MID,50,Crystal Palace,False,d,0.11411074
4,2,Kepa_Arrizabalaga Revuelta,Arrizabalaga,Arsenal,GK,50,Sunderland,False,a,0.11248446
4,595,Zavier_Gozo,Gozo,Crystal Palace,MID,50,Ipswich Town,True,a,0.11193178
4,219,Jesurun_Rak-Sakyi,J.Rak-Sakyi,Crystal Palace,MID,50,Ipswich Town,True,a,0.11149291
4,477,Zach_Abbott,Abbott,Nott'm Forest,DEF,40,Aston Villa,False,a,0.111128025
4,91,Ethan_Pinnock,Pinnock,Coventry City,DEF,45,Brighton,True,a,0.11099816
4,396,Vitor_de Oliveira Nunes dos Reis,Vitor Reis,Man City,DEF,45,Man Utd,False,a,0.11073417
4,227,Mark_Travers,Travers,Everton,GK,50,Spurs,False,a,0.1106844
4,217,Matheus_França de Oliveira,M.França,Crystal Palace,MID,50,Ipswich Town,True,a,0.110627584
4,205,Borna_Sosa,Sosa,Crystal Palace,DEF,45,Ipswich Town,True,a,0.11057466
4,22,Ethan_Nwaneri,Nwaneri,Arsenal,MID,55,Sunderland,False,a,0.11051458
4,568,Valentín_Barco,Barco,Chelsea,MID,55,Hull City,True,a,0.110390306
4,111,Jason_Steele,Steele,Brighton,GK,40,Coventry City,False,a,0.11030304
4,192,Kai_Andrews,Andrews,Coventry City,MID,45,Brighton,True,a,0.11024806
4,24,Reiss_Nelson,Nelson,Arsenal,MID,55,Sunderland,False,a,0.10931864
4,23,Fábio_Ferreira Vieira,Fábio Vieira,Arsenal,MID,55,Sunderland,False,a,0.10822584
4,345,Tanaka_Ao,Tanaka,Leeds,MID,50,Newcastle,True,a,0.10782749
4,578,Mykhailo_Mudryk,Mudryk,Chelsea,MID,55,Hull City,True,a,0.107806936
4,75,Ryan_Christie,Christie,Bournemouth,MID,50,Brentford,True,a,0.10745885
4,81,Álvaro_Rodríguez,Rodríguez,Bournemouth,FWD,60,Brentford,True,a,0.10741213
4,476,Omar_Richards,O.Richards,Nott'm Forest,DEF,40,Aston Villa,False,a,0.106886975
4,479,Tyler_Bindon,Bindon,Nott'm Forest,DEF,40,Aston Villa,False,a,0.1066291
4,3,Illan_Meslier,Meslier,Arsenal,GK,50,Sunderland,False,a,0.10407048
4,407,Claudio_Echeverri,Echeverri,Man City,MID,50,Man Utd,False,a,0.10184961
4,410,Jeremy_Monga,Monga,Man City,MID,50,Man Utd,False,a,0.10172922
4,270,Harrison_Reed,Reed,Fulham,MID,45,Liverpool,False,a,0.10120872
4,598,Nico_Elvedi,Elvedi,Leeds,DEF,45,Newcastle,True,a,0.100769795
4,573,Juanlu_Sánchez,Sanchez,Bournemouth,DEF,45,Brentford,True,a,0.10036906
4,216,Romain_Esse,Esse,Crystal Palace,MID,50,Ipswich Town,True,a,0.0998581
4,343,Daniel_James,James,Leeds,MID,50,Newcastle,True,a,0.09962566
4,172,Ben_Wilson,Wilson,Coventry City,GK,45,Brighton,True,a,0.09943744
4,150,Mamadou_Sarr,M.Sarr,Chelsea,DEF,45,Hull City,True,a,0.09938618
4,547,Romaine_Mundle,Mundle,Sunderland,MID,50,Arsenal,True,a,0.09870793
4,614,Jaouen_Hadjam,Hadjam,Brighton,DEF,45,Coventry City,False,a,0.09855835
4,374,Endo_Wataru,Endo,Liverpool,MID,50,Fulham,True,a,0.09829491
4,537,Jenson_Seelt,Seelt,Sunderland,DEF,45,Arsenal,True,a,0.09801273
4,189,George_Shepherd,Shepherd,Coventry City,MID,45,Brighton,True,a,0.097356744
4,191,Raphael_Borges Rodrigues,Borges Rodrigues,Coventry City,MID,45,Brighton,True,a,0.094794124
4,58,Fraser_Forster,Forster,Bournemouth,GK,40,Brentford,True,a,0.092864335
4,601,Luca_Williams-Barnett,Williams-Barnett,Spurs,MID,45,Everton,True,a,0.092635304
4,386,Marcus_Bettinelli,Bettinelli,Man City,GK,45,Man Utd,False,a,0.09234078
4,610,Luc_De Fougerolles,De Fougerolles,Fulham,DEF,40,Liverpool,False,d,0.092312545
4,375,Trey_Nyoni,Nyoni,Liverpool,MID,50,Fulham,True,a,0.09168731
4,550,Djiamgone Jocelin Ta_Bi,Jocelin.T,Sunderland,MID,50,Arsenal,True,a,0.09104009
4,27,Gabriel_Fernando de Jesus,G.Jesus,Arsenal,FWD,60,Sunderland,False,a,0.09063728
4,438,Tyler_Fletcher,Fletcher,Man Utd,MID,45,Man City,True,a,0.089837566
4,301,Alex_Palmer,Palmer,Ipswich Town,GK,40,Crystal Palace,False,a,0.089728676
4,561,Aaron_Anselmino,Anselmino,Chelsea,DEF,45,Hull City,True,a,0.08884371
4,437,Bendito_Mantato,Bendito Mantato,Man Utd,MID,45,Man City,True,a,0.08723159
4,100,Fábio_Freitas Gouveia Carvalho,Carvalho,Brentford,MID,50,Bournemouth,False,a,0.08607243
4,599,Sidiki_Cherif,Cherif,Coventry City,FWD,50,Brighton,True,a,0.08593925
4,424,Harry_Amass,Amass,Man Utd,DEF,40,Man City,True,a,0.085760534
4,528,Dane_Scarlett,Scarlett,Spurs,FWD,45,Everton,True,a,0.08345236
4,555,Remi_Matthews,Matthews,Crystal Palace,GK,40,Ipswich Town,True,a,0.08324516
4,174,Liam_Kitching,Kitching,Coventry City,DEF,40,Brighton,True,a,0.08303074
4,171,Oliver_Dovin,Dovin,Coventry City,GK,40,Brighton,True,a,0.08252191
4,93,Jannik_Schuster,Schuster,Brentford,DEF,45,Bournemouth,False,a,0.081440225
4,178,Jake_Bidwell,Bidwell,Coventry City,DEF,40,Brighton,True,a,0.08004655
4,92,Kim_Ji-soo,Ji-soo,Brentford,DEF,45,Bournemouth,False,a,0.07994584
4,103,Josh_Dasilva,Dasilva,Brentford,MID,50,Bournemouth,False,a,0.07991515
4,524,Callum_Olusesi,Olusesi,Spurs,MID,45,Everton,True,a,0.07878175
4,508,Ben_Davies,Davies,Spurs,DEF,40,Everton,True,a,0.078575455
4,613,Jules_Ahoka,Ahoka,Sunderland,MID,45,Arsenal,True,a,0.077606775
4,181,Miguel_Brau,Brau,Coventry City,DEF,40,Brighton,True,a,0.07758808
4,83,Hákon Rafn_Valdimarsson,Valdimarsson,Brentford,GK,45,Bournemouth,False,a,0.07757603
4,228,Tom_King,King,Everton,GK,45,Spurs,False,a,0.077537574
4,272,Jonah_Kusi-Asare,Kusi-Asare,Fulham,FWD,45,Liverpool,False,a,0.07696441
4,179,Joel_Latibeaudiere,Latibeaudiere,Coventry City,DEF,40,Brighton,True,a,0.07687802
4,511,João Victor_de Souza Menezes,Souza,Spurs,DEF,40,Everton,True,a,0.076857954
4,326,Lucas Estella_Perri,Perri,Leeds,GK,45,Newcastle,True,a,0.07646361
4,441,Chido_Obi,Obi,Man Utd,FWD,45,Man City,True,a,0.07629335
4,604,Alfie_Cresswell,Cresswell,Leeds,MID,45,Newcastle,True,a,0.07612427
4,324,Anis_Mehmeti,Mehmeti,Ipswich Town,MID,50,Crystal Palace,False,a,0.076019116
4,314,Chiedozie_Ogbene,Ogbene,Ipswich Town,MID,50,Crystal Palace,False,a,0.07595377
4,443,Mark_Gillespie,Gillespie,Newcastle,GK,45,Leeds,False,a,0.075209305
4,444,Ewen_Jaouen,Jaouen,Newcastle,GK,45,Leeds,False,a,0.07487392
4,251,Benjamin_Lecomte,Lecomte,Fulham,GK,40,Liverpool,False,a,0.07463151
4,300,Christian_Walton,Walton,Ipswich Town,GK,45,Crystal Palace,False,a,0.07297073
4,347,Lukas_Nmecha,Nmecha,Leeds,FWD,55,Newcastle,True,a,0.07264857
4,221,Joél_Drakes-Thomas,Drakes-Thomas,Crystal Palace,MID,45,Ipswich Town,True,a,0.07186022
4,609,Leo_Shahar,Shahar,Newcastle,DEF,40,Leeds,False,a,0.071367316
4,352,Freddie_Woodman,Woodman,Liverpool,GK,40,Fulham,True,a,0.07131386
4,509,Jun'ai_Byfield,Byfield,Spurs,DEF,40,Everton,True,a,0.06848186
4,510,James_Rowswell,Rowswell,Spurs,DEF,40,Everton,True,a,0.06838376
4,409,Divine_Mukasa,Mukasa,Man City,MID,45,Man Utd,False,a,0.06816543
4,560,Mike_Penders,Penders,Chelsea,GK,45,Hull City,True,a,0.06644826
4,361,Wellity_Lucky,Lucky,Liverpool,DEF,40,Fulham,True,a,0.06591912
4,531,Melker_Ellborg,Ellborg,Sunderland,GK,45,Arsenal,True,a,0.06563248
4,252,Alfie_McNally,McNally,Fulham,GK,40,Liverpool,False,a,0.065537855
4,495,Brandon_Austin,Austin,Spurs,GK,40,Everton,True,a,0.065462954
4,134,Nehemiah_Oriola,Oriola,Brighton,MID,45,Coventry City,False,a,0.06540804
4,378,James_McConnell,McConnell,Liverpool,MID,45,Fulham,True,a,0.06475248
4,199,Walter_Benítez,Benitez,Crystal Palace,GK,45,Ipswich Town,True,a,0.06329448
4,615,Michele_Di Gregorio,Di Gregorio,Bournemouth,GK,45,Brentford,True,a,0.060657952
4,66,Julio_Soler Barreto,Soler,Bournemouth,DEF,40,Brentford,True,d,0.059080087
4,603,Jayden_Lienou,Lienou,Leeds,DEF,40,Newcastle,True,a,0.0582634
4,296,David_Akintola,Akintola,Hull City,MID,50,Chelsea,False,a,0.057862595
4,574,Jens_Hjertø-Dahl,Hjertø-Dahl,Hull City,MID,50,Chelsea,False,a,0.056255326
4,292,Abdülkadir_Ömür,Ömür,Hull City,MID,50,Chelsea,False,a,0.05554125
4,602,Cameron_Humphreys,Humphreys,Ipswich Town,MID,45,Crystal Palace,False,a,0.055340856
4,589,Lucas_Gourna-Douath,Gourna-Douath,Hull City,MID,50,Chelsea,False,a,0.05532196
4,235,Adam_Aznou,Aznou,Everton,DEF,40,Spurs,False,a,0.055221036
4,563,Hidemasa_Morita,Morita,Hull City,MID,50,Chelsea,False,a,0.055209573
4,303,Cédric_Kipré,Kipré,Ipswich Town,DEF,40,Crystal Palace,False,a,0.054669797
4,308,Darnell_Furlong,Furlong,Ipswich Town,DEF,40,Crystal Palace,False,a,0.054565255
4,163,Dário_Luís Essugo,D.Essugo,Chelsea,MID,45,Hull City,True,a,0.05341309
4,307,Ben_Johnson,Johnson,Ipswich Town,DEF,40,Crystal Palace,False,a,0.052296083
4,355,Harvey_Davies,Davies,Liverpool,GK,40,Fulham,True,a,0.050893273
4,302,David_Button,Button,Ipswich Town,GK,40,Crystal Palace,False,a,0.04963757
4,107,Kaye_Furo,Furo,Brentford,FWD,45,Bournemouth,False,a,0.04927273
4,168,Marc_Guiu Paz,Marc Guiu,Chelsea,FWD,50,Hull City,True,a,0.044212777
4,466,Sean_Neave,Neave,Newcastle,FWD,45,Leeds,False,a,0.04412099
4,273,Dillon_Phillips,Phillips,Hull City,GK,40,Chelsea,False,a,0.0440459
4,288,Kieran_Dowell,Dowell,Hull City,MID,45,Chelsea,False,a,0.039372303
4,170,Emmanuel_Emegha,Emegha,Chelsea,FWD,50,Hull City,True,a,0.03861455
4,284,Cathal_McCarthy,McCarthy,Hull City,DEF,40,Chelsea,False,a,0.037331108
4,169,Shumaira_Mheuka,Mheuka,Chelsea,FWD,45,Hull City,True,a,0.029136002
4,5,Jurriën_Timber,J.Timber,Arsenal,DEF,65,Sunderland,False,i,0.0
4,6,William_Saliba,Saliba,Arsenal,DEF,60,Sunderland,False,i,0.0
4,21,Christian_Nørgaard,Nørgaard,Everton,MID,50,Spurs,False,i,0.0
4,30,Lucas_Digne,Digne,Aston Villa,DEF,45,Nott'm Forest,True,u,0.0
4,39,Kosta_Nedeljkovic,Nedeljkovic,Aston Villa,DEF,40,Nott'm Forest,True,u,0.0
4,48,Amadou_Onana,Onana,Aston Villa,MID,50,Nott'm Forest,True,i,0.0
4,49,Samuel_Iling-Junior,Iling Jr,Aston Villa,MID,50,Nott'm Forest,True,u,0.0
4,53,Johan_Manzambi,Manzambi,Aston Villa,MID,60,Nott'm Forest,True,i,0.0
4,54,Joao_Gomes,Gomes,Aston Villa,MID,55,Nott'm Forest,True,s,0.0
4,59,Will_Dennis,Dennis,Bournemouth,GK,40,Brentford,True,u,0.0
4,63,Veljko_Milosavljevic,Milosavljević,Bournemouth,DEF,50,Brentford,True,i,0.0
4,65,Julián_Araujo Zúñiga,J.Araujo,Bournemouth,DEF,45,Brentford,True,i,0.0
4,77,Amine_Adli,Adli,Bournemouth,MID,50,Brentford,True,i,0.0
4,78,Junior_Kroupi,Kroupi.Jr,Bournemouth,MID,75,Brentford,True,i,0.0
4,80,Enes_Ünal,Enes Ünal,Bournemouth,FWD,55,Brentford,True,u,0.0
4,85,Sepp_van den Berg,Van den Berg,Brentford,DEF,50,Bournemouth,False,i,0.0
4,99,Antoni_Milambo,Milambo,Brentford,MID,50,Bournemouth,False,i,0.0
4,121,Mitoma_Kaoru,Mitoma,Brighton,MID,60,Coventry City,False,i,0.0
4,122,Yankuba_Minteh,Minteh,Brighton,MID,60,Coventry City,False,i,0.0
4,128,Facundo_Buonanotte,Buonanotte,Brighton,MID,50,Coventry City,False,u,0.0
4,131,Carlos_Baleba,Baleba,Man Utd,MID,50,Man City,True,i,0.0
4,132,Harry_Howell,Howell,Brighton,MID,45,Coventry City,False,u,0.0
4,133,Tom_Watson,Watson,Brighton,MID,50,Coventry City,False,u,0.0
4,137,Stefanos_Tzimas,Tzimas,Brighton,FWD,55,Coventry City,False,i,0.0
4,139,Evan_Ferguson,Ferguson,Brighton,FWD,50,Coventry City,False,i,0.0
4,141,Filip_Jörgensen,Jörgensen,Chelsea,GK,50,Hull City,True,u,0.0
4,143,Trevoh_Chalobah,Chalobah,Chelsea,DEF,55,Hull City,True,u,0.0
4,146,Benoît_Badiashile Mukinayi,B.Badiashile,Chelsea,DEF,45,Hull City,True,u,0.0
4,177,Kaine_Kesler-Hayden,Kesler-Hayden,Coventry City,DEF,40,Brighton,True,i,0.0
4,180,Luke_Woolfenden,Woolfenden,Coventry City,DEF,40,Brighton,True,i,0.0
4,193,Haji_Wright,Wright,Coventry City,FWD,55,Brighton,True,i,0.0
4,196,Jahnoah_Markelo,Markelo,Coventry City,FWD,50,Brighton,True,u,0.0
4,197,Norman_Bassette,Bassette,Coventry City,FWD,45,Brighton,True,u,0.0
4,206,Chadi_Riad Dnanou,Chadi Riad,Crystal Palace,DEF,45,Ipswich Town,True,i,0.0
4,208,Ismaïla_Sarr,Sarr,Crystal Palace,MID,64,Ipswich Town,True,i,0.0
4,220,Rio_Cardines,Cardines,Crystal Palace,DEF,45,Ipswich Town,True,u,0.0
4,225,Christantus_Uche,Uche,Crystal Palace,FWD,50,Ipswich Town,True,u,0.0
4,240,Tim_Iroegbunam,Iroegbunam,Everton,MID,50,Spurs,False,i,0.0
4,266,Tom_Cairney,Cairney,Fulham,MID,50,Liverpool,False,i,0.0
4,274,Jack_Butland,Butland,Hull City,GK,45,Chelsea,False,i,0.0
4,275,Harvey_Cartwright,Cartwright,Hull City,GK,40,Chelsea,False,u,0.0
4,276,Thimothée_Lo-Tutala,Lo-Tutala,Hull City,GK,40,Chelsea,False,u,0.0
4,278,Charlie_Hughes,Hughes,Hull City,DEF,40,Chelsea,False,i,0.0
4,283,Matty_Jacob,Jacob,Hull City,DEF,40,Chelsea,False,i,0.0
4,291,Eliot_Matazo,Matazo,Hull City,MID,45,Chelsea,False,i,0.0
4,293,Abu_Kamara,Kamara,Hull City,MID,50,Chelsea,False,u,0.0
4,294,Óscar_Zambrano,Zambrano,Hull City,MID,45,Chelsea,False,i,0.0
4,297,Darko_Gyabi,Gyabi,Hull City,MID,45,Chelsea,False,i,0.0
4,298,Enis_Destan,Destan,Hull City,FWD,45,Chelsea,False,u,0.0
4,299,Mason_Burstow,Burstow,Hull City,FWD,45,Chelsea,False,u,0.0
4,310,Azor_Matusiwa,Matusiwa,Ipswich Town,MID,50,Crystal Palace,False,i,0.0
4,311,Wes_Burns,Burns,Ipswich Town,MID,50,Crystal Palace,False,u,0.0
4,312,Jack_Taylor,Taylor,Ipswich Town,MID,45,Crystal Palace,False,i,0.0
4,317,George_Hirst,Hirst,Ipswich Town,FWD,50,Crystal Palace,False,u,0.0
4,318,Jaden_Philogene,Philogene,Ipswich Town,MID,55,Crystal Palace,False,i,0.0
4,319,Sam_Szmodics,Szmodics,Ipswich Town,MID,50,Crystal Palace,False,u,0.0
4,322,Ali_Al-Hamadi,Al-Hamadi,Ipswich Town,FWD,50,Crystal Palace,False,u,0.0
4,331,Gabriel_Gudmundsson,Gudmundsson,Leeds,DEF,45,Newcastle,True,i,0.0
4,333,Sebastiaan_Bornauw,Bornauw,Leeds,DEF,45,Newcastle,True,u,0.0
4,340,Joe_Gelhardt,Gelhardt,Hull City,MID,50,Chelsea,False,i,0.0
4,341,Wilfried_Gnonto,Gnonto,Leeds,MID,50,Newcastle,True,i,0.0
4,342,Jack_Harrison,Harrison,Leeds,MID,50,Newcastle,True,u,0.0
4,344,Ilia_Gruev,Gruev,Leeds,MID,50,Newcastle,True,i,0.0
4,348,Joël_Piroe,Piroe,Leeds,FWD,50,Newcastle,True,u,0.0
4,349,Mateo_Joseph Fernández-Regatillo,Mateo Joseph,Leeds,FWD,45,Newcastle,True,i,0.0
4,353,Armin_Pecsi,Pecsi,Liverpool,GK,40,Fulham,True,u,0.0
4,354,Vitezslav_Jaros,Jaros,Liverpool,GK,40,Fulham,True,i,0.0
4,359,Joe_Gomez,Gomez,Liverpool,DEF,50,Fulham,True,i,0.0
4,360,Conor_Bradley,Bradley,Liverpool,DEF,50,Fulham,True,i,0.0
4,363,Giovanni_Leoni,Leoni,Liverpool,DEF,40,Fulham,True,i,0.0
4,365,Calvin_Ramsay,Ramsay,Liverpool,DEF,40,Fulham,True,u,0.0
4,370,Federico_Chiesa,Chiesa,Liverpool,MID,55,Fulham,True,i,0.0
4,376,Stefan_Bajčetić Maquieira,Bajcetic,Liverpool,MID,50,Fulham,True,i,0.0
4,380,Hugo_Ekitiké,Ekitiké,Liverpool,FWD,75,Fulham,True,i,0.0
4,382,Jayden_Danns,Danns,Liverpool,FWD,45,Fulham,True,i,0.0
4,394,Max_Alleyne,Alleyne,Man City,DEF,50,Man Utd,False,u,0.0
4,400,Jérémy_Doku,Doku,Man City,MID,75,Man Utd,False,i,0.0
4,402,Rodrigo 'Rodri'_Hernandez Cascante,Rodrigo,Man City,MID,65,Man Utd,False,u,0.0
4,404,Tijjani_Reijnders,Reijnders,Man City,MID,60,Man Utd,False,u,0.0
4,408,Kalvin_Phillips,Phillips,Man City,MID,50,Man Utd,False,u,0.0
4,413,Altay_Bayındır,Bayindir,Man Utd,GK,45,Man City,True,u,0.0
4,414,Tom_Heaton,Heaton,Man Utd,GK,40,Man City,True,i,0.0
4,416,Matthijs_de Ligt,De Ligt,Man Utd,DEF,50,Man City,True,i,0.0
4,425,Tyler_Fredricson,Fredricson,Man Utd,DEF,40,Man City,True,u,0.0
4,433,Manuel_Ugarte Ribeiro,Ugarte,Man Utd,MID,50,Man City,True,i,0.0
4,448,Dan_Burn,Burn,Newcastle,DEF,50,Leeds,False,i,0.0
4,450,Tino_Livramento,Livramento,Newcastle,DEF,50,Leeds,False,i,0.0
4,451,Alex_Murphy,A.Murphy,Newcastle,DEF,40,Leeds,False,u,0.0
4,458,Joelinton Cássio_Apolinário de Lira,Joelinton,Newcastle,MID,55,Leeds,False,i,0.0
4,465,William_Osula,Osula,Newcastle,FWD,60,Leeds,False,i,0.0
4,475,Nicolò_Savona,Savona,Nott'm Forest,DEF,45,Aston Villa,False,i,0.0
4,485,Dilane_Bakwa,Bakwa,Nott'm Forest,MID,55,Aston Villa,False,u,0.0
4,488,Ibrahim_Sangaré,I.Sangaré,Nott'm Forest,MID,50,Aston Villa,False,i,0.0
4,494,Guglielmo_Vicario,Vicario,Spurs,GK,45,Everton,True,u,0.0
4,500,Cristian_Romero,Romero,Spurs,DEF,50,Everton,True,u,0.0
4,505,Djed_Spence,Spence,Spurs,DEF,45,Everton,True,u,0.0
4,507,Ashley_Phillips,Phillips,Spurs,DEF,45,Everton,True,u,0.0
4,513,Xavi_Simons,Xavi,Spurs,MID,60,Everton,True,i,0.0
4,517,Wilson_Odobert,Odobert,Spurs,MID,55,Everton,True,i,0.0
4,518,Pape Matar_Sarr,P.M.Sarr,Spurs,MID,49,Everton,True,i,0.0
4,521,Dejan_Kulusevski,Kulusevski,Spurs,MID,65,Everton,True,i,0.0
4,530,Anthony_Patterson,Patterson,Sunderland,GK,40,Arsenal,True,u,0.0
4,538,Leo Fuhr_Hjelde,Hjelde,Sunderland,DEF,40,Arsenal,True,u,0.0
4,540,Arthur_Masuaku,Masuaku,Sunderland,DEF,40,Arsenal,True,u,0.0
4,546,Simon_Adingra,Adingra,Sunderland,MID,50,Arsenal,True,i,0.0
4,554,Kayne_van Oevelen,Van Oevelen,Ipswich Town,GK,45,Crystal Palace,False,u,0.0
4,582,Brian_Madjo,Madjo,Aston Villa,FWD,55,Nott'm Forest,True,i,0.0
4,612,Dayann_Méthalie,Methalie,Sunderland,DEF,45,Arsenal,True,s,0.0
5,411,Erling_Haaland,Haaland,Man City,FWD,155,Sunderland,True,a,6.697769
5,388,Marc_Guéhi,Guéhi,Man City,DEF,60,Sunderland,True,a,6.1736555
5,368,Dominik_Szoboszlai,Szoboszlai,Liverpool,MID,70,Bournemouth,False,a,6.0252104
5,427,Bryan_Mbeumo,Mbeumo,Man Utd,MID,80,Fulham,False,a,5.378711
5,397,Antoine_Semenyo,Semenyo,Man City,MID,85,Sunderland,True,a,5.158294
5,106,Igor Thiago_Nascimento Rodrigues,Thiago,Brentford,FWD,80,Chelsea,True,a,4.815545
5,426,Bruno_Borges Fernandes,B.Fernandes,Man Utd,MID,120,Fulham,False,a,4.799971
5,569,Gonzalo_García,Gonzalo,Fulham,FWD,60,Man Utd,True,a,4.7924047
5,379,Alexander_Isak,Isak,Liverpool,FWD,90,Bournemouth,False,a,4.7733154
5,356,Virgil_van Dijk,Virgil,Liverpool,DEF,65,Bournemouth,False,a,4.7629147
5,237,Iliman_Ndiaye,Ndiaye,Everton,MID,60,Ipswich Town,True,a,4.721571
5,40,Morgan_Rogers,Rogers,Chelsea,MID,75,Brentford,False,a,4.6593943
5,123,Jack_Hinshelwood,Hinshelwood,Brighton,MID,60,Arsenal,True,d,4.6416883
5,86,Keane_Lewis-Potter,Lewis-Potter,Brentford,MID,55,Chelsea,True,a,4.594662
5,399,Rayan_Cherki,Cherki,Man City,MID,75,Sunderland,True,a,4.566229
5,4,Gabriel_dos Santos Magalhães,Gabriel,Arsenal,DEF,80,Brighton,False,a,4.450463
5,387,Nico_O'Reilly,O'Reilly,Man City,DEF,65,Sunderland,True,a,4.3740907
5,464,Yoane_Wissa,Wissa,Newcastle,FWD,60,Hull City,True,a,4.3559966
5,229,James_Tarkowski,Tarkowski,Everton,DEF,60,Ipswich Town,True,a,4.2915306
5,12,Bukayo_Saka,Saka,Arsenal,MID,95,Brighton,False,a,4.2406306
5,115,Maxim_De Cuyper,De Cuyper,Brighton,DEF,46,Arsenal,True,a,4.238591
5,165,João Pedro_Junqueira de Jesus,João Pedro,Chelsea,FWD,76,Brentford,False,a,4.2242355
5,68,Marcus_Tavernier,Tavernier,Bournemouth,MID,60,Liverpool,True,a,4.1565948
5,428,Matheus_Santos Carneiro da Cunha,Cunha,Man Utd,MID,80,Fulham,False,a,4.102618
5,498,Marcos_Senesi Barón,Senesi,Spurs,DEF,60,Aston Villa,True,a,4.100488
5,391,Joško_Gvardiol,Gvardiol,Man City,DEF,55,Sunderland,True,a,4.097649
5,236,Kiernan_Dewsbury-Hall,Dewsbury-Hall,Everton,MID,65,Ipswich Town,True,a,4.074714
5,398,Phil_Foden,Foden,Man City,MID,70,Sunderland,True,a,4.0642915
5,367,Cody_Gakpo,Gakpo,Liverpool,MID,70,Bournemouth,False,a,3.9780629
5,249,Thierno_Barry,Barry,Everton,FWD,55,Ipswich Town,True,a,3.956196
5,79,Francisco Evanilson_de Lima Barbosa,Evanilson,Bournemouth,FWD,60,Liverpool,True,a,3.9548883
5,335,Anton_Stach,Stach,Leeds,MID,60,Crystal Palace,True,a,3.9501023
5,98,Vitaly_Janelt,Janelt,Brentford,MID,50,Chelsea,True,a,3.9394445
5,67,Rayan Vitor_Simplício Rocha,Rayan,Bournemouth,MID,65,Liverpool,True,a,3.9252095
5,496,Antonín_Kinský,Kinsky,Spurs,GK,45,Aston Villa,True,a,3.8985891
5,61,Adrien_Truffert,Truffert,Bournemouth,DEF,55,Liverpool,True,a,3.8947206
5,94,Kevin_Schade,Schade,Brentford,MID,60,Chelsea,True,a,3.8698447
5,384,Gianluigi_Donnarumma,Donnarumma,Man City,GK,55,Sunderland,True,a,3.8473558
5,565,Mamadou_Sangaré,M.Sangaré,Brentford,MID,56,Chelsea,True,a,3.8233109
5,268,Josh_King,King,Fulham,MID,55,Man Utd,True,a,3.7895112
5,502,Andrew_Robertson,Robertson,Spurs,DEF,45,Aston Villa,True,a,3.7862763
5,112,Jan Paul_van Hecke,Van Hecke,Spurs,DEF,50,Aston Villa,True,a,3.783174
5,472,Murillo_Costa dos Santos,Murillo,Nott'm Forest,DEF,55,Coventry City,True,a,3.780408
5,84,Nathan_Collins,Collins,Brentford,DEF,55,Chelsea,True,a,3.7636433
5,82,Caoimhín_Kelleher,Kelleher,Brentford,GK,50,Chelsea,True,a,3.7547843
5,88,Michael_Kayode,Kayode,Brentford,DEF,46,Chelsea,True,a,3.7474325
5,346,Dominic_Calvert-Lewin,Calvert-Lewin,Leeds,FWD,60,Crystal Palace,True,a,3.744109
5,230,Jarrad_Branthwaite,Branthwaite,Everton,DEF,55,Ipswich Town,True,a,3.7238226
5,154,Cole_Palmer,Palmer,Chelsea,MID,95,Brentford,False,a,3.6977131
5,226,Jordan_Pickford,Pickford,Everton,GK,55,Ipswich Town,True,a,3.6737201
5,350,Alisson_Becker,A.Becker,Liverpool,GK,55,Bournemouth,False,a,3.669728
5,87,Kristoffer_Ajer,Ajer,Brentford,DEF,45,Chelsea,True,a,3.621845
5,385,James_Trafford,Trafford,Leeds,GK,50,Crystal Palace,True,a,3.5900831
5,57,Đorđe_Petrović,Petrović,Bournemouth,GK,45,Liverpool,True,a,3.5713348
5,290,Regan_Slater,Slater,Hull City,MID,45,Newcastle,False,a,3.554946
5,334,Tarik_Muharemović,Muharemović,Leeds,DEF,50,Crystal Palace,True,a,3.5547864
5,327,Jaka_Bijol,Bijol,Leeds,DEF,50,Crystal Palace,True,a,3.5495436
5,566,António João_Pereira de Albuquerque Tavares da Silva,Silva,Bournemouth,DEF,50,Liverpool,True,a,3.5162103
5,60,James_Hill,Hill,Bournemouth,DEF,55,Liverpool,True,a,3.504076
5,473,Ola_Aina,Aina,Nott'm Forest,DEF,45,Coventry City,True,a,3.4769583
5,69,Alex_Scott,Scott,Bournemouth,MID,60,Liverpool,True,a,3.4734395
5,572,Konstantinos_Tzolakis,Tzolakis,Hull City,GK,45,Newcastle,False,a,3.4587777
5,70,Justin_Kluivert,Kluivert,Bournemouth,MID,60,Liverpool,True,a,3.4343846
5,371,Ryan_Gravenberch,Gravenberch,Liverpool,MID,60,Bournemouth,False,a,3.434145
5,250,Bernd_Leno,Leno,Fulham,GK,45,Man Utd,True,a,3.4055846
5,514,Mathys_Tel,Tel,Spurs,MID,60,Aston Villa,True,a,3.3720212
5,295,Oli_McBurnie,McBurnie,Hull City,FWD,55,Newcastle,False,a,3.3641858
5,127,Diego_Gómez Amarilla,Gomez,Brighton,MID,50,Arsenal,True,a,3.363317
5,329,Joe_Rodon,Rodon,Leeds,DEF,45,Crystal Palace,True,a,3.3406327
5,1,David_Raya Martín,Raya,Arsenal,GK,60,Brighton,False,a,3.3364515
5,544,Granit_Xhaka,Xhaka,Sunderland,MID,55,Man City,False,a,3.334874
5,366,Florian_Wirtz,Wirtz,Liverpool,MID,75,Bournemouth,False,a,3.3347478
5,316,Emersonn_Correia da Silva,Emersonn,Ipswich Town,FWD,55,Everton,False,a,3.3108482
5,390,Rúben_dos Santos Gato Alves Dias,Rúben,Man City,DEF,55,Sunderland,True,a,3.3006272
5,258,Timothy_Castagne,Castagne,Fulham,DEF,45,Man Utd,True,a,3.2961872
5,467,Matz_Sels,Sels,Nott'm Forest,GK,50,Coventry City,True,a,3.2951412
5,455,Sandro_Tonali,Tonali,Spurs,MID,55,Aston Villa,True,a,3.2848356
5,332,James_Justin,Justin,Leeds,DEF,45,Crystal Palace,True,a,3.2609098
5,109,Bart_Verbruggen,Verbruggen,Brighton,GK,45,Arsenal,True,a,3.2477658
5,41,Emiliano_Buendía Stati,Buendía,Aston Villa,MID,60,Spurs,False,a,3.2366416
5,393,Abdukodir_Khusanov,Khusanov,Man City,DEF,55,Sunderland,True,a,3.2278728
5,277,John_Egan,Egan,Hull City,DEF,40,Newcastle,False,a,3.226601
5,233,Vitalii_Mykolenko,Mykolenko,Everton,DEF,45,Ipswich Town,True,a,3.2067566
5,26,Kai_Havertz,Havertz,Arsenal,FWD,75,Brighton,False,a,3.1976833
5,471,Nikola_Milenković,Milenković,Nott'm Forest,DEF,55,Coventry City,True,a,3.1874053
5,412,Senne_Lammens,Lammens,Man Utd,GK,50,Fulham,False,a,3.1801875
5,254,Antonee_Robinson,Robinson,Fulham,DEF,45,Man Utd,True,a,3.1544168
5,403,Sávio_Moreira de Oliveira,Sávio,Spurs,MID,65,Aston Villa,True,a,3.129751
5,469,Neco_Williams,N.Williams,Nott'm Forest,DEF,50,Coventry City,True,a,3.1107826
5,15,Martin_Ødegaard,Ødegaard,Arsenal,MID,66,Brighton,False,a,3.1104321
5,357,Jeremie_Frimpong,Frimpong,Liverpool,DEF,55,Bournemouth,False,a,3.1075616
5,491,Igor Jesus_Maciel da Cruz,Igor Jesus,Nott'm Forest,FWD,60,Coventry City,True,a,3.1044328
5,480,Morgan_Gibbs-White,Gibbs-White,Nott'm Forest,MID,80,Coventry City,True,a,3.092394
5,261,Alex_Iwobi,Iwobi,Fulham,MID,55,Man Utd,True,a,3.0799003
5,95,Dango_Ouattara,O.Dango,Brentford,MID,65,Chelsea,True,a,3.0710387
5,362,Jeremy_Jacquet,Jacquet,Liverpool,DEF,50,Bournemouth,False,a,3.0629408
5,330,Jayden_Bogle,Bogle,Leeds,DEF,45,Crystal Palace,True,a,3.0604844
5,260,Harry_Wilson,Wilson,Leeds,MID,65,Crystal Palace,True,a,3.0488515
5,244,Harrison_Armstrong,Armstrong,Everton,MID,50,Ipswich Town,True,a,3.0470612
5,418,Harry_Maguire,Maguire,Man Utd,DEF,50,Fulham,False,a,3.0455258
5,358,Milos_Kerkez,Kerkez,Liverpool,DEF,55,Bournemouth,False,a,3.0448153
5,504,Luka_Vušković,Vuskovic,Brighton,DEF,50,Arsenal,True,a,3.0302033
5,257,Calvin_Bassey,Bassey,Fulham,DEF,45,Man Utd,True,a,3.0198348
5,32,Matty_Cash,Cash,Aston Villa,DEF,45,Spurs,False,a,3.0062735
5,125,Georginio_Rutter,Georginio,Brighton,FWD,55,Arsenal,True,d,2.9634683
5,454,Anthony_Elanga,Elanga,Newcastle,MID,60,Hull City,True,a,2.9551606
5,264,Oscar_Bobb,Bobb,Fulham,MID,55,Man Utd,True,a,2.9498415
5,338,Ethan_Ampadu,Ampadu,Leeds,MID,55,Crystal Palace,True,a,2.9347053
5,124,Pascal_Groß,Groß,Brighton,MID,55,Arsenal,True,a,2.9262905
5,8,Riccardo_Calafiori,Calafiori,Arsenal,DEF,56,Brighton,False,a,2.9135585
5,286,Mohamed_Belloumi,Belloumi,Hull City,MID,50,Newcastle,False,a,2.9115489
5,557,Christos_Tzolis,Tzolis,Arsenal,MID,65,Brighton,False,a,2.904113
5,529,Robin_Roefs,Roefs,Sunderland,GK,50,Man City,False,a,2.8786325
5,10,Benjamin_White,White,Arsenal,DEF,55,Brighton,False,a,2.8629355
5,130,Mats_Wieffer,Wieffer,Brighton,DEF,50,Arsenal,True,a,2.8598828
5,51,George_Hemmings,George Hemmings,Aston Villa,MID,45,Spurs,False,a,2.8332295
5,43,Youri_Tielemans,Tielemans,Man Utd,MID,60,Fulham,False,a,2.8019147
5,474,Jair_Paula da Cunha Filho,Jair Cunha,Nott'm Forest,DEF,45,Coventry City,True,a,2.792999
5,242,Tyrique_George,George,Everton,MID,55,Ipswich Town,True,a,2.7873511
5,116,Lewis_Dunk,Dunk,Brighton,DEF,45,Arsenal,True,a,2.7821782
5,449,Lewis_Hall,Hall,Newcastle,DEF,50,Hull City,True,a,2.7720356
5,552,Brian_Brobbey,Brobbey,Sunderland,FWD,60,Man City,False,a,2.7697377
5,486,James_McAtee,McAtee,Nott'm Forest,MID,55,Coventry City,True,a,2.7645988
5,527,Richarlison_de Andrade,Richarlison,Spurs,FWD,60,Aston Villa,True,a,2.759236
5,255,Jorge_Cuenca Barreno,J.Cuenca,Fulham,DEF,45,Man Utd,True,a,2.7559717
5,522,Archie_Gray,Gray,Spurs,MID,50,Aston Villa,True,a,2.746189
5,71,Lewis_Cook,Cook,Bournemouth,MID,50,Liverpool,True,a,2.7445765
5,532,Daniel_Ballard,Ballard,Sunderland,DEF,50,Man City,False,a,2.7339272
5,64,Adam_Smith,Smith,Bournemouth,DEF,45,Liverpool,True,a,2.7177243
5,47,Boubacar_Kamara,Kamara,Aston Villa,MID,50,Spurs,False,a,2.7081256
5,289,Matt_Crooks,Crooks,Hull City,MID,45,Newcastle,False,a,2.705913
5,377,Victor_Munoz,Munoz,Liverpool,MID,65,Bournemouth,False,a,2.6999607
5,13,Declan_Rice,Rice,Arsenal,MID,75,Brighton,False,a,2.672552
5,162,Andrey_Nascimento dos Santos,Andrey Santos,Man Utd,MID,50,Fulham,False,a,2.6679382
5,97,Mathias_Jensen,Jensen,Brentford,MID,55,Chelsea,True,a,2.6512258
5,534,Trai_Hume,Hume,Sunderland,DEF,45,Man City,False,a,2.6472526
5,265,Sander_Berge,Berge,Fulham,MID,50,Man Utd,True,a,2.643317
5,45,John_McGinn,McGinn,Aston Villa,MID,55,Spurs,False,a,2.638188
5,210,Adam_Wharton,Wharton,Crystal Palace,MID,55,Leeds,False,a,2.6295438
5,423,Luke_Shaw,Shaw,Man Utd,DEF,45,Fulham,False,a,2.6254687
5,337,Brenden_Aaronson,Aaronson,Leeds,MID,55,Crystal Palace,True,a,2.6021202
5,570,César_Palacios,Palacios,Fulham,MID,55,Man Utd,True,a,2.5992477
5,591,Julio_Enciso,Enciso,Ipswich Town,MID,55,Everton,False,a,2.5906334
5,586,Nobel_Mendy,Mendy,Hull City,DEF,40,Newcastle,False,a,2.5871532
5,542,Enzo_Le Fée,E.Le Fée,Sunderland,MID,60,Man City,False,a,2.58359
5,282,Ryan_Giles,Giles,Hull City,DEF,40,Newcastle,False,a,2.5740979
5,483,Dan_Ndoye,Ndoye,Nott'm Forest,MID,55,Coventry City,True,a,2.5709684
5,29,Marco_Bizot,M.Bizot,Aston Villa,GK,45,Spurs,False,a,2.56672
5,453,Harvey_Barnes,Barnes,Newcastle,MID,60,Hull City,True,a,2.5641556
5,200,Maxence_Lacroix,Lacroix,Chelsea,DEF,60,Brentford,False,a,2.5382833
5,429,Marcus_Rashford,Rashford,Man Utd,MID,70,Fulham,False,a,2.5138054
5,439,Benjamin_Sesko,Šeško,Man Utd,FWD,70,Fulham,False,a,2.5074286
5,214,Daichi_Kamada,Kamada,Crystal Palace,MID,50,Leeds,False,a,2.4799373
5,445,Malick_Thiaw,Thiaw,Newcastle,DEF,50,Hull City,True,a,2.414333
5,173,Bobby_Thomas,Thomas,Coventry City,DEF,40,Nott'm Forest,False,a,2.4017272
5,279,Semi_Ajayi,Ajayi,Hull City,DEF,40,Newcastle,False,a,2.389564
5,46,Ross_Barkley,Barkley,Aston Villa,MID,50,Spurs,False,a,2.38651
5,247,Hayden_Hackney,Hackney,Everton,MID,55,Ipswich Town,True,d,2.3766444
5,545,Noah_Sadiki,Sadiki,Sunderland,MID,50,Man City,False,a,2.3715267
5,267,Saša_Lukić,Lukić,Ipswich Town,MID,50,Everton,False,a,2.3636942
5,11,Cristhian_Mosquera,Mosquera,Arsenal,DEF,55,Brighton,False,a,2.3532984
5,223,Jean-Philippe_Mateta,Mateta,Crystal Palace,FWD,65,Leeds,False,a,2.3454776
5,579,Ronald_Araujo,Araujo,Liverpool,DEF,55,Bournemouth,False,a,2.3378725
5,114,Olivier_Boscagli,Boscagli,Brighton,DEF,45,Arsenal,True,a,2.327562
5,195,Ellis_Simms,Simms,Coventry City,FWD,50,Nott'm Forest,False,a,2.2847183
5,224,Eddie_Nketiah,Nketiah,Crystal Palace,FWD,55,Leeds,False,a,2.2638726
5,142,Reece_James,James,Chelsea,DEF,55,Brentford,False,a,2.250258
5,246,Merlin_Röhl,Röhl,Everton,MID,50,Ipswich Town,True,a,2.239202
5,422,Noussair_Mazraoui,Mazraoui,Man Utd,DEF,45,Fulham,False,a,2.227886
5,7,Myles_Lewis-Skelly,Lewis-Skelly,Arsenal,MID,55,Brighton,False,a,2.2260494
5,536,Reinildo_Mandava,Reinildo,Sunderland,DEF,45,Man City,False,a,2.2112873
5,369,Rio_Ngumoha,Ngumoha,Liverpool,MID,60,Bournemouth,False,a,2.2062688
5,447,Sven_Botman,Botman,Newcastle,DEF,50,Hull City,True,a,2.2034934
5,194,Brandon_Thomas-Asante,Thomas-Asante,Coventry City,FWD,50,Nott'm Forest,False,a,2.1938195
5,421,Ayden_Heaven,Heaven,Man Utd,DEF,45,Fulham,False,a,2.1849122
5,190,Loum_Tchaouna,Tchaouna,Coventry City,MID,55,Nott'm Forest,False,a,2.177694
5,184,Matt_Grimes,Grimes,Coventry City,MID,50,Nott'm Forest,False,a,2.1768322
5,523,Mikey_Moore,Moore,Spurs,MID,50,Aston Villa,True,a,2.1706038
5,576,Elliot_Stroud,Stroud,Hull City,MID,50,Newcastle,False,a,2.162666
5,110,Carl_Rushworth,Rushworth,Coventry City,GK,45,Nott'm Forest,False,a,2.160633
5,36,Ian_Maatsen,Maatsen,Aston Villa,DEF,45,Spurs,False,a,2.1244824
5,567,Lukás_Hornícek,Horníček,Newcastle,GK,50,Hull City,True,a,2.1155767
5,175,Milan_van Ewijk,van Ewijk,Coventry City,DEF,40,Nott'm Forest,False,a,2.1098614
5,459,Lewis_Miley,L.Miley,Newcastle,MID,55,Hull City,True,a,2.104657
5,315,Abdul_Fatawu,Fatawu,Ipswich Town,MID,55,Everton,False,a,2.069516
5,389,Matheus_Nunes,Matheus N.,Man City,DEF,60,Sunderland,True,d,2.0553977
5,104,Frank_Onyeka,Onyeka,Coventry City,MID,50,Nott'm Forest,False,a,2.044079
5,129,Yasin_Ayari,Ayari,Brighton,MID,55,Arsenal,True,a,2.0224094
5,34,Pau_Torres,Pau,Aston Villa,DEF,45,Spurs,False,a,2.0113926
5,140,Robert_Lynch Sánchez,Sánchez,Chelsea,GK,50,Brentford,False,a,1.9655371
5,198,Dean_Henderson,Henderson,Crystal Palace,GK,50,Leeds,False,a,1.9542917
5,562,Daizen_Maeda,Maeda,Ipswich Town,MID,55,Everton,False,a,1.9028852
5,395,Rico_Lewis,Lewis,Man City,DEF,45,Sunderland,True,a,1.8938129
5,460,Joe_Willock,Willock,Newcastle,MID,50,Hull City,True,a,1.844373
5,525,Mateus_Fernandes,Fernandes,Spurs,MID,60,Aston Villa,True,a,1.837869
5,309,Marcelino_Núñez,Núñez,Ipswich Town,MID,50,Everton,False,a,1.825844
5,516,Rodrigo_Bentancur,Bentancur,Spurs,MID,55,Aston Villa,True,a,1.8236078
5,519,Conor_Gallagher,Gallagher,Spurs,MID,55,Aston Villa,True,a,1.7391802
5,520,Lucas_Bergvall,Bergvall,Spurs,MID,55,Aston Villa,True,a,1.7336992
5,432,Kobbie_Mainoo,Mainoo,Man Utd,MID,55,Fulham,False,a,1.7314318
5,33,Tyrone_Mings,Mings,Aston Villa,DEF,45,Spurs,False,a,1.7236634
5,155,Enzo_Fernández,Enzo,Chelsea,MID,70,Brentford,False,a,1.7158659
5,202,Chris_Richards,Richards,Crystal Palace,DEF,50,Leeds,False,a,1.7108668
5,417,Diogo_Dalot Teixeira,Dalot,Man Utd,DEF,50,Fulham,False,a,1.702012
5,259,Issa_Diop,Diop,Ipswich Town,DEF,40,Everton,False,a,1.6660904
5,241,Dwight_McNeil,McNeil,Crystal Palace,MID,55,Leeds,False,a,1.6535221
5,144,Malo_Gusto,Gusto,Chelsea,DEF,50,Brentford,False,a,1.6463872
5,280,Lewie_Coyle,Coyle,Hull City,DEF,40,Newcastle,False,a,1.6413486
5,551,Nilson_Angulo,Angulo,Sunderland,MID,50,Man City,False,a,1.6336522
5,535,Omar_Alderete,Alderete,Sunderland,DEF,50,Man City,False,a,1.6245239
5,575,Caleb_Yirenkyi,Yirenkyi,Coventry City,MID,50,Nott'm Forest,False,a,1.6170579
5,481,Elliot_Anderson,Anderson,Man City,MID,64,Sunderland,True,a,1.6087786
5,37,Victor_Lindelöf,Lindelöf,Aston Villa,DEF,45,Spurs,False,a,1.5753639
5,506,Destiny_Udogie,Udogie,Spurs,DEF,45,Aston Villa,True,a,1.575133
5,593,Amar_Dedic,Dedić,Newcastle,DEF,45,Hull City,True,a,1.5711395
5,269,Ryan_Sessegnon,Sessegnon,Fulham,DEF,45,Man Utd,True,a,1.5682901
5,55,Ollie_Watkins,Watkins,Aston Villa,FWD,79,Spurs,False,a,1.5587891
5,372,Alexis_Mac Allister,Mac Allister,Liverpool,MID,55,Bournemouth,False,a,1.5385664
5,222,Jørgen_Strand Larsen,Strand Larsen,Crystal Palace,FWD,60,Leeds,False,a,1.5288498
5,490,Chris_Wood,Wood,Nott'm Forest,FWD,60,Coventry City,True,a,1.5253079
5,564,Kjell_Scherpen,Scherpen,Ipswich Town,GK,45,Everton,False,a,1.512897
5,161,Roméo_Lavia,Lavia,Chelsea,MID,50,Brentford,False,a,1.5062538
5,541,Thomas_Meunier,Meunier,Sunderland,DEF,45,Man City,False,a,1.5004508
5,238,Jack_Grealish,Grealish,Man City,MID,65,Sunderland,True,a,1.4972166
5,336,Noah_Okafor,Okafor,Leeds,MID,60,Crystal Palace,True,a,1.4841447
5,188,Victor_Torp,Torp,Coventry City,MID,55,Nott'm Forest,False,a,1.4802655
5,151,Josh_Acheampong,Acheampong,Chelsea,DEF,45,Brentford,False,a,1.4773763
5,526,Dominic_Solanke-Mitchell,Solanke,Spurs,FWD,60,Aston Villa,True,a,1.4606879
5,401,Omar_Marmoush,Marmoush,Spurs,FWD,70,Aston Villa,True,a,1.4563701
5,211,Yéremy_Pino Santos,Yeremy,Crystal Palace,MID,55,Leeds,False,a,1.4289494
5,539,Luke_O'Nien,O'Nien,Sunderland,DEF,40,Man City,False,a,1.4270961
5,596,Matteo_Ruggeri,Ruggeri,Aston Villa,DEF,45,Spurs,False,a,1.3950855
5,204,Tyrick_Mitchell,Mitchell,Crystal Palace,DEF,45,Leeds,False,a,1.3808899
5,305,Leif_Davis,Davis,Ipswich Town,DEF,40,Everton,False,a,1.3755044
5,304,Dara_O'Shea,O'Shea,Ipswich Town,DEF,40,Everton,False,a,1.3660362
5,406,Mateo_Kovačić,Kovačić,Man City,MID,55,Sunderland,True,a,1.3552754
5,201,Daniel_Muñoz Mejía,Muñoz,Crystal Palace,DEF,55,Leeds,False,a,1.3542911
5,462,Sean_Steur,Steur,Newcastle,MID,50,Hull City,True,a,1.333967
5,515,James_Maddison,Maddison,Spurs,MID,65,Aston Villa,True,d,1.3320186
5,35,Lamare_Bogarde,Bogarde,Aston Villa,MID,50,Spurs,False,a,1.3234442
5,149,Levi_Samuels Colwill,Colwill,Chelsea,DEF,50,Brentford,False,a,1.3210303
5,102,Yehor_Yarmoliuk,Yarmoliuk,Brentford,MID,50,Chelsea,True,a,1.3183416
5,105,Jaidon_Anthony,Anthony,Brentford,MID,60,Chelsea,True,a,1.3075966
5,182,Aurèle_Amenda,Amenda,Coventry City,DEF,40,Nott'm Forest,False,a,1.3052173
5,160,Alejandro_Garnacho Ferreyra,Garnacho,Aston Villa,MID,60,Spurs,False,a,1.3047427
5,203,Jaydee_Canvot,Canvot,Crystal Palace,DEF,50,Leeds,False,a,1.3041407
5,263,Kevin_Santos Lopes de Macedo,Kevin,Fulham,MID,55,Man Utd,True,a,1.302347
5,73,Tyler_Adams,Adams,Bournemouth,MID,50,Liverpool,True,a,1.2964287
5,492,Taiwo_Awoniyi,Awoniyi,Coventry City,FWD,55,Nott'm Forest,False,a,1.2739925
5,90,Aaron_Hickey,Hickey,Brentford,DEF,45,Chelsea,True,a,1.2732394
5,176,Jay_Dasilva,Dasilva,Coventry City,DEF,40,Nott'm Forest,False,a,1.2543497
5,239,James_Garner,Garner,Everton,MID,60,Ipswich Town,True,a,1.2531075
5,588,Anan_Khalaili,Khalaili,Crystal Palace,DEF,50,Leeds,False,a,1.2446717
5,96,Mikkel_Damsgaard,Damsgaard,Brentford,MID,55,Chelsea,True,a,1.240903
5,183,Jack_Rudoni,Rudoni,Coventry City,MID,50,Nott'm Forest,False,a,1.224432
5,549,Chemsdine_Talbi,Talbi,Sunderland,MID,55,Man City,False,a,1.2214444
5,580,Shea_Charles,Charles,Fulham,MID,50,Man Utd,True,a,1.2184336
5,306,Jacob_Greaves,Greaves,Ipswich Town,DEF,40,Everton,False,a,1.1990422
5,608,Daniel_Jebbison,Jebbison,Bournemouth,FWD,50,Liverpool,True,a,1.1942402
5,156,Pedro_Lomba Neto,Neto,Chelsea,MID,65,Brentford,False,a,1.1929095
5,558,Xaver_Schlager,Schlager,Nott'm Forest,MID,50,Coventry City,True,a,1.1918497
5,499,Pedro_Porro Sauceda,Pedro Porro,Spurs,DEF,55,Aston Villa,True,a,1.1794183
5,119,João Pedro_Loureiro da Costa,Costinha,Brighton,DEF,45,Arsenal,True,a,1.1712047
5,543,Habib_Diarra,Diarra,Sunderland,MID,55,Man City,False,a,1.155389
5,42,Evann_Guessand,Guessand,Crystal Palace,MID,55,Leeds,False,a,1.1543909
5,108,Callum_Wilson,Wilson,Brentford,FWD,55,Chelsea,True,a,1.1461153
5,209,Brennan_Johnson,Johnson,Everton,MID,60,Ipswich Town,True,a,1.1447148
5,381,Lewis_Koumas,Koumas,Liverpool,MID,50,Bournemouth,False,a,1.1138445
5,435,Shea_Lacey,Lacey,Man Utd,MID,50,Fulham,False,a,1.1068145
5,313,Jack_Clarke,Clarke,Ipswich Town,MID,55,Everton,False,a,1.1049926
5,553,Wilson_Isidor,Isidor,Sunderland,FWD,55,Man City,False,a,1.09831
5,52,Alysson Edward Franco_da Rocha dos Santos,Alysson,Aston Villa,MID,50,Spurs,False,a,1.0929172
5,14,Eberechi_Eze,Eze,Arsenal,MID,65,Brighton,False,a,1.0917706
5,478,Luca_Netz,Netz,Nott'm Forest,DEF,45,Coventry City,True,a,1.0858918
5,148,Jorrel_Hato,Hato,Chelsea,DEF,45,Brentford,False,a,1.0627383
5,248,Norberto Bercique_Gomes Betuncal,Beto,Everton,FWD,55,Ipswich Town,True,a,1.0593292
5,320,Chuba_Akpom,Akpom,Ipswich Town,FWD,50,Everton,False,a,1.056169
5,339,Sean_Longstaff,Longstaff,Leeds,MID,50,Crystal Palace,True,a,1.0499864
5,456,Jacob_Ramsey,J.Ramsey,Newcastle,MID,50,Hull City,True,a,1.0461532
5,76,Alex_Tóth,Tóth.A,Bournemouth,MID,50,Liverpool,True,a,1.043698
5,19,Martín_Zubimendi Ibáñez,Zubimendi,Arsenal,MID,55,Brighton,False,a,1.0379263
5,323,Kasey_McAteer,McAteer,Ipswich Town,MID,45,Everton,False,a,1.0234087
5,415,Patrick_Dorgu,Dorgu,Man Utd,MID,60,Fulham,False,a,1.0158749
5,157,Estêvão_Almeida de Oliveira Gonçalves,Estêvão,Chelsea,MID,65,Brentford,False,a,1.0062946
5,584,Gustavo_Hamer,Hamer,Coventry City,MID,55,Nott'm Forest,False,a,0.9981394
5,138,Charalampos_Kostoulas,Kostoulas,Brighton,FWD,55,Arsenal,True,a,0.9921235
5,17,Mikel_Merino Zazón,Merino,Arsenal,MID,60,Brighton,False,a,0.9915994
5,321,Sindre_Walle Egeli,Walle Egeli,Ipswich Town,FWD,45,Everton,False,a,0.9824443
5,16,Noni_Madueke,Madueke,Arsenal,MID,64,Brighton,False,a,0.98146474
5,583,Pep_Chavarría,Chavarria,Chelsea,DEF,50,Brentford,False,a,0.97408503
5,28,Emiliano_Martínez Romero,Martinez,Aston Villa,GK,50,Spurs,False,a,0.96990687
5,600,Ibrahim_Osman,Osman,Brighton,MID,50,Arsenal,True,a,0.96336836
5,559,Aladji_Bamba,Bamba,Newcastle,MID,50,Hull City,True,a,0.95785165
5,135,Zadok_Yohanna,Yohanna,Brighton,MID,50,Arsenal,True,a,0.95434386
5,9,Piero_Hincapié,Hincapie,Arsenal,DEF,54,Brighton,False,a,0.93694997
5,446,Fabian_Schär,Schär,Newcastle,DEF,50,Hull City,True,a,0.9358518
5,585,Lucas_Herrington,Herrington,Hull City,DEF,40,Newcastle,False,a,0.9304082
5,548,Chris_Rigg,Rigg,Sunderland,MID,50,Man City,False,a,0.91275644
5,271,Rodrigo_Muniz Carvalho,Muniz,Fulham,FWD,55,Man Utd,True,a,0.90946007
5,243,Carlos_Alcaraz Durán,Alcaraz,Everton,MID,50,Ipswich Town,True,a,0.90858907
5,281,Cody_Drameh,Drameh,Hull City,DEF,40,Newcastle,False,a,0.8972306
5,164,Geovany_Quenda,Quenda,Chelsea,MID,55,Brentford,False,a,0.87796813
5,285,Paddy_McNair,McNair,Hull City,DEF,40,Newcastle,False,a,0.8609427
5,72,Ben_Gannon-Doak,Gannon-Doak,Bournemouth,MID,50,Liverpool,True,a,0.8007609
5,493,Arnaud_Kalimuendo,Kalimuendo,Nott'm Forest,FWD,55,Coventry City,True,a,0.74830276
5,577,Takehiro_Tomiyasu,Tomiyasu,Crystal Palace,DEF,45,Leeds,False,a,0.69087136
5,457,Jacob_Murphy,J.Murphy,Newcastle,MID,60,Hull City,True,a,0.6653044
5,503,Micky_van de Ven,Van de Ven,Spurs,DEF,50,Aston Villa,True,a,0.63483125
5,253,Joachim_Andersen,Andersen,Fulham,DEF,50,Man Utd,True,a,0.619077
5,419,Lisandro_Martínez,Martinez,Man Utd,DEF,50,Fulham,False,a,0.61525446
5,592,Abdoul_Ouattara,Ouattara,Ipswich Town,DEF,40,Everton,False,a,0.60151887
5,605,Malick_Yalcouyé,Yalcouyé,Brighton,MID,45,Arsenal,True,a,0.57405585
5,581,Ousmane_Diomande,Diomande,Nott'm Forest,DEF,55,Coventry City,True,a,0.5533238
5,556,Matt_Targett,Targett,Hull City,DEF,40,Newcastle,False,a,0.5206661
5,597,Zion_Suzuki,Suzuki,Aston Villa,GK,50,Spurs,False,a,0.5024516
5,533,Nordi_Mukiele,Mukiele,Sunderland,DEF,55,Man City,False,a,0.49550983
5,392,Rayan_Aït-Nouri,Aït-Nouri,Man City,DEF,55,Sunderland,True,a,0.4592561
5,611,Aaron_Wan-Bissaka,Wan-Bissaka,Aston Villa,DEF,45,Spurs,False,a,0.43064708
5,501,Kevin_Danso,Danso,Spurs,DEF,50,Aston Villa,True,a,0.42066997
5,420,Leny_Yoro,Yoro,Man Utd,DEF,50,Fulham,False,a,0.39891022
5,482,Callum_Hudson-Odoi,Hudson-Odoi,Nott'm Forest,MID,60,Coventry City,True,a,0.37267274
5,470,Felipe_Rodrigues da Silva,Morato,Nott'm Forest,DEF,50,Coventry City,True,a,0.34953356
5,497,Martin_Dubravka,Dubravka,Spurs,GK,40,Aston Villa,True,a,0.33738983
5,484,Omari_Hutchinson,Hutchinson,Nott'm Forest,MID,55,Coventry City,True,a,0.33721542
5,25,Viktor_Gyökeres,Gyökeres,Arsenal,FWD,74,Brighton,False,a,0.33109125
5,31,Ezri_Konsa Ngoyo,Konsa,Arsenal,DEF,45,Brighton,False,a,0.31997323
5,512,Mohammed_Kudus,Kudus,Spurs,MID,65,Aston Villa,True,d,0.3199024
5,256,Kenny_Tete,Tete,Fulham,DEF,45,Man Utd,True,a,0.3142465
5,262,Emile_Smith Rowe,Smith Rowe,Fulham,MID,55,Man Utd,True,a,0.30120748
5,159,Moisés_Caicedo Corozo,Caicedo,Chelsea,MID,55,Brentford,False,d,0.30002534
5,167,Liam_Delap,Delap,Nott'm Forest,FWD,55,Coventry City,True,a,0.28843886
5,232,Jake_O'Brien,O'Brien,Everton,DEF,50,Ipswich Town,True,a,0.28371912
5,431,Amad_Diallo,Amad,Man Utd,MID,59,Fulham,False,d,0.2822923
5,44,Leon_Bailey,Bailey,Aston Villa,MID,55,Spurs,False,a,0.27541828
5,231,Michael_Keane,Keane,Everton,DEF,50,Ipswich Town,True,a,0.26841506
5,287,Liam_Millar,Millar,Hull City,MID,50,Newcastle,False,a,0.26758698
5,145,Wesley_Fofana,Fofana,Chelsea,DEF,50,Brentford,False,a,0.2632559
5,152,Marco_Palestra,Palestra,Chelsea,DEF,55,Brentford,False,d,0.256499
5,487,Nicolás_Domínguez,Dominguez,Nott'm Forest,MID,50,Coventry City,True,a,0.25039724
5,38,Andrés_García,A.García,Aston Villa,DEF,40,Spurs,False,a,0.24628419
5,186,Ephron_Mason-Clark,Mason-Clark,Coventry City,MID,55,Nott'm Forest,False,a,0.24070115
5,62,Bafodé_Diakité,Diakité,Bournemouth,DEF,50,Liverpool,True,a,0.23711517
5,528,Dane_Scarlett,Scarlett,Spurs,FWD,45,Aston Villa,True,a,0.21704409
5,601,Luca_Williams-Barnett,Williams-Barnett,Spurs,MID,45,Aston Villa,True,a,0.2152994
5,328,Pascal_Struijk,Struijk,Brighton,DEF,50,Arsenal,True,a,0.21482094
5,524,Callum_Olusesi,Olusesi,Spurs,MID,45,Aston Villa,True,a,0.21057968
5,442,Nick_Pope,Pope,Newcastle,GK,50,Hull City,True,a,0.20760989
5,463,Nick_Woltemade,Woltemade,Newcastle,FWD,60,Hull City,True,a,0.20659171
5,272,Jonah_Kusi-Asare,Kusi-Asare,Fulham,FWD,45,Man Utd,True,a,0.20641072
5,616,Ayyoub_Bouaddi,Bouaddi,Man City,MID,55,Sunderland,True,a,0.20207733
5,405,Nico_González Iglesias,N.Gonzalez,Newcastle,MID,55,Hull City,True,a,0.19019279
5,212,Will_Hughes,Hughes,Crystal Palace,MID,45,Leeds,False,a,0.18124542
5,508,Ben_Davies,Davies,Spurs,DEF,40,Aston Villa,True,a,0.17991076
5,607,Luka_Lynch,Lynch,Aston Villa,MID,45,Spurs,False,a,0.17520587
5,158,Jamie_Bynoe-Gittens,Gittens,Chelsea,MID,60,Brentford,False,a,0.1750732
5,430,Mason_Mount,Mount,Man Utd,MID,55,Fulham,False,d,0.17083307
5,325,Karl_Darlow,Darlow,Man Utd,GK,45,Fulham,False,a,0.16961025
5,113,Ferdi_Kadıoğlu,F.Kadıoğlu,Brighton,DEF,45,Arsenal,True,a,0.16814871
5,91,Ethan_Pinnock,Pinnock,Coventry City,DEF,45,Nott'm Forest,False,a,0.16505139
5,461,Bazoumana_Touré,Touré,Newcastle,MID,60,Hull City,True,a,0.16493933
5,452,Bruno_Guimarães Rodriguez Moura,Bruno G.,Arsenal,MID,69,Brighton,False,d,0.16458493
5,50,Bradley_Burrowes,Burrowes,Aston Villa,MID,45,Spurs,False,a,0.16293886
5,606,Triston_Rowe,Rowe,Aston Villa,DEF,40,Spurs,False,a,0.15827848
5,364,Kostas_Tsimikas,Tsimikas,Liverpool,DEF,50,Bournemouth,False,a,0.157576
5,166,Nicolas_Jackson,N.Jackson,Chelsea,FWD,65,Brentford,False,a,0.15733626
5,351,Giorgi_Mamardashvili,Mamardashvili,Liverpool,GK,50,Bournemouth,False,a,0.15668774
5,136,Danny_Welbeck,Welbeck,Chelsea,FWD,60,Brentford,False,a,0.15575099
5,436,Toby_Collyer,Collyer,Man Utd,MID,50,Fulham,False,a,0.15567125
5,213,Jefferson_Lerma Solís,Lerma,Crystal Palace,MID,50,Leeds,False,a,0.15526997
5,185,Tatsuhiro_Sakamoto,Sakamoto,Coventry City,MID,50,Nott'm Forest,False,a,0.15339693
5,187,Josh_Eccles,Eccles,Coventry City,MID,50,Nott'm Forest,False,a,0.152997
5,56,Tammy_Abraham,Abraham,Aston Villa,FWD,55,Spurs,False,d,0.15132643
5,18,Gabriel_Martinelli Silva,Martinelli,Arsenal,MID,64,Brighton,False,a,0.1504899
5,511,João Victor_de Souza Menezes,Souza,Spurs,DEF,40,Aston Villa,True,a,0.14929132
5,345,Tanaka_Ao,Tanaka,Leeds,MID,50,Crystal Palace,True,a,0.14489242
5,568,Valentín_Barco,Barco,Chelsea,MID,55,Brentford,False,a,0.14097342
5,270,Harrison_Reed,Reed,Fulham,MID,45,Man Utd,True,a,0.13816765
5,578,Mykhailo_Mudryk,Mudryk,Chelsea,MID,55,Brentford,False,a,0.13768628
5,153,Axel_Disasi,Disasi,Crystal Palace,DEF,45,Leeds,False,a,0.13767348
5,101,Jordan_Henderson,Henderson,Chelsea,MID,50,Brentford,False,d,0.13694339
5,172,Ben_Wilson,Wilson,Coventry City,GK,45,Nott'm Forest,False,a,0.13691236
5,434,Jack_Fletcher,J.Fletcher,Man Utd,MID,50,Fulham,False,a,0.13679862
5,218,Cheick_Doucouré,Doucouré,Crystal Palace,MID,50,Leeds,False,a,0.13622355
5,89,Rico_Henry,Henry,Brentford,DEF,45,Chelsea,True,a,0.13355681
5,595,Zavier_Gozo,Gozo,Crystal Palace,MID,50,Leeds,False,a,0.13340464
5,219,Jesurun_Rak-Sakyi,J.Rak-Sakyi,Crystal Palace,MID,50,Leeds,False,a,0.13277175
5,489,Ryan_Yates,Yates,Nott'm Forest,MID,45,Coventry City,True,a,0.13259879
5,598,Nico_Elvedi,Elvedi,Leeds,DEF,45,Crystal Palace,True,a,0.13199599
5,217,Matheus_França de Oliveira,M.França,Crystal Palace,MID,50,Leeds,False,a,0.13181572
5,495,Brandon_Austin,Austin,Spurs,GK,40,Aston Villa,True,a,0.13157688
5,509,Jun'ai_Byfield,Byfield,Spurs,DEF,40,Aston Villa,True,a,0.13141888
5,510,James_Rowswell,Rowswell,Spurs,DEF,40,Aston Villa,True,a,0.1313202
5,343,Daniel_James,James,Leeds,MID,50,Crystal Palace,True,a,0.12939076
5,440,Joshua_Zirkzee,Zirkzee,Man Utd,FWD,55,Fulham,False,a,0.12787332
5,610,Luc_De Fougerolles,De Fougerolles,Fulham,DEF,40,Man Utd,True,d,0.12660292
5,373,Curtis_Jones,C.Jones,Liverpool,MID,55,Bournemouth,False,d,0.12584674
5,215,Justin_Devenny,Devenny,Crystal Palace,MID,50,Leeds,False,a,0.12543534
5,147,Tosin_Adarabioyo,Tosin,Chelsea,DEF,45,Brentford,False,a,0.123538435
5,207,Oscar_Mingueza,Mingueza,Crystal Palace,DEF,45,Leeds,False,a,0.12239871
5,81,Álvaro_Rodríguez,Rodríguez,Bournemouth,FWD,60,Liverpool,True,a,0.12170886
5,571,Florentino Ibrain_Morris Luís,Florentino,Ipswich Town,MID,50,Everton,False,d,0.12085777
5,205,Borna_Sosa,Sosa,Crystal Palace,DEF,45,Leeds,False,a,0.12018424
5,216,Romain_Esse,Esse,Crystal Palace,MID,50,Leeds,False,a,0.11956682
5,396,Vitor_de Oliveira Nunes dos Reis,Vitor Reis,Man City,DEF,45,Sunderland,True,a,0.11526935
5,587,Gerónimo_Rulli,Rulli,Man City,GK,50,Sunderland,True,a,0.1140505
5,383,Harvey_Elliott,Elliott,Liverpool,MID,55,Bournemouth,False,a,0.11209026
5,174,Liam_Kitching,Kitching,Coventry City,DEF,40,Nott'm Forest,False,a,0.11160836
5,192,Kai_Andrews,Andrews,Coventry City,MID,45,Nott'm Forest,False,a,0.110952884
5,537,Jenson_Seelt,Seelt,Sunderland,DEF,45,Man City,False,a,0.1086816
5,245,Tyler_Dibling,Dibling,Everton,MID,55,Ipswich Town,True,a,0.10738365
5,171,Oliver_Dovin,Dovin,Coventry City,GK,40,Nott'm Forest,False,a,0.106910944
5,407,Claudio_Echeverri,Echeverri,Man City,MID,50,Sunderland,True,a,0.10660342
5,410,Jeremy_Monga,Monga,Man City,MID,50,Sunderland,True,a,0.10647566
5,178,Jake_Bidwell,Bidwell,Coventry City,DEF,40,Nott'm Forest,False,a,0.10624148
5,181,Miguel_Brau,Brau,Coventry City,DEF,40,Nott'm Forest,False,a,0.103484966
5,179,Joel_Latibeaudiere,Latibeaudiere,Coventry City,DEF,40,Nott'm Forest,False,a,0.10268307
5,74,David_Brooks,Brooks,Bournemouth,MID,50,Liverpool,True,a,0.10139587
5,555,Remi_Matthews,Matthews,Crystal Palace,GK,40,Leeds,False,a,0.10095387
5,590,Steven_Benda,Benda,Nott'm Forest,GK,45,Coventry City,True,a,0.10090042
5,189,George_Shepherd,Shepherd,Coventry City,MID,45,Nott'm Forest,False,a,0.10082229
5,326,Lucas Estella_Perri,Perri,Leeds,GK,45,Crystal Palace,True,a,0.100612156
5,468,John Victor_Maciel Furtado,John,Nott'm Forest,GK,45,Coventry City,True,a,0.10024309
5,150,Mamadou_Sarr,M.Sarr,Chelsea,DEF,45,Brentford,False,a,0.09982161
5,604,Alfie_Cresswell,Cresswell,Leeds,MID,45,Crystal Palace,True,a,0.098923154
5,191,Raphael_Borges Rodrigues,Borges Rodrigues,Coventry City,MID,45,Nott'm Forest,False,a,0.098887265
5,573,Juanlu_Sánchez,Sanchez,Bournemouth,DEF,45,Liverpool,True,a,0.098622374
5,58,Fraser_Forster,Forster,Bournemouth,GK,40,Liverpool,True,a,0.09751711
5,120,Michael_Svoboda,Svoboda,Brighton,DEF,50,Arsenal,True,a,0.096903294
5,251,Benjamin_Lecomte,Lecomte,Fulham,GK,40,Man Utd,True,a,0.09619271
5,75,Ryan_Christie,Christie,Bournemouth,MID,50,Liverpool,True,a,0.094341
5,477,Zach_Abbott,Abbott,Nott'm Forest,DEF,40,Coventry City,True,a,0.09392169
5,531,Melker_Ellborg,Ellborg,Sunderland,GK,45,Man City,False,a,0.09231119
5,561,Aaron_Anselmino,Anselmino,Chelsea,DEF,45,Brentford,False,a,0.09214646
5,547,Romaine_Mundle,Mundle,Sunderland,MID,50,Man City,False,a,0.09100211
5,438,Tyler_Fletcher,Fletcher,Man Utd,MID,45,Fulham,False,a,0.090231605
5,347,Lukas_Nmecha,Nmecha,Leeds,FWD,55,Crystal Palace,True,a,0.08852312
5,103,Josh_Dasilva,Dasilva,Brentford,MID,50,Chelsea,True,a,0.0881759
5,437,Bendito_Mantato,Bendito Mantato,Man Utd,MID,45,Fulham,False,a,0.08806214
5,374,Endo_Wataru,Endo,Liverpool,MID,50,Bournemouth,False,a,0.08803225
5,424,Harry_Amass,Amass,Man Utd,DEF,40,Fulham,False,a,0.08762963
5,100,Fábio_Freitas Gouveia Carvalho,Carvalho,Brentford,MID,50,Chelsea,True,a,0.08658272
5,476,Omar_Richards,O.Richards,Nott'm Forest,DEF,40,Coventry City,True,a,0.086309776
5,550,Djiamgone Jocelin Ta_Bi,Jocelin.T,Sunderland,MID,50,Man City,False,a,0.08620572
5,479,Tyler_Bindon,Bindon,Nott'm Forest,DEF,40,Coventry City,True,a,0.08597368
5,93,Jannik_Schuster,Schuster,Brentford,DEF,45,Chelsea,True,a,0.085780844
5,234,Nathan_Patterson,Patterson,Everton,DEF,45,Ipswich Town,True,a,0.08572928
5,252,Alfie_McNally,McNally,Fulham,GK,40,Man Utd,True,a,0.08469762
5,23,Fábio_Ferreira Vieira,Fábio Vieira,Arsenal,MID,55,Brighton,False,a,0.0846632
5,221,Joél_Drakes-Thomas,Drakes-Thomas,Crystal Palace,MID,45,Leeds,False,a,0.084466025
5,599,Sidiki_Cherif,Cherif,Coventry City,FWD,50,Nott'm Forest,False,a,0.08420644
5,594,Promise_David,David,Brighton,FWD,60,Arsenal,True,a,0.08407802
5,92,Kim_Ji-soo,Ji-soo,Brentford,DEF,45,Chelsea,True,a,0.08368873
5,22,Ethan_Nwaneri,Nwaneri,Arsenal,MID,55,Brighton,False,a,0.08368808
5,441,Chido_Obi,Obi,Man Utd,FWD,45,Fulham,False,a,0.083261915
5,24,Reiss_Nelson,Nelson,Arsenal,MID,55,Brighton,False,a,0.08248563
5,227,Mark_Travers,Travers,Everton,GK,50,Ipswich Town,True,a,0.08143157
5,603,Jayden_Lienou,Lienou,Leeds,DEF,40,Crystal Palace,True,a,0.08097219
5,375,Trey_Nyoni,Nyoni,Liverpool,MID,50,Bournemouth,False,a,0.08014956
5,301,Alex_Palmer,Palmer,Ipswich Town,GK,40,Everton,False,a,0.07993712
5,126,Matt_O'Riley,O'Riley,Brighton,MID,55,Arsenal,True,a,0.07879287
5,560,Mike_Penders,Penders,Chelsea,GK,45,Brentford,False,a,0.07860332
5,27,Gabriel_Fernando de Jesus,G.Jesus,Arsenal,FWD,60,Brighton,False,a,0.0777264
5,386,Marcus_Bettinelli,Bettinelli,Man City,GK,45,Sunderland,True,a,0.077514
5,352,Freddie_Woodman,Woodman,Liverpool,GK,40,Bournemouth,False,a,0.07716858
5,609,Leo_Shahar,Shahar,Newcastle,DEF,40,Hull City,True,a,0.07267925
5,20,Max_Dowman,Dowman,Arsenal,MID,54,Brighton,False,a,0.071370296
5,3,Illan_Meslier,Meslier,Arsenal,GK,50,Brighton,False,a,0.071264856
5,409,Divine_Mukasa,Mukasa,Man City,MID,45,Sunderland,True,a,0.0708398
5,615,Michele_Di Gregorio,Di Gregorio,Bournemouth,GK,45,Liverpool,True,a,0.068438865
5,314,Chiedozie_Ogbene,Ogbene,Ipswich Town,MID,50,Everton,False,a,0.06840491
5,2,Kepa_Arrizabalaga Revuelta,Arrizabalaga,Arsenal,GK,50,Brighton,False,a,0.06838021
5,324,Anis_Mehmeti,Mehmeti,Ipswich Town,MID,50,Everton,False,a,0.068142265
5,613,Jules_Ahoka,Ahoka,Sunderland,MID,45,Man City,False,a,0.06787182
5,83,Hákon Rafn_Valdimarsson,Valdimarsson,Brentford,GK,45,Chelsea,True,a,0.06620829
5,111,Jason_Steele,Steele,Brighton,GK,40,Arsenal,True,a,0.06415594
5,443,Mark_Gillespie,Gillespie,Newcastle,GK,45,Hull City,True,a,0.06345237
5,444,Ewen_Jaouen,Jaouen,Newcastle,GK,45,Hull City,True,a,0.063171744
5,296,David_Akintola,Akintola,Hull City,MID,50,Newcastle,False,a,0.06302444
5,300,Christian_Walton,Walton,Ipswich Town,GK,45,Everton,False,a,0.062882274
5,574,Jens_Hjertø-Dahl,Hjertø-Dahl,Hull City,MID,50,Newcastle,False,a,0.06124136
5,163,Dário_Luís Essugo,D.Essugo,Chelsea,MID,45,Brentford,False,a,0.060600746
5,292,Abdülkadir_Ömür,Ömür,Hull City,MID,50,Newcastle,False,a,0.06051359
5,589,Lucas_Gourna-Douath,Gourna-Douath,Hull City,MID,50,Newcastle,False,a,0.060262762
5,563,Hidemasa_Morita,Morita,Hull City,MID,50,Newcastle,False,a,0.06013498
5,361,Wellity_Lucky,Lucky,Liverpool,DEF,40,Bournemouth,False,a,0.058806974
5,614,Jaouen_Hadjam,Hadjam,Brighton,DEF,45,Arsenal,True,a,0.05778912
5,66,Julio_Soler Barreto,Soler,Bournemouth,DEF,40,Liverpool,True,d,0.057671763
5,378,James_McConnell,McConnell,Liverpool,MID,45,Bournemouth,False,a,0.056194883
5,199,Walter_Benítez,Benitez,Crystal Palace,GK,45,Leeds,False,a,0.055940956
5,118,Igor Julio_dos Santos de Paulo,Igor,Brighton,DEF,45,Arsenal,True,a,0.055685353
5,117,Diego_Coppola,Coppola,Brighton,DEF,45,Arsenal,True,a,0.0552889
5,228,Tom_King,King,Everton,GK,45,Ipswich Town,True,a,0.054955035
5,107,Kaye_Furo,Furo,Brentford,FWD,45,Chelsea,True,a,0.05352398
5,168,Marc_Guiu Paz,Marc Guiu,Chelsea,FWD,50,Brentford,False,a,0.04834886
5,355,Harvey_Davies,Davies,Liverpool,GK,40,Bournemouth,False,a,0.048308525
5,602,Cameron_Humphreys,Humphreys,Ipswich Town,MID,45,Everton,False,a,0.04800625
5,170,Emmanuel_Emegha,Emegha,Chelsea,FWD,50,Brentford,False,a,0.047638636
5,273,Dillon_Phillips,Phillips,Hull City,GK,40,Newcastle,False,a,0.04694075
5,235,Adam_Aznou,Aznou,Everton,DEF,40,Ipswich Town,True,a,0.04529892
5,308,Darnell_Furlong,Furlong,Ipswich Town,DEF,40,Everton,False,a,0.044327583
5,303,Cédric_Kipré,Kipré,Ipswich Town,DEF,40,Everton,False,a,0.044298634
5,307,Ben_Johnson,Johnson,Ipswich Town,DEF,40,Everton,False,a,0.04341493
5,302,David_Button,Button,Ipswich Town,GK,40,Everton,False,a,0.04335695
5,288,Kieran_Dowell,Dowell,Hull City,MID,45,Newcastle,False,a,0.042846486
5,466,Sean_Neave,Neave,Newcastle,FWD,45,Hull City,True,a,0.04108434
5,284,Cathal_McCarthy,McCarthy,Hull City,DEF,40,Newcastle,False,a,0.03968153
5,134,Nehemiah_Oriola,Oriola,Brighton,MID,45,Arsenal,True,a,0.035182275
5,169,Shumaira_Mheuka,Mheuka,Chelsea,FWD,45,Brentford,False,a,0.03226411
5,5,Jurriën_Timber,J.Timber,Arsenal,DEF,65,Brighton,False,i,0.0
5,6,William_Saliba,Saliba,Arsenal,DEF,60,Brighton,False,i,0.0
5,21,Christian_Nørgaard,Nørgaard,Everton,MID,50,Ipswich Town,True,i,0.0
5,30,Lucas_Digne,Digne,Aston Villa,DEF,45,Spurs,False,u,0.0
5,39,Kosta_Nedeljkovic,Nedeljkovic,Aston Villa,DEF,40,Spurs,False,u,0.0
5,48,Amadou_Onana,Onana,Aston Villa,MID,50,Spurs,False,i,0.0
5,49,Samuel_Iling-Junior,Iling Jr,Aston Villa,MID,50,Spurs,False,u,0.0
5,53,Johan_Manzambi,Manzambi,Aston Villa,MID,60,Spurs,False,i,0.0
5,54,Joao_Gomes,Gomes,Aston Villa,MID,55,Spurs,False,s,0.0
5,59,Will_Dennis,Dennis,Bournemouth,GK,40,Liverpool,True,u,0.0
5,63,Veljko_Milosavljevic,Milosavljević,Bournemouth,DEF,50,Liverpool,True,i,0.0
5,65,Julián_Araujo Zúñiga,J.Araujo,Bournemouth,DEF,45,Liverpool,True,i,0.0
5,77,Amine_Adli,Adli,Bournemouth,MID,50,Liverpool,True,i,0.0
5,78,Junior_Kroupi,Kroupi.Jr,Bournemouth,MID,75,Liverpool,True,i,0.0
5,80,Enes_Ünal,Enes Ünal,Bournemouth,FWD,55,Liverpool,True,u,0.0
5,85,Sepp_van den Berg,Van den Berg,Brentford,DEF,50,Chelsea,True,i,0.0
5,99,Antoni_Milambo,Milambo,Brentford,MID,50,Chelsea,True,i,0.0
5,121,Mitoma_Kaoru,Mitoma,Brighton,MID,60,Arsenal,True,i,0.0
5,122,Yankuba_Minteh,Minteh,Brighton,MID,60,Arsenal,True,i,0.0
5,128,Facundo_Buonanotte,Buonanotte,Brighton,MID,50,Arsenal,True,u,0.0
5,131,Carlos_Baleba,Baleba,Man Utd,MID,50,Fulham,False,i,0.0
5,132,Harry_Howell,Howell,Brighton,MID,45,Arsenal,True,u,0.0
5,133,Tom_Watson,Watson,Brighton,MID,50,Arsenal,True,u,0.0
5,137,Stefanos_Tzimas,Tzimas,Brighton,FWD,55,Arsenal,True,i,0.0
5,139,Evan_Ferguson,Ferguson,Brighton,FWD,50,Arsenal,True,i,0.0
5,141,Filip_Jörgensen,Jörgensen,Chelsea,GK,50,Brentford,False,u,0.0
5,143,Trevoh_Chalobah,Chalobah,Chelsea,DEF,55,Brentford,False,u,0.0
5,146,Benoît_Badiashile Mukinayi,B.Badiashile,Chelsea,DEF,45,Brentford,False,u,0.0
5,177,Kaine_Kesler-Hayden,Kesler-Hayden,Coventry City,DEF,40,Nott'm Forest,False,i,0.0
5,180,Luke_Woolfenden,Woolfenden,Coventry City,DEF,40,Nott'm Forest,False,i,0.0
5,193,Haji_Wright,Wright,Coventry City,FWD,55,Nott'm Forest,False,i,0.0
5,196,Jahnoah_Markelo,Markelo,Coventry City,FWD,50,Nott'm Forest,False,u,0.0
5,197,Norman_Bassette,Bassette,Coventry City,FWD,45,Nott'm Forest,False,u,0.0
5,206,Chadi_Riad Dnanou,Chadi Riad,Crystal Palace,DEF,45,Leeds,False,i,0.0
5,208,Ismaïla_Sarr,Sarr,Crystal Palace,MID,64,Leeds,False,i,0.0
5,220,Rio_Cardines,Cardines,Crystal Palace,DEF,45,Leeds,False,u,0.0
5,225,Christantus_Uche,Uche,Crystal Palace,FWD,50,Leeds,False,u,0.0
5,240,Tim_Iroegbunam,Iroegbunam,Everton,MID,50,Ipswich Town,True,i,0.0
5,266,Tom_Cairney,Cairney,Fulham,MID,50,Man Utd,True,i,0.0
5,274,Jack_Butland,Butland,Hull City,GK,45,Newcastle,False,i,0.0
5,275,Harvey_Cartwright,Cartwright,Hull City,GK,40,Newcastle,False,u,0.0
5,276,Thimothée_Lo-Tutala,Lo-Tutala,Hull City,GK,40,Newcastle,False,u,0.0
5,278,Charlie_Hughes,Hughes,Hull City,DEF,40,Newcastle,False,i,0.0
5,283,Matty_Jacob,Jacob,Hull City,DEF,40,Newcastle,False,i,0.0
5,291,Eliot_Matazo,Matazo,Hull City,MID,45,Newcastle,False,i,0.0
5,293,Abu_Kamara,Kamara,Hull City,MID,50,Newcastle,False,u,0.0
5,294,Óscar_Zambrano,Zambrano,Hull City,MID,45,Newcastle,False,i,0.0
5,297,Darko_Gyabi,Gyabi,Hull City,MID,45,Newcastle,False,i,0.0
5,298,Enis_Destan,Destan,Hull City,FWD,45,Newcastle,False,u,0.0
5,299,Mason_Burstow,Burstow,Hull City,FWD,45,Newcastle,False,u,0.0
5,310,Azor_Matusiwa,Matusiwa,Ipswich Town,MID,50,Everton,False,i,0.0
5,311,Wes_Burns,Burns,Ipswich Town,MID,50,Everton,False,u,0.0
5,312,Jack_Taylor,Taylor,Ipswich Town,MID,45,Everton,False,i,0.0
5,317,George_Hirst,Hirst,Ipswich Town,FWD,50,Everton,False,u,0.0
5,318,Jaden_Philogene,Philogene,Ipswich Town,MID,55,Everton,False,i,0.0
5,319,Sam_Szmodics,Szmodics,Ipswich Town,MID,50,Everton,False,u,0.0
5,322,Ali_Al-Hamadi,Al-Hamadi,Ipswich Town,FWD,50,Everton,False,u,0.0
5,331,Gabriel_Gudmundsson,Gudmundsson,Leeds,DEF,45,Crystal Palace,True,i,0.0
5,333,Sebastiaan_Bornauw,Bornauw,Leeds,DEF,45,Crystal Palace,True,u,0.0
5,340,Joe_Gelhardt,Gelhardt,Hull City,MID,50,Newcastle,False,i,0.0
5,341,Wilfried_Gnonto,Gnonto,Leeds,MID,50,Crystal Palace,True,i,0.0
5,342,Jack_Harrison,Harrison,Leeds,MID,50,Crystal Palace,True,u,0.0
5,344,Ilia_Gruev,Gruev,Leeds,MID,50,Crystal Palace,True,i,0.0
5,348,Joël_Piroe,Piroe,Leeds,FWD,50,Crystal Palace,True,u,0.0
5,349,Mateo_Joseph Fernández-Regatillo,Mateo Joseph,Leeds,FWD,45,Crystal Palace,True,i,0.0
5,353,Armin_Pecsi,Pecsi,Liverpool,GK,40,Bournemouth,False,u,0.0
5,354,Vitezslav_Jaros,Jaros,Liverpool,GK,40,Bournemouth,False,i,0.0
5,359,Joe_Gomez,Gomez,Liverpool,DEF,50,Bournemouth,False,i,0.0
5,360,Conor_Bradley,Bradley,Liverpool,DEF,50,Bournemouth,False,i,0.0
5,363,Giovanni_Leoni,Leoni,Liverpool,DEF,40,Bournemouth,False,i,0.0
5,365,Calvin_Ramsay,Ramsay,Liverpool,DEF,40,Bournemouth,False,u,0.0
5,370,Federico_Chiesa,Chiesa,Liverpool,MID,55,Bournemouth,False,i,0.0
5,376,Stefan_Bajčetić Maquieira,Bajcetic,Liverpool,MID,50,Bournemouth,False,i,0.0
5,380,Hugo_Ekitiké,Ekitiké,Liverpool,FWD,75,Bournemouth,False,i,0.0
5,382,Jayden_Danns,Danns,Liverpool,FWD,45,Bournemouth,False,i,0.0
5,394,Max_Alleyne,Alleyne,Man City,DEF,50,Sunderland,True,u,0.0
5,400,Jérémy_Doku,Doku,Man City,MID,75,Sunderland,True,i,0.0
5,402,Rodrigo 'Rodri'_Hernandez Cascante,Rodrigo,Man City,MID,65,Sunderland,True,u,0.0
5,404,Tijjani_Reijnders,Reijnders,Man City,MID,60,Sunderland,True,u,0.0
5,408,Kalvin_Phillips,Phillips,Man City,MID,50,Sunderland,True,u,0.0
5,413,Altay_Bayındır,Bayindir,Man Utd,GK,45,Fulham,False,u,0.0
5,414,Tom_Heaton,Heaton,Man Utd,GK,40,Fulham,False,i,0.0
5,416,Matthijs_de Ligt,De Ligt,Man Utd,DEF,50,Fulham,False,i,0.0
5,425,Tyler_Fredricson,Fredricson,Man Utd,DEF,40,Fulham,False,u,0.0
5,433,Manuel_Ugarte Ribeiro,Ugarte,Man Utd,MID,50,Fulham,False,i,0.0
5,448,Dan_Burn,Burn,Newcastle,DEF,50,Hull City,True,i,0.0
5,450,Tino_Livramento,Livramento,Newcastle,DEF,50,Hull City,True,i,0.0
5,451,Alex_Murphy,A.Murphy,Newcastle,DEF,40,Hull City,True,u,0.0
5,458,Joelinton Cássio_Apolinário de Lira,Joelinton,Newcastle,MID,55,Hull City,True,i,0.0
5,465,William_Osula,Osula,Newcastle,FWD,60,Hull City,True,i,0.0
5,475,Nicolò_Savona,Savona,Nott'm Forest,DEF,45,Coventry City,True,i,0.0
5,485,Dilane_Bakwa,Bakwa,Nott'm Forest,MID,55,Coventry City,True,u,0.0
5,488,Ibrahim_Sangaré,I.Sangaré,Nott'm Forest,MID,50,Coventry City,True,i,0.0
5,494,Guglielmo_Vicario,Vicario,Spurs,GK,45,Aston Villa,True,u,0.0
5,500,Cristian_Romero,Romero,Spurs,DEF,50,Aston Villa,True,u,0.0
5,505,Djed_Spence,Spence,Spurs,DEF,45,Aston Villa,True,u,0.0
5,507,Ashley_Phillips,Phillips,Spurs,DEF,45,Aston Villa,True,u,0.0
5,513,Xavi_Simons,Xavi,Spurs,MID,60,Aston Villa,True,i,0.0
5,517,Wilson_Odobert,Odobert,Spurs,MID,55,Aston Villa,True,i,0.0
5,518,Pape Matar_Sarr,P.M.Sarr,Spurs,MID,49,Aston Villa,True,i,0.0
5,521,Dejan_Kulusevski,Kulusevski,Spurs,MID,65,Aston Villa,True,i,0.0
5,530,Anthony_Patterson,Patterson,Sunderland,GK,40,Man City,False,u,0.0
5,538,Leo Fuhr_Hjelde,Hjelde,Sunderland,DEF,40,Man City,False,u,0.0
5,540,Arthur_Masuaku,Masuaku,Sunderland,DEF,40,Man City,False,u,0.0
5,546,Simon_Adingra,Adingra,Sunderland,MID,50,Man City,False,i,0.0
5,554,Kayne_van Oevelen,Van Oevelen,Ipswich Town,GK,45,Everton,False,u,0.0
5,582,Brian_Madjo,Madjo,Aston Villa,FWD,55,Spurs,False,i,0.0
5,612,Dayann_Méthalie,Methalie,Sunderland,DEF,45,Man City,False,s,0.0
