gw,element,name,web_name,team_name,position,value,opponent_team_name,was_home,status,pred_decomposed_tuned
3,411,Erling_Haaland,Haaland,Man City,FWD,155,Coventry City,True,a,6.984076
3,426,Bruno_Borges Fernandes,B.Fernandes,Man Utd,MID,120,Everton,False,a,5.857458
3,398,Phil_Foden,Foden,Man City,MID,70,Coventry City,True,a,5.461991
3,388,Marc_Guéhi,Guéhi,Man City,DEF,60,Coventry City,True,a,5.451215
3,12,Bukayo_Saka,Saka,Arsenal,MID,95,Chelsea,True,a,5.3681555
3,480,Morgan_Gibbs-White,Gibbs-White,Nott'm Forest,MID,79,Spurs,True,a,5.0406046
3,379,Alexander_Isak,Isak,Liverpool,FWD,90,Ipswich Town,False,a,5.023256
3,249,Thierno_Barry,Barry,Everton,FWD,55,Man Utd,True,a,4.695382
3,399,Rayan_Cherki,Cherki,Man City,MID,77,Coventry City,True,a,4.5800014
3,165,João Pedro_Junqueira de Jesus,João Pedro,Chelsea,FWD,77,Arsenal,False,a,4.4422007
3,591,Julio_Enciso,Enciso,Ipswich Town,MID,55,Liverpool,True,a,4.4401603
3,569,Gonzalo_García,Gonzalo,Fulham,FWD,60,Crystal Palace,True,a,4.3819838
3,356,Virgil_van Dijk,Virgil,Liverpool,DEF,65,Ipswich Town,False,a,4.2978096
3,368,Dominik_Szoboszlai,Szoboszlai,Liverpool,MID,70,Ipswich Town,False,a,4.2350326
3,94,Kevin_Schade,Schade,Brentford,MID,60,Sunderland,True,a,4.2271967
3,483,Dan_Ndoye,Ndoye,Nott'm Forest,MID,55,Spurs,True,a,4.174303
3,4,Gabriel_dos Santos Magalhães,Gabriel,Arsenal,DEF,80,Chelsea,True,a,4.1435924
3,268,Josh_King,King,Fulham,MID,55,Crystal Palace,True,a,4.096195
3,86,Keane_Lewis-Potter,Lewis-Potter,Brentford,MID,55,Sunderland,True,a,4.0916653
3,40,Morgan_Rogers,Rogers,Chelsea,MID,75,Arsenal,False,a,4.067779
3,367,Cody_Gakpo,Gakpo,Liverpool,MID,71,Ipswich Town,False,a,4.0262704
3,236,Kiernan_Dewsbury-Hall,Dewsbury-Hall,Everton,MID,65,Man Utd,True,a,3.991289
3,258,Timothy_Castagne,Castagne,Fulham,DEF,45,Crystal Palace,True,a,3.989563
3,366,Florian_Wirtz,Wirtz,Liverpool,MID,75,Ipswich Town,False,a,3.9709973
3,127,Diego_Gómez Amarilla,Gomez,Brighton,MID,50,Leeds,True,a,3.9657211
3,464,Yoane_Wissa,Wissa,Newcastle,FWD,61,Bournemouth,True,a,3.909818
3,391,Joško_Gvardiol,Gvardiol,Man City,DEF,56,Coventry City,True,a,3.8153787
3,449,Lewis_Hall,Hall,Newcastle,DEF,51,Bournemouth,True,a,3.7905593
3,445,Malick_Thiaw,Thiaw,Newcastle,DEF,50,Bournemouth,True,a,3.7786405
3,390,Rúben_dos Santos Gato Alves Dias,Rúben,Man City,DEF,55,Coventry City,True,a,3.7634242
3,230,Jarrad_Branthwaite,Branthwaite,Everton,DEF,55,Man Utd,True,a,3.752352
3,472,Murillo_Costa dos Santos,Murillo,Nott'm Forest,DEF,55,Spurs,True,a,3.744695
3,115,Maxim_De Cuyper,De Cuyper,Brighton,DEF,47,Leeds,True,a,3.7385137
3,567,Lukás_Hornícek,Horníček,Newcastle,GK,50,Bournemouth,True,a,3.7290847
3,428,Matheus_Santos Carneiro da Cunha,Cunha,Man Utd,MID,80,Everton,False,a,3.7163525
3,454,Anthony_Elanga,Elanga,Newcastle,MID,61,Bournemouth,True,a,3.7051635
3,469,Neco_Williams,N.Williams,Nott'm Forest,DEF,50,Spurs,True,a,3.7010045
3,98,Vitaly_Janelt,Janelt,Brentford,MID,50,Sunderland,True,a,3.6867213
3,84,Nathan_Collins,Collins,Brentford,DEF,55,Sunderland,True,a,3.6862953
3,154,Cole_Palmer,Palmer,Chelsea,MID,96,Arsenal,False,a,3.6843011
3,10,Benjamin_White,White,Arsenal,DEF,55,Chelsea,True,a,3.6554937
3,384,Gianluigi_Donnarumma,Donnarumma,Man City,GK,55,Coventry City,True,a,3.6501424
3,250,Bernd_Leno,Leno,Fulham,GK,45,Crystal Palace,True,a,3.6473002
3,377,Victor_Munoz,Munoz,Liverpool,MID,65,Ipswich Town,False,a,3.6413918
3,290,Regan_Slater,Slater,Hull City,MID,45,Aston Villa,True,a,3.6347523
3,8,Riccardo_Calafiori,Calafiori,Arsenal,DEF,57,Chelsea,True,a,3.6267264
3,229,James_Tarkowski,Tarkowski,Everton,DEF,60,Man Utd,True,a,3.6220777
3,350,Alisson_Becker,A.Becker,Liverpool,GK,55,Ipswich Town,False,a,3.6183877
3,572,Konstantinos_Tzolakis,Tzolakis,Hull City,GK,46,Aston Villa,True,a,3.613539
3,82,Caoimhín_Kelleher,Kelleher,Brentford,GK,50,Sunderland,True,a,3.6134124
3,447,Sven_Botman,Botman,Newcastle,DEF,50,Bournemouth,True,a,3.5444925
3,387,Nico_O'Reilly,O'Reilly,Man City,DEF,65,Coventry City,True,a,3.5442212
3,286,Mohamed_Belloumi,Belloumi,Hull City,MID,50,Aston Villa,True,a,3.5413322
3,26,Kai_Havertz,Havertz,Arsenal,FWD,75,Chelsea,True,a,3.5201354
3,295,Oli_McBurnie,McBurnie,Hull City,FWD,55,Aston Villa,True,a,3.5188146
3,226,Jordan_Pickford,Pickford,Everton,GK,55,Man Utd,True,a,3.5078754
3,627,Bradley_Barcola,Barcola,Liverpool,MID,80,Ipswich Town,False,a,3.5070662
3,277,John_Egan,Egan,Hull City,DEF,40,Aston Villa,True,a,3.504062
3,453,Harvey_Barnes,Barnes,Newcastle,MID,60,Bournemouth,True,a,3.4178581
3,397,Antoine_Semenyo,Semenyo,Man City,MID,85,Coventry City,True,a,3.4044511
3,244,Harrison_Armstrong,Armstrong,Everton,MID,50,Man Utd,True,a,3.3756206
3,254,Antonee_Robinson,Robinson,Fulham,DEF,45,Crystal Palace,True,a,3.3721306
3,279,Semi_Ajayi,Ajayi,Hull City,DEF,41,Aston Villa,True,a,3.362355
3,15,Martin_Ødegaard,Ødegaard,Arsenal,MID,66,Chelsea,True,a,3.3475752
3,261,Alex_Iwobi,Iwobi,Fulham,MID,55,Crystal Palace,True,a,3.3172464
3,198,Dean_Henderson,Henderson,Crystal Palace,GK,50,Fulham,False,a,3.310172
3,224,Eddie_Nketiah,Nketiah,Crystal Palace,FWD,55,Fulham,False,a,3.3088865
3,471,Nikola_Milenković,Milenković,Nott'm Forest,DEF,55,Spurs,True,a,3.2839847
3,68,Marcus_Tavernier,Tavernier,Bournemouth,MID,60,Newcastle,False,a,3.2771332
3,69,Alex_Scott,Scott,Bournemouth,MID,60,Newcastle,False,a,3.2729604
3,124,Pascal_Groß,Groß,Brighton,MID,55,Leeds,True,a,3.248772
3,79,Francisco Evanilson_de Lima Barbosa,Evanilson,Bournemouth,FWD,60,Newcastle,False,a,3.2486367
3,1,David_Raya Martín,Raya,Arsenal,GK,60,Chelsea,True,a,3.238942
3,282,Ryan_Giles,Giles,Hull City,DEF,40,Aston Villa,True,a,3.190191
3,467,Matz_Sels,Sels,Nott'm Forest,GK,50,Spurs,True,a,3.1860003
3,87,Kristoffer_Ajer,Ajer,Brentford,DEF,45,Sunderland,True,a,3.179824
3,233,Vitalii_Mykolenko,Mykolenko,Everton,DEF,45,Man Utd,True,a,3.1764152
3,385,James_Trafford,Trafford,Leeds,GK,50,Brighton,False,a,3.1625726
3,106,Igor Thiago_Nascimento Rodrigues,Thiago,Brentford,FWD,80,Sunderland,True,a,3.161276
3,88,Michael_Kayode,Kayode,Brentford,DEF,46,Sunderland,True,a,3.1563795
3,116,Lewis_Dunk,Dunk,Brighton,DEF,45,Leeds,True,a,3.1474419
3,257,Calvin_Bassey,Bassey,Fulham,DEF,45,Crystal Palace,True,a,3.1272447
3,473,Ola_Aina,Aina,Nott'm Forest,DEF,45,Spurs,True,a,3.123329
3,481,Elliot_Anderson,Anderson,Man City,MID,64,Coventry City,True,a,3.1204667
3,593,Amar_Dedic,Dedić,Newcastle,DEF,45,Bournemouth,True,a,3.1040125
3,504,Luka_Vušković,Vuskovic,Brighton,DEF,50,Leeds,True,a,3.1034448
3,109,Bart_Verbruggen,Verbruggen,Brighton,GK,45,Leeds,True,a,3.0914373
3,346,Dominic_Calvert-Lewin,Calvert-Lewin,Leeds,FWD,60,Brighton,False,a,3.082537
3,210,Adam_Wharton,Wharton,Crystal Palace,MID,55,Fulham,False,a,3.0640504
3,393,Abdukodir_Khusanov,Khusanov,Man City,DEF,55,Coventry City,True,a,3.0366237
3,486,James_McAtee,McAtee,Nott'm Forest,MID,55,Spurs,True,a,3.0037446
3,460,Joe_Willock,Willock,Newcastle,MID,50,Bournemouth,True,a,2.9733307
3,320,Chuba_Akpom,Akpom,Ipswich Town,FWD,50,Liverpool,True,a,2.9596674
3,362,Jeremy_Jacquet,Jacquet,Liverpool,DEF,50,Ipswich Town,False,a,2.9433393
3,544,Granit_Xhaka,Xhaka,Sunderland,MID,55,Brentford,False,a,2.9322398
3,335,Anton_Stach,Stach,Leeds,MID,60,Brighton,False,a,2.9023108
3,202,Chris_Richards,Richards,Crystal Palace,DEF,50,Fulham,False,a,2.8452482
3,357,Jeremie_Frimpong,Frimpong,Liverpool,DEF,55,Ipswich Town,False,a,2.812893
3,259,Issa_Diop,Diop,Ipswich Town,DEF,40,Liverpool,True,a,2.8096323
3,264,Oscar_Bobb,Bobb,Fulham,MID,55,Crystal Palace,True,a,2.789845
3,214,Daichi_Kamada,Kamada,Crystal Palace,MID,50,Fulham,False,a,2.7850385
3,565,Mamadou_Sangaré,M.Sangaré,Brentford,MID,57,Sunderland,True,a,2.781803
3,7,Myles_Lewis-Skelly,Lewis-Skelly,Arsenal,MID,55,Chelsea,True,a,2.7758248
3,211,Yéremy_Pino Santos,Yeremy,Crystal Palace,MID,55,Fulham,False,a,2.769146
3,28,Emiliano_Martínez Romero,Martinez,Chelsea,GK,50,Arsenal,False,a,2.743909
3,265,Sander_Berge,Berge,Fulham,MID,50,Crystal Palace,True,a,2.7289376
3,474,Jair_Paula da Cunha Filho,Jair Cunha,Nott'm Forest,DEF,45,Spurs,True,a,2.7117584
3,491,Igor Jesus_Maciel da Cruz,Igor Jesus,Nott'm Forest,FWD,59,Spurs,True,a,2.7074356
3,586,Nobel_Mendy,Mendy,Hull City,DEF,40,Aston Villa,True,a,2.6947472
3,570,César_Palacios,Palacios,Fulham,MID,55,Crystal Palace,True,a,2.688434
3,564,Kjell_Scherpen,Scherpen,Ipswich Town,GK,45,Liverpool,True,a,2.6873744
3,605,Malick_Yalcouyé,Yalcouyé,Brighton,MID,45,Leeds,True,a,2.6865654
3,138,Charalampos_Kostoulas,Kostoulas,Brighton,FWD,55,Leeds,True,a,2.6833673
3,60,James_Hill,Hill,Bournemouth,DEF,55,Newcastle,False,a,2.6822538
3,156,Pedro_Lomba Neto,Neto,Chelsea,MID,65,Arsenal,False,a,2.6713147
3,43,Youri_Tielemans,Tielemans,Man Utd,MID,59,Everton,False,a,2.6600132
3,432,Kobbie_Mainoo,Mainoo,Man Utd,MID,55,Everton,False,a,2.6570034
3,499,Pedro_Porro Sauceda,Pedro Porro,Spurs,DEF,55,Nott'm Forest,False,a,2.6569083
3,57,Đorđe_Petrović,Petrović,Bournemouth,GK,45,Newcastle,False,a,2.6545396
3,315,Abdul_Fatawu,Fatawu,Ipswich Town,MID,55,Liverpool,True,a,2.6361184
3,553,Wilson_Isidor,Isidor,Sunderland,FWD,55,Brentford,False,a,2.6332395
3,13,Declan_Rice,Rice,Arsenal,MID,75,Chelsea,True,a,2.6000016
3,429,Marcus_Rashford,Rashford,Man Utd,MID,70,Everton,False,a,2.5922146
3,427,Bryan_Mbeumo,Mbeumo,Man Utd,MID,80,Everton,False,a,2.5910099
3,242,Tyrique_George,George,Everton,MID,55,Man Utd,True,a,2.5904725
3,459,Lewis_Miley,L.Miley,Newcastle,MID,55,Bournemouth,True,a,2.5892317
3,114,Olivier_Boscagli,Boscagli,Brighton,DEF,45,Leeds,True,a,2.5810018
3,167,Liam_Delap,Delap,Nott'm Forest,FWD,55,Spurs,True,a,2.5757725
3,267,Saša_Lukić,Lukić,Ipswich Town,MID,50,Liverpool,True,a,2.5748618
3,41,Emiliano_Buendía Stati,Buendía,Aston Villa,MID,60,Hull City,False,a,2.557364
3,412,Senne_Lammens,Lammens,Man Utd,GK,50,Everton,False,a,2.5531116
3,372,Alexis_Mac Allister,Mac Allister,Liverpool,MID,55,Ipswich Town,False,a,2.5323665
3,401,Omar_Marmoush,Marmoush,Spurs,FWD,70,Nott'm Forest,False,a,2.5246835
3,305,Leif_Davis,Davis,Ipswich Town,DEF,40,Liverpool,True,a,2.4960055
3,61,Adrien_Truffert,Truffert,Bournemouth,DEF,55,Newcastle,False,a,2.4547215
3,253,Joachim_Andersen,Andersen,Fulham,DEF,50,Crystal Palace,True,a,2.4418035
3,316,Emersonn_Correia da Silva,Emersonn,Ipswich Town,FWD,55,Liverpool,True,a,2.3877811
3,105,Jaidon_Anthony,Anthony,Brentford,MID,60,Sunderland,True,a,2.3821476
3,334,Tarik_Muharemović,Muharemović,Leeds,DEF,50,Brighton,False,a,2.3739195
3,246,Merlin_Röhl,Röhl,Everton,MID,50,Man Utd,True,a,2.3645134
3,371,Ryan_Gravenberch,Gravenberch,Liverpool,MID,60,Ipswich Town,False,a,2.3547199
3,558,Xaver_Schlager,Schlager,Nott'm Forest,MID,50,Spurs,True,a,2.3390958
3,70,Justin_Kluivert,Kluivert,Bournemouth,MID,60,Newcastle,False,a,2.33533
3,45,John_McGinn,McGinn,Aston Villa,MID,54,Hull City,False,a,2.3332815
3,338,Ethan_Ampadu,Ampadu,Leeds,MID,55,Brighton,False,a,2.326799
3,514,Mathys_Tel,Tel,Spurs,MID,59,Nott'm Forest,False,a,2.3061414
3,67,Rayan Vitor_Simplício Rocha,Rayan,Bournemouth,MID,65,Newcastle,False,a,2.3014498
3,496,Antonín_Kinský,Kinsky,Spurs,GK,45,Nott'm Forest,False,a,2.2987943
3,576,Elliot_Stroud,Stroud,Hull City,MID,50,Aston Villa,True,a,2.261861
3,204,Tyrick_Mitchell,Mitchell,Crystal Palace,DEF,45,Fulham,False,a,2.2324276
3,405,Nico_González Iglesias,N.Gonzalez,Newcastle,MID,55,Bournemouth,True,a,2.231147
3,545,Noah_Sadiki,Sadiki,Sunderland,MID,50,Brentford,False,a,2.1677725
3,203,Jaydee_Canvot,Canvot,Crystal Palace,DEF,49,Fulham,False,a,2.1559498
3,522,Archie_Gray,Gray,Spurs,MID,50,Nott'm Forest,False,a,2.1502326
3,95,Dango_Ouattara,O.Dango,Brentford,MID,65,Sunderland,True,a,2.1474154
3,358,Milos_Kerkez,Kerkez,Liverpool,DEF,55,Ipswich Town,False,a,2.144824
3,529,Robin_Roefs,Roefs,Sunderland,GK,50,Brentford,False,a,2.144261
3,332,James_Justin,Justin,Leeds,DEF,45,Brighton,False,a,2.1423037
3,309,Marcelino_Núñez,Núñez,Ipswich Town,MID,50,Liverpool,True,a,2.1218235
3,200,Maxence_Lacroix,Lacroix,Chelsea,DEF,60,Arsenal,False,a,2.0968592
3,562,Daizen_Maeda,Maeda,Ipswich Town,MID,55,Liverpool,True,a,2.0957413
3,166,Nicolas_Jackson,N.Jackson,Aston Villa,FWD,65,Hull City,False,a,2.089778
3,155,Enzo_Fernández,Enzo,Man City,MID,69,Coventry City,True,a,2.0846431
3,304,Dara_O'Shea,O'Shea,Ipswich Town,DEF,40,Liverpool,True,a,2.0640032
3,161,Roméo_Lavia,Lavia,Chelsea,MID,50,Arsenal,False,a,2.0519328
3,47,Boubacar_Kamara,Kamara,Aston Villa,MID,50,Hull City,False,a,2.0400546
3,516,Rodrigo_Bentancur,Bentancur,Spurs,MID,55,Nott'm Forest,False,a,2.0102398
3,327,Jaka_Bijol,Bijol,Leeds,DEF,50,Brighton,False,a,2.0099502
3,455,Sandro_Tonali,Tonali,Spurs,MID,54,Nott'm Forest,False,a,1.9994098
3,597,Zion_Suzuki,Suzuki,Aston Villa,GK,50,Hull City,False,a,1.9931191
3,96,Mikkel_Damsgaard,Damsgaard,Brentford,MID,55,Sunderland,True,a,1.9857496
3,31,Ezri_Konsa Ngoyo,Konsa,Arsenal,DEF,44,Chelsea,True,a,1.9725122
3,588,Anan_Khalaili,Khalaili,Crystal Palace,DEF,50,Fulham,False,a,1.9669467
3,113,Ferdi_Kadıoğlu,F.Kadıoğlu,Brighton,DEF,44,Leeds,True,a,1.948036
3,144,Malo_Gusto,Gusto,Chelsea,DEF,50,Arsenal,False,a,1.9025351
3,239,James_Garner,Garner,Everton,MID,60,Man Utd,True,a,1.896797
3,184,Matt_Grimes,Grimes,Coventry City,MID,50,Man City,False,a,1.8939352
3,51,George_Hemmings,George Hemmings,Aston Villa,MID,45,Hull City,False,a,1.8908005
3,238,Jack_Grealish,Grealish,Everton,MID,65,Man Utd,True,a,1.8866622
3,222,Jørgen_Strand Larsen,Strand Larsen,Crystal Palace,FWD,60,Fulham,False,a,1.8866419
3,190,Loum_Tchaouna,Tchaouna,Coventry City,MID,55,Man City,False,a,1.8806238
3,46,Ross_Barkley,Barkley,Aston Villa,MID,50,Hull City,False,a,1.8785609
3,566,António João_Pereira de Albuquerque Tavares da Silva,Silva,Bournemouth,DEF,50,Newcastle,False,a,1.860759
3,525,Mateus_Fernandes,Fernandes,Spurs,MID,59,Nott'm Forest,False,a,1.8465906
3,533,Nordi_Mukiele,Mukiele,Sunderland,DEF,55,Brentford,False,a,1.8291839
3,536,Reinildo_Mandava,Reinildo,Sunderland,DEF,45,Brentford,False,a,1.8276782
3,503,Micky_van de Ven,Van de Ven,Spurs,DEF,50,Nott'm Forest,False,a,1.7956258
3,201,Daniel_Muñoz Mejía,Muñoz,Nott'm Forest,DEF,54,Spurs,True,a,1.776912
3,502,Andrew_Robertson,Robertson,Spurs,DEF,45,Nott'm Forest,False,a,1.7693614
3,417,Diogo_Dalot Teixeira,Dalot,Man Utd,DEF,50,Everton,False,a,1.741419
3,247,Hayden_Hackney,Hackney,Everton,MID,55,Man Utd,True,a,1.7409655
3,255,Jorge_Cuenca Barreno,J.Cuenca,Fulham,DEF,45,Crystal Palace,True,a,1.7282965
3,551,Nilson_Angulo,N.Angulo,Sunderland,MID,50,Brentford,False,a,1.721585
3,71,Lewis_Cook,Cook,Bournemouth,MID,50,Newcastle,False,a,1.7176461
3,330,Jayden_Bogle,Bogle,Leeds,DEF,45,Brighton,False,a,1.7152103
3,575,Caleb_Yirenkyi,Yirenkyi,Coventry City,MID,50,Man City,False,a,1.6966943
3,32,Matty_Cash,Cash,Aston Villa,DEF,45,Hull City,False,a,1.6893122
3,306,Jacob_Greaves,Greaves,Ipswich Town,DEF,40,Liverpool,True,a,1.6323792
3,419,Lisandro_Martínez,Martinez,Man Utd,DEF,50,Everton,False,a,1.6298527
3,337,Brenden_Aaronson,Aaronson,Leeds,MID,55,Brighton,False,a,1.620768
3,173,Bobby_Thomas,Thomas,Coventry City,DEF,40,Man City,False,a,1.6135902
3,492,Taiwo_Awoniyi,Awoniyi,Coventry City,FWD,55,Man City,False,a,1.6109433
3,14,Eberechi_Eze,Eze,Arsenal,MID,64,Chelsea,True,a,1.6060827
3,183,Jack_Rudoni,Rudoni,Coventry City,MID,50,Man City,False,a,1.597572
3,336,Noah_Okafor,Okafor,Leeds,MID,59,Brighton,False,a,1.5566586
3,280,Lewie_Coyle,Coyle,Hull City,DEF,40,Aston Villa,True,d,1.5442648
3,269,Ryan_Sessegnon,Sessegnon,Fulham,DEF,45,Crystal Palace,True,a,1.5394098
3,241,Dwight_McNeil,McNeil,Crystal Palace,MID,55,Fulham,False,a,1.5388411
3,194,Brandon_Thomas-Asante,Thomas-Asante,Coventry City,FWD,50,Man City,False,a,1.5300012
3,439,Benjamin_Sesko,Šeško,Man Utd,FWD,70,Everton,False,a,1.5126629
3,534,Trai_Hume,Hume,Sunderland,DEF,45,Brentford,False,a,1.5084126
3,541,Thomas_Meunier,Meunier,Sunderland,DEF,45,Brentford,False,a,1.4618413
3,552,Brian_Brobbey,Brobbey,Sunderland,FWD,59,Brentford,False,a,1.4555852
3,148,Jorrel_Hato,Hato,Chelsea,DEF,45,Arsenal,False,a,1.4446311
3,64,Adam_Smith,Smith,Bournemouth,DEF,45,Newcastle,False,a,1.434596
3,616,Ayyoub_Bouaddi,Bouaddi,Man City,MID,55,Coventry City,True,a,1.4088717
3,112,Jan Paul_van Hecke,Van Hecke,Spurs,DEF,49,Nott'm Forest,False,a,1.402766
3,577,Takehiro_Tomiyasu,Tomiyasu,Crystal Palace,DEF,45,Fulham,False,a,1.4003459
3,580,Shea_Charles,Charles,Fulham,MID,50,Crystal Palace,True,a,1.3909599
3,123,Jack_Hinshelwood,Hinshelwood,Brighton,MID,60,Leeds,True,d,1.3842688
3,17,Mikel_Merino Zazón,Merino,Arsenal,MID,59,Chelsea,True,a,1.3801199
3,162,Andrey_Nascimento dos Santos,Andrey Santos,Man Utd,MID,49,Everton,False,a,1.3659846
3,110,Carl_Rushworth,Rushworth,Coventry City,GK,45,Man City,False,a,1.3591143
3,395,Rico_Lewis,Lewis,Man City,DEF,45,Coventry City,True,a,1.358878
3,36,Ian_Maatsen,Maatsen,Aston Villa,DEF,45,Hull City,False,a,1.3447616
3,462,Sean_Steur,Steur,Newcastle,MID,50,Bournemouth,True,a,1.3445797
3,11,Cristhian_Mosquera,Mosquera,Arsenal,DEF,55,Chelsea,True,d,1.3430092
3,34,Pau_Torres,Pau,Aston Villa,DEF,45,Hull City,False,a,1.3426112
3,209,Brennan_Johnson,Johnson,Everton,MID,59,Man Utd,True,a,1.3352932
3,526,Dominic_Solanke-Mitchell,Solanke,Spurs,FWD,59,Nott'm Forest,False,a,1.3278967
3,406,Mateo_Kovačić,Kovačić,Man City,MID,55,Coventry City,True,a,1.3251308
3,532,Daniel_Ballard,Ballard,Sunderland,DEF,50,Brentford,False,a,1.3245076
3,506,Destiny_Udogie,Udogie,Spurs,DEF,45,Nott'm Forest,False,a,1.292678
3,151,Josh_Acheampong,Acheampong,Chelsea,DEF,45,Arsenal,False,a,1.2909834
3,237,Iliman_Ndiaye,Ndiaye,Man City,MID,60,Coventry City,True,a,1.2868724
3,19,Martín_Zubimendi Ibáñez,Zubimendi,Arsenal,MID,54,Chelsea,True,a,1.2582846
3,619,Exequiel_Palacios,Palacios,Ipswich Town,MID,50,Liverpool,True,a,1.2550647
3,418,Harry_Maguire,Maguire,Man Utd,DEF,50,Everton,False,a,1.2493199
3,142,Reece_James,James,Chelsea,DEF,55,Arsenal,False,a,1.2456157
3,149,Levi_Samuels Colwill,Colwill,Chelsea,DEF,50,Arsenal,False,a,1.2454172
3,42,Evann_Guessand,Guessand,Crystal Palace,MID,55,Fulham,False,a,1.244082
3,512,Mohammed_Kudus,Kudus,Spurs,MID,65,Nott'm Forest,False,a,1.2375438
3,289,Matt_Crooks,Crooks,Hull City,MID,45,Aston Villa,True,d,1.234861
3,119,João Pedro_Loureiro da Costa,Costinha,Brighton,DEF,45,Leeds,True,a,1.2325023
3,263,Kevin_Santos Lopes de Macedo,Kevin,Fulham,MID,54,Crystal Palace,True,a,1.2286423
3,195,Ellis_Simms,Simms,Coventry City,FWD,50,Man City,False,a,1.2272018
3,456,Jacob_Ramsey,J.Ramsey,Newcastle,MID,50,Bournemouth,True,a,1.2168032
3,188,Victor_Torp,Torp,Coventry City,MID,54,Man City,False,a,1.2084392
3,73,Tyler_Adams,Adams,Bournemouth,MID,50,Newcastle,False,a,1.2031051
3,125,Georginio_Rutter,Georginio,Brighton,FWD,55,Leeds,True,d,1.2006979
3,457,Jacob_Murphy,J.Murphy,Newcastle,MID,59,Bournemouth,True,a,1.1993077
3,186,Ephron_Mason-Clark,Mason-Clark,Coventry City,MID,54,Man City,False,a,1.1756665
3,364,Kostas_Tsimikas,Tsimikas,Liverpool,DEF,50,Ipswich Town,False,a,1.1725422
3,415,Patrick_Dorgu,Dorgu,Man Utd,MID,59,Everton,False,a,1.1712958
3,621,Ryan_McAidoo,McAidoo,Man City,MID,45,Coventry City,True,a,1.158885
3,369,Rio_Ngumoha,Ngumoha,Liverpool,MID,59,Ipswich Town,False,a,1.1529046
3,600,Ibrahim_Osman,Osman,Brighton,MID,50,Leeds,True,a,1.1460553
3,262,Emile_Smith Rowe,Smith Rowe,Fulham,MID,55,Crystal Palace,True,a,1.1449198
3,452,Bruno_Guimarães Rodriguez Moura,Bruno G.,Arsenal,MID,68,Chelsea,True,d,1.1407185
3,175,Milan_van Ewijk,van Ewijk,Coventry City,DEF,40,Man City,False,a,1.1366278
3,422,Noussair_Mazraoui,Mazraoui,Man Utd,DEF,45,Everton,False,a,1.1358593
3,104,Frank_Onyeka,Onyeka,Coventry City,MID,50,Man City,False,a,1.1353295
3,343,Daniel_James,James,Leeds,MID,50,Brighton,False,a,1.1336712
3,323,Kasey_McAteer,McAteer,Ipswich Town,MID,45,Liverpool,True,a,1.1166054
3,37,Victor_Lindelöf,Lindelöf,Aston Villa,DEF,45,Hull City,False,a,1.1165551
3,583,Pep_Chavarría,Chavarria,Chelsea,DEF,50,Arsenal,False,a,1.112097
3,145,Wesley_Fofana,Fofana,Chelsea,DEF,50,Arsenal,False,a,1.1096159
3,160,Alejandro_Garnacho Ferreyra,Garnacho,Aston Villa,MID,59,Hull City,False,a,1.1089218
3,490,Chris_Wood,Wood,Nott'm Forest,FWD,59,Spurs,True,a,1.1019839
3,584,Gustavo_Hamer,Hamer,Coventry City,MID,55,Man City,False,a,1.0983438
3,108,Callum_Wilson,Wilson,Brentford,FWD,55,Sunderland,True,a,1.0969915
3,129,Yasin_Ayari,Ayari,Brighton,MID,54,Leeds,True,d,1.0965126
3,345,Tanaka_Ao,Tanaka,Leeds,MID,49,Brighton,False,a,1.096148
3,585,Lucas_Herrington,Herrington,Hull City,DEF,40,Aston Villa,True,a,1.0873216
3,389,Matheus_Nunes,Matheus N.,Man City,DEF,59,Coventry City,True,a,1.0851032
3,176,Jay_Dasilva,Dasilva,Coventry City,DEF,40,Man City,False,a,1.0812093
3,347,Lukas_Nmecha,Nmecha,Leeds,FWD,55,Brighton,False,a,1.0661544
3,478,Luca_Netz,Netz,Nott'm Forest,DEF,45,Spurs,True,a,1.0371355
3,16,Noni_Madueke,Madueke,Arsenal,MID,63,Chelsea,True,a,1.0367572
3,102,Yehor_Yarmoliuk,Yarmoliuk,Brentford,MID,49,Sunderland,True,a,1.029332
3,557,Christos_Tzolis,Tzolis,Arsenal,MID,65,Chelsea,True,a,1.0266427
3,589,Lucas_Gourna-Douath,Gourna-Douath,Hull City,MID,50,Aston Villa,True,a,1.0265511
3,421,Ayden_Heaven,Heaven,Man Utd,DEF,45,Everton,False,a,1.0190574
3,563,Hidemasa_Morita,Morita,Hull City,MID,50,Aston Villa,True,a,1.0165876
3,520,Lucas_Bergvall,Bergvall,Spurs,MID,54,Nott'm Forest,False,a,1.0064582
3,622,Kaden_Braithwaite,Braithwaite,Man City,DEF,40,Coventry City,True,a,1.0032957
3,611,Aaron_Wan-Bissaka,Wan-Bissaka,Aston Villa,DEF,45,Hull City,False,a,0.994512
3,182,Aurèle_Amenda,Amenda,Coventry City,DEF,40,Man City,False,a,0.98908466
3,90,Aaron_Hickey,Hickey,Brentford,DEF,45,Sunderland,True,a,0.98811066
3,488,Ibrahim_Sangaré,I.Sangaré,Nott'm Forest,MID,49,Spurs,True,a,0.98357844
3,9,Piero_Hincapié,Hincapie,Arsenal,DEF,54,Chelsea,True,a,0.9813626
3,598,Nico_Elvedi,Elvedi,Leeds,DEF,45,Brighton,False,a,0.9681805
3,260,Harry_Wilson,Wilson,Leeds,MID,64,Brighton,False,a,0.95459557
3,617,Mohamed-Ali_Cho,Cho,Hull City,MID,50,Aston Villa,True,a,0.9480318
3,29,Marco_Bizot,M.Bizot,Aston Villa,GK,45,Hull City,False,a,0.9420425
3,420,Leny_Yoro,Yoro,Man Utd,DEF,49,Everton,False,a,0.9352668
3,579,Ronald_Araujo,Araujo,Liverpool,DEF,54,Ipswich Town,False,a,0.926139
3,313,Jack_Clarke,Clarke,Ipswich Town,MID,55,Liverpool,True,a,0.9179957
3,519,Conor_Gallagher,Gallagher,Spurs,MID,54,Nott'm Forest,False,a,0.8981942
3,498,Marcos_Senesi Barón,Senesi,Spurs,DEF,59,Nott'm Forest,False,a,0.8965973
3,592,Abdoul_Ouattara,Ouattara,Ipswich Town,DEF,40,Liverpool,True,a,0.8947115
3,608,Daniel_Jebbison,Jebbison,Bournemouth,FWD,50,Newcastle,False,a,0.87286216
3,185,Tatsuhiro_Sakamoto,Sakamoto,Coventry City,MID,49,Man City,False,a,0.87056804
3,542,Enzo_Le Fée,E.Le Fée,Sunderland,MID,59,Brentford,False,a,0.8673732
3,446,Fabian_Schär,Schär,Newcastle,DEF,50,Bournemouth,True,a,0.82254
3,548,Chris_Rigg,Rigg,Sunderland,MID,50,Brentford,False,a,0.81137586
3,482,Callum_Hudson-Odoi,Hudson-Odoi,Nott'm Forest,MID,59,Spurs,True,a,0.8064446
3,403,Sávio_Moreira de Oliveira,Sávio,Spurs,MID,65,Nott'm Forest,False,a,0.8058385
3,595,Zavier_Gozo,Gozo,Crystal Palace,MID,50,Fulham,False,a,0.801367
3,243,Carlos_Alcaraz Durán,Alcaraz,Everton,MID,50,Man Utd,True,a,0.79162127
3,56,Tammy_Abraham,Abraham,Aston Villa,FWD,55,Hull City,False,a,0.78977716
3,549,Chemsdine_Talbi,Talbi,Sunderland,MID,54,Brentford,False,a,0.78806394
3,52,Alysson Edward Franco_da Rocha dos Santos,Alysson,Aston Villa,MID,50,Hull City,False,a,0.7837226
3,153,Axel_Disasi,Disasi,Crystal Palace,DEF,45,Fulham,False,a,0.778769
3,135,Zadok_Yohanna,Yohanna,Brighton,MID,50,Leeds,True,a,0.7549364
3,157,Estêvão_Almeida de Oliveira Gonçalves,Estêvão,Chelsea,MID,64,Arsenal,False,a,0.7529452
3,35,Lamare_Bogarde,Bogarde,Aston Villa,MID,50,Hull City,False,a,0.75253755
3,535,Omar_Alderete,Alderete,Sunderland,DEF,50,Brentford,False,a,0.74518335
3,547,Romaine_Mundle,Mundle,Sunderland,MID,50,Brentford,False,a,0.7370327
3,568,Valentín_Barco,Barco,Chelsea,MID,55,Arsenal,False,a,0.72639936
3,539,Luke_O'Nien,O'Nien,Sunderland,DEF,40,Brentford,False,a,0.6896912
3,423,Luke_Shaw,Shaw,Man Utd,DEF,45,Everton,False,a,0.682545
3,207,Oscar_Mingueza,Mingueza,Crystal Palace,DEF,44,Fulham,False,a,0.67364156
3,559,Aladji_Bamba,Bamba,Newcastle,MID,50,Bournemouth,True,a,0.659272
3,33,Tyrone_Mings,Mings,Aston Villa,DEF,45,Hull City,False,a,0.63379663
3,74,David_Brooks,Brooks,Bournemouth,MID,50,Newcastle,False,a,0.6266139
3,515,James_Maddison,Maddison,Spurs,MID,64,Nott'm Forest,False,d,0.62022215
3,76,Alex_Tóth,Tóth.A,Bournemouth,MID,50,Newcastle,False,a,0.61913234
3,487,Nicolás_Domínguez,Dominguez,Nott'm Forest,MID,50,Spurs,True,a,0.6179736
3,381,Lewis_Koumas,Koumas,Liverpool,MID,50,Ipswich Town,False,a,0.59162784
3,321,Sindre_Walle Egeli,Walle Egeli,Ipswich Town,FWD,45,Liverpool,True,a,0.5911026
3,164,Geovany_Quenda,Quenda,Chelsea,MID,54,Arsenal,False,a,0.5802307
3,271,Rodrigo_Muniz Carvalho,Muniz,Fulham,FWD,55,Crystal Palace,True,a,0.53877854
3,620,El Hadji Malick_Diouf,Diouf,Brentford,DEF,45,Sunderland,True,a,0.5334873
3,435,Shea_Lacey,Lacey,Man Utd,MID,50,Everton,False,a,0.5313968
3,89,Rico_Henry,Henry,Brentford,DEF,45,Sunderland,True,a,0.517255
3,461,Bazoumana_Touré,Touré,Newcastle,MID,59,Bournemouth,True,a,0.5159829
3,596,Matteo_Ruggeri,Ruggeri,Aston Villa,DEF,45,Hull City,False,a,0.50977194
3,81,Álvaro_Rodríguez,Rodríguez,Bournemouth,FWD,60,Newcastle,False,a,0.501957
3,25,Viktor_Gyökeres,Gyökeres,Arsenal,FWD,73,Chelsea,True,a,0.49778834
3,375,Trey_Nyoni,Nyoni,Liverpool,MID,50,Ipswich Town,False,a,0.4954671
3,240,Tim_Iroegbunam,Iroegbunam,Hull City,MID,50,Aston Villa,True,a,0.49426773
3,626,Macauley_Zepa,Zepa,Fulham,MID,45,Crystal Palace,True,a,0.47836822
3,489,Ryan_Yates,Yates,Nott'm Forest,MID,45,Spurs,True,a,0.46514192
3,159,Moisés_Caicedo Corozo,Caicedo,Chelsea,MID,54,Arsenal,False,d,0.46477306
3,75,Ryan_Christie,Christie,Bournemouth,MID,50,Newcastle,False,a,0.44931275
3,111,Jason_Steele,Steele,Brighton,GK,40,Leeds,True,a,0.43302977
3,339,Sean_Longstaff,Longstaff,Leeds,MID,50,Brighton,False,a,0.4325807
3,285,Paddy_McNair,McNair,Hull City,DEF,40,Aston Villa,True,a,0.41837078
3,594,Promise_David,David,Brighton,FWD,60,Leeds,True,a,0.41713884
3,308,Darnell_Furlong,Furlong,Ipswich Town,DEF,40,Liverpool,True,a,0.4128492
3,631,Ibrahim_Mbaye,Mbaye,Aston Villa,MID,60,Hull City,False,a,0.4118289
3,396,Vitor_de Oliveira Nunes dos Reis,Vitor Reis,Man City,DEF,45,Coventry City,True,a,0.41062182
3,91,Ethan_Pinnock,Pinnock,Coventry City,DEF,45,Man City,False,a,0.4002724
3,328,Pascal_Struijk,Struijk,Brighton,DEF,50,Leeds,True,a,0.38830584
3,212,Will_Hughes,Hughes,Crystal Palace,MID,45,Fulham,False,a,0.38017198
3,556,Matt_Targett,Targett,Hull City,DEF,40,Aston Villa,True,a,0.37453768
3,581,Ousmane_Diomande,Diomande,Nott'm Forest,DEF,54,Spurs,True,a,0.36948794
3,72,Ben_Gannon-Doak,Gannon-Doak,Bournemouth,MID,50,Newcastle,False,a,0.36535677
3,618,Leon_Goretzka,Goretzka,Aston Villa,MID,60,Hull City,False,a,0.36290932
3,392,Rayan_Aït-Nouri,Aït-Nouri,Man City,DEF,54,Coventry City,True,a,0.34289306
3,232,Jake_O'Brien,O'Brien,Everton,DEF,49,Man Utd,True,a,0.324935
3,497,Martin_Dubravka,Dubravka,Spurs,GK,40,Nott'm Forest,False,a,0.3226586
3,272,Jonah_Kusi-Asare,Kusi-Asare,Fulham,FWD,45,Crystal Palace,True,a,0.3167773
3,493,Arnaud_Kalimuendo,Kalimuendo,Nott'm Forest,FWD,54,Spurs,True,a,0.30429915
3,58,Fraser_Forster,Forster,Bournemouth,GK,40,Newcastle,False,a,0.28681698
3,136,Danny_Welbeck,Welbeck,Chelsea,FWD,59,Arsenal,False,a,0.27562177
3,231,Michael_Keane,Keane,Everton,DEF,49,Man Utd,True,a,0.262875
3,301,Alex_Palmer,Palmer,Ipswich Town,GK,40,Liverpool,True,a,0.2530332
3,5,Jurriën_Timber,J.Timber,Arsenal,DEF,65,Chelsea,True,d,0.2503148
3,38,Andrés_García,A.García,Aston Villa,DEF,40,Hull City,False,a,0.24828145
3,442,Nick_Pope,Pope,Newcastle,GK,50,Bournemouth,True,a,0.24478799
3,256,Kenny_Tete,Tete,Fulham,DEF,45,Crystal Palace,True,a,0.24309884
3,578,Mykhailo_Mudryk,Mudryk,Spurs,MID,54,Nott'm Forest,False,a,0.22604802
3,635,Hugo_Larsson,Larsson,Fulham,MID,50,Crystal Palace,True,a,0.21354975
3,636,Manuel Ángel_Morán Ibáñez,Ángel,Fulham,MID,50,Crystal Palace,True,a,0.20998567
3,647,Darío_Osorio,Osorio,Crystal Palace,MID,55,Fulham,False,a,0.20681308
3,158,Jamie_Bynoe-Gittens,Gittens,Chelsea,MID,59,Arsenal,False,a,0.20388559
3,642,Sorba_Thomas,Thomas,Hull City,MID,55,Aston Villa,True,a,0.20357671
3,643,Ben_Chilwell,Chilwell,Crystal Palace,DEF,45,Fulham,False,a,0.19924976
3,633,Honest_Ahanor,Ahanor,Crystal Palace,DEF,45,Fulham,False,a,0.19071428
3,650,David_Affengruber,Affengruber,Fulham,DEF,45,Crystal Palace,True,a,0.1891949
3,270,Harrison_Reed,Reed,Fulham,MID,45,Crystal Palace,True,a,0.18317726
3,630,Taylor_Harwood-Bellis,Harwood-Bellis,Aston Villa,DEF,45,Hull City,False,a,0.18304393
3,62,Bafodé_Diakité,Diakité,Bournemouth,DEF,50,Newcastle,False,a,0.18284355
3,646,Malick_Fofana,Fofana,Sunderland,MID,55,Brentford,False,a,0.17972896
3,50,Bradley_Burrowes,Burrowes,Aston Villa,MID,45,Hull City,False,a,0.1774846
3,628,Allan_Andrade Elias,Allan,Man City,MID,60,Coventry City,True,a,0.16754213
3,120,Michael_Svoboda,Svoboda,Brighton,DEF,50,Leeds,True,a,0.167394
3,101,Jordan_Henderson,Henderson,Chelsea,MID,50,Arsenal,False,d,0.1672488
3,634,Matias_Fernandez-Pardo,Fernandez-Pardo,Newcastle,FWD,60,Bournemouth,True,a,0.16310836
3,606,Triston_Rowe,Rowe,Aston Villa,DEF,40,Hull City,False,a,0.16171713
3,644,Quinten_Timber,Timber,Crystal Palace,MID,50,Fulham,False,a,0.16119945
3,147,Tosin_Adarabioyo,Tosin,Spurs,DEF,45,Nott'm Forest,False,a,0.15741432
3,501,Kevin_Danso,Danso,Sunderland,DEF,50,Brentford,False,a,0.15727484
3,325,Karl_Darlow,Darlow,Man Utd,GK,45,Everton,False,a,0.15620711
3,351,Giorgi_Mamardashvili,Mamardashvili,Liverpool,GK,49,Ipswich Town,False,a,0.14826486
3,623,Dan_Bentley,Bentley,Coventry City,GK,40,Man City,False,a,0.14312382
3,213,Jefferson_Lerma Solís,Lerma,Crystal Palace,MID,49,Fulham,False,a,0.14070919
3,152,Marco_Palestra,Palestra,Chelsea,DEF,54,Arsenal,False,d,0.13916323
3,645,Christos_Mouzakitis,Mouzakitis,Hull City,MID,50,Aston Villa,True,a,0.137213
3,555,Remi_Matthews,Matthews,Crystal Palace,GK,40,Fulham,False,a,0.13216633
3,430,Mason_Mount,Mount,Man Utd,MID,54,Everton,False,d,0.13182339
3,495,Brandon_Austin,Austin,Spurs,GK,40,Nott'm Forest,False,a,0.13051584
3,331,Gabriel_Gudmundsson,Gudmundsson,Leeds,DEF,45,Brighton,False,a,0.13016121
3,613,Jules_Ahoka,Ahoka,Sunderland,MID,45,Brentford,False,a,0.12764002
3,296,David_Akintola,Akintola,Hull City,MID,50,Aston Villa,True,a,0.12330151
3,587,Gerónimo_Rulli,Rulli,Man City,GK,50,Coventry City,True,a,0.120353185
3,508,Ben_Davies,Davies,Spurs,DEF,40,Nott'm Forest,False,a,0.11950495
3,251,Benjamin_Lecomte,Lecomte,Fulham,GK,40,Crystal Palace,True,a,0.11948805
3,219,Jesurun_Rak-Sakyi,J.Rak-Sakyi,Crystal Palace,MID,50,Fulham,False,a,0.11945221
3,609,Leo_Shahar,Shahar,Newcastle,DEF,40,Bournemouth,True,a,0.118804224
3,245,Tyler_Dibling,Dibling,Everton,MID,54,Man Utd,True,a,0.11830708
3,218,Cheick_Doucouré,Doucouré,Crystal Palace,MID,49,Fulham,False,a,0.117657945
3,639,José María_Andrés Baixauli,Andrés,Brighton,MID,55,Leeds,True,a,0.11751184
3,574,Jens_Hjertø-Dahl,Hjertø-Dahl,Hull City,MID,50,Aston Villa,True,a,0.1164237
3,217,Matheus_França de Oliveira,M.França,Crystal Palace,MID,49,Fulham,False,a,0.11523975
3,126,Matt_O'Riley,O'Riley,Brighton,MID,55,Leeds,True,a,0.11493194
3,561,Aaron_Anselmino,Anselmino,Chelsea,DEF,45,Arsenal,False,a,0.11482019
3,340,Joe_Gelhardt,Gelhardt,Hull City,MID,50,Aston Villa,True,a,0.113628194
3,629,Michael_Zetterer,Zetterer,Leeds,GK,40,Brighton,False,a,0.11256741
3,632,Ilyas_Ansah,Ansah,Hull City,FWD,50,Aston Villa,True,a,0.11229437
3,638,Brooke_Norton-Cuffy,Norton-Cuffy,Hull City,DEF,40,Aston Villa,True,a,0.1119487
3,649,Ainsley_Maitland-Niles,Maitland-Niles,Everton,DEF,45,Man Utd,True,a,0.10904743
3,288,Kieran_Dowell,Dowell,Hull City,MID,45,Aston Villa,True,a,0.10872167
3,117,Diego_Coppola,Coppola,Brighton,DEF,45,Leeds,True,a,0.10833866
3,614,Jaouen_Hadjam,Hadjam,Brighton,DEF,45,Leeds,True,a,0.10802018
3,107,Kaye_Furo,Furo,Brentford,FWD,45,Sunderland,True,a,0.10787961
3,352,Freddie_Woodman,Woodman,Liverpool,GK,40,Ipswich Town,False,a,0.10753622
3,292,Abdülkadir_Ömür,Ömür,Hull City,MID,49,Aston Villa,True,a,0.105966255
3,637,Robinio_Vaz,Vaz,Hull City,FWD,50,Aston Villa,True,a,0.105895974
3,187,Josh_Eccles,Eccles,Coventry City,MID,49,Man City,False,a,0.10559271
3,601,Luca_Williams-Barnett,Williams-Barnett,Spurs,MID,45,Nott'm Forest,False,a,0.100490935
3,20,Max_Dowman,Dowman,Arsenal,MID,54,Chelsea,True,a,0.10045093
3,648,Jean-Mattéo_Bahoya,Bahoya,Leeds,MID,50,Brighton,False,a,0.099709004
3,571,Florentino Ibrain_Morris Luís,Florentino,Ipswich Town,MID,49,Liverpool,True,a,0.09705528
3,610,Luc_De Fougerolles,De Fougerolles,Fulham,DEF,40,Crystal Palace,True,d,0.09629803
3,300,Christian_Walton,Walton,Ipswich Town,GK,45,Liverpool,True,a,0.09596074
3,590,Steven_Benda,Benda,Nott'm Forest,GK,45,Spurs,True,a,0.0952428
3,468,John Victor_Maciel Furtado,John,Nott'm Forest,GK,45,Spurs,True,a,0.09409886
3,172,Ben_Wilson,Wilson,Coventry City,GK,45,Man City,False,a,0.09333892
3,302,David_Button,Button,Ipswich Town,GK,40,Liverpool,True,a,0.09323262
3,2,Kepa_Arrizabalaga Revuelta,Arrizabalaga,Arsenal,GK,50,Chelsea,True,a,0.09168424
3,3,Illan_Meslier,Meslier,Arsenal,GK,50,Chelsea,True,a,0.090886615
3,227,Mark_Travers,Travers,Everton,GK,50,Man Utd,True,a,0.089029916
3,560,Mike_Penders,Penders,Chelsea,GK,45,Arsenal,False,a,0.087389775
3,199,Walter_Benítez,Benitez,Crystal Palace,GK,45,Fulham,False,a,0.08649694
3,440,Joshua_Zirkzee,Zirkzee,Man Utd,FWD,54,Everton,False,a,0.0860446
3,641,Melvin_Bard,Bard,Leeds,DEF,45,Brighton,False,a,0.08582479
3,573,Juanlu_Sánchez,Sanchez,Bournemouth,DEF,45,Newcastle,False,a,0.08508403
3,386,Marcus_Bettinelli,Bettinelli,Man City,GK,45,Coventry City,True,a,0.08424462
3,189,George_Shepherd,Shepherd,Coventry City,MID,45,Man City,False,a,0.08222857
3,510,James_Rowswell,Rowswell,Spurs,DEF,40,Nott'm Forest,False,a,0.08205472
3,476,Omar_Richards,O.Richards,Nott'm Forest,DEF,40,Spurs,True,a,0.081498176
3,509,Jun'ai_Byfield,Byfield,Spurs,DEF,40,Nott'm Forest,False,a,0.08120008
3,93,Jannik_Schuster,Schuster,Brentford,DEF,45,Sunderland,True,a,0.08083999
3,92,Kim_Ji-soo,Ji-soo,Brentford,DEF,45,Sunderland,True,a,0.08034457
3,604,Alfie_Cresswell,Cresswell,Leeds,MID,45,Brighton,False,a,0.08012354
3,651,Juan_Angulo,J.Angulo,Sunderland,FWD,45,Brentford,False,a,0.07987883
3,344,Ilia_Gruev,Gruev,Leeds,MID,50,Brighton,False,d,0.07980638
3,273,Dillon_Phillips,Phillips,Hull City,GK,40,Aston Villa,True,a,0.078755625
3,100,Fábio_Freitas Gouveia Carvalho,Carvalho,Brentford,MID,50,Sunderland,True,a,0.07847373
3,434,Jack_Fletcher,J.Fletcher,Man Utd,MID,50,Everton,False,a,0.07843749
3,66,Julio_Soler Barreto,Soler,Bournemouth,DEF,40,Newcastle,False,a,0.07837022
3,324,Anis_Mehmeti,Mehmeti,Ipswich Town,MID,49,Liverpool,True,a,0.07808395
3,612,Dayann_Méthalie,Methalie,Sunderland,DEF,45,Brentford,False,a,0.076591745
3,374,Endo_Wataru,Endo,Liverpool,MID,50,Ipswich Town,False,a,0.07656176
3,599,Sidiki_Cherif,Cherif,Coventry City,FWD,50,Man City,False,a,0.07608146
3,524,Callum_Olusesi,Olusesi,Spurs,MID,45,Nott'm Forest,False,a,0.075924166
3,615,Michele_Di Gregorio,Di Gregorio,Bournemouth,GK,45,Newcastle,False,a,0.07298482
3,221,Joél_Drakes-Thomas,Drakes-Thomas,Crystal Palace,MID,45,Fulham,False,a,0.07273259
3,550,Djiamgone Jocelin Ta_Bi,Jocelin.T,Sunderland,MID,50,Brentford,False,a,0.07271261
3,625,Alex_Cairns,Cairns,Leeds,GK,40,Brighton,False,a,0.07091684
3,178,Jake_Bidwell,Bidwell,Coventry City,DEF,40,Man City,False,a,0.067662865
3,303,Cédric_Kipré,Kipré,Ipswich Town,DEF,40,Liverpool,True,a,0.06763885
3,284,Cathal_McCarthy,McCarthy,Hull City,DEF,40,Aston Villa,True,a,0.06757941
3,443,Mark_Gillespie,Gillespie,Newcastle,GK,45,Bournemouth,True,a,0.066483036
3,444,Ewen_Jaouen,Jaouen,Newcastle,GK,45,Bournemouth,True,a,0.06617418
3,441,Chido_Obi,Obi,Man Utd,FWD,45,Everton,False,a,0.065847985
3,179,Joel_Latibeaudiere,Latibeaudiere,Coventry City,DEF,40,Man City,False,a,0.065289676
3,134,Nehemiah_Oriola,Oriola,Brighton,MID,45,Leeds,True,a,0.06498503
3,640,Zian_Flemming,Flemming,Ipswich Town,FWD,55,Liverpool,True,a,0.062912114
3,424,Harry_Amass,Amass,Man Utd,DEF,40,Everton,False,a,0.06225872
3,83,Hákon Rafn_Valdimarsson,Valdimarsson,Brentford,GK,45,Sunderland,True,a,0.060818337
3,361,Wellity_Lucky,Lucky,Liverpool,DEF,40,Ipswich Town,False,a,0.058802284
3,228,Tom_King,King,Everton,GK,45,Man Utd,True,a,0.058391236
3,438,Tyler_Fletcher,Fletcher,Man Utd,MID,45,Everton,False,a,0.05677616
3,437,Bendito_Mantato,Bendito Mantato,Man Utd,MID,45,Everton,False,a,0.0561442
3,378,James_McConnell,McConnell,Liverpool,MID,45,Ipswich Town,False,a,0.053855002
3,603,Jayden_Lienou,Lienou,Leeds,DEF,40,Brighton,False,a,0.05223051
3,355,Harvey_Davies,Davies,Liverpool,GK,40,Ipswich Town,False,a,0.051949114
3,531,Melker_Ellborg,Ellborg,Sunderland,GK,45,Brentford,False,a,0.050318107
3,170,Emmanuel_Emegha,Emegha,Chelsea,FWD,50,Arsenal,False,a,0.048698224
3,169,Shumaira_Mheuka,Mheuka,Chelsea,FWD,45,Arsenal,False,a,0.045633666
3,382,Jayden_Danns,Danns,Liverpool,FWD,45,Ipswich Town,False,a,0.03321647
3,6,William_Saliba,Saliba,Arsenal,DEF,60,Chelsea,True,i,0.0
3,18,Gabriel_Martinelli Silva,Martinelli,Arsenal,MID,63,Chelsea,True,u,0.0
3,21,Christian_Nørgaard,Nørgaard,Everton,MID,49,Man Utd,True,i,0.0
3,22,Ethan_Nwaneri,Nwaneri,Arsenal,MID,54,Chelsea,True,u,0.0
3,23,Fábio_Ferreira Vieira,Fábio Vieira,Arsenal,MID,55,Chelsea,True,u,0.0
3,24,Reiss_Nelson,Nelson,Arsenal,MID,55,Chelsea,True,u,0.0
3,27,Gabriel_Fernando de Jesus,G.Jesus,Arsenal,FWD,59,Chelsea,True,u,0.0
3,30,Lucas_Digne,Digne,Aston Villa,DEF,45,Hull City,False,u,0.0
3,39,Kosta_Nedeljkovic,Nedeljkovic,Aston Villa,DEF,40,Hull City,False,u,0.0
3,44,Leon_Bailey,Bailey,Aston Villa,MID,54,Hull City,False,u,0.0
3,48,Amadou_Onana,Onana,Aston Villa,MID,50,Hull City,False,i,0.0
3,49,Samuel_Iling-Junior,Iling Jr,Aston Villa,MID,50,Hull City,False,u,0.0
3,53,Johan_Manzambi,Manzambi,Aston Villa,MID,59,Hull City,False,i,0.0
3,54,Joao_Gomes,Gomes,Aston Villa,MID,55,Hull City,False,s,0.0
3,55,Ollie_Watkins,Watkins,Aston Villa,FWD,78,Hull City,False,u,0.0
3,59,Will_Dennis,Dennis,Bournemouth,GK,40,Newcastle,False,u,0.0
3,63,Veljko_Milosavljevic,Milosavljević,Bournemouth,DEF,50,Newcastle,False,i,0.0
3,65,Julián_Araujo Zúñiga,J.Araujo,Bournemouth,DEF,45,Newcastle,False,i,0.0
3,77,Amine_Adli,Adli,Bournemouth,MID,49,Newcastle,False,i,0.0
3,78,Junior_Kroupi,Kroupi.Jr,Bournemouth,MID,74,Newcastle,False,i,0.0
3,80,Enes_Ünal,Enes Ünal,Bournemouth,FWD,55,Newcastle,False,u,0.0
3,85,Sepp_van den Berg,Van den Berg,Brentford,DEF,49,Sunderland,True,i,0.0
3,97,Mathias_Jensen,Jensen,Brentford,MID,55,Sunderland,True,i,0.0
3,99,Antoni_Milambo,Milambo,Brentford,MID,50,Sunderland,True,i,0.0
3,103,Josh_Dasilva,Dasilva,Brentford,MID,50,Sunderland,True,i,0.0
3,118,Igor Julio_dos Santos de Paulo,Igor,Brighton,DEF,45,Leeds,True,u,0.0
3,121,Mitoma_Kaoru,Mitoma,Brighton,MID,60,Leeds,True,i,0.0
3,122,Yankuba_Minteh,Minteh,Brighton,MID,59,Leeds,True,i,0.0
3,128,Facundo_Buonanotte,Buonanotte,Brighton,MID,50,Leeds,True,u,0.0
3,130,Mats_Wieffer,Wieffer,Brighton,DEF,50,Leeds,True,i,0.0
3,131,Carlos_Baleba,Baleba,Man Utd,MID,50,Everton,False,i,0.0
3,132,Harry_Howell,Howell,Brighton,MID,45,Leeds,True,u,0.0
3,133,Tom_Watson,Watson,Brighton,MID,50,Leeds,True,u,0.0
3,137,Stefanos_Tzimas,Tzimas,Brighton,FWD,55,Leeds,True,i,0.0
3,139,Evan_Ferguson,Ferguson,Brighton,FWD,50,Leeds,True,i,0.0
3,140,Robert_Lynch Sánchez,Sánchez,Chelsea,GK,49,Arsenal,False,u,0.0
3,141,Filip_Jörgensen,Jörgensen,Chelsea,GK,50,Arsenal,False,u,0.0
3,143,Trevoh_Chalobah,Chalobah,Chelsea,DEF,55,Arsenal,False,u,0.0
3,146,Benoît_Badiashile Mukinayi,B.Badiashile,Chelsea,DEF,45,Arsenal,False,u,0.0
3,150,Mamadou_Sarr,M.Sarr,Chelsea,DEF,45,Arsenal,False,u,0.0
3,163,Dário_Luís Essugo,D.Essugo,Chelsea,MID,45,Arsenal,False,u,0.0
3,168,Marc_Guiu Paz,Marc Guiu,Chelsea,FWD,50,Arsenal,False,u,0.0
3,171,Oliver_Dovin,Dovin,Coventry City,GK,40,Man City,False,u,0.0
3,174,Liam_Kitching,Kitching,Coventry City,DEF,40,Man City,False,u,0.0
3,177,Kaine_Kesler-Hayden,Kesler-Hayden,Coventry City,DEF,40,Man City,False,i,0.0
3,180,Luke_Woolfenden,Woolfenden,Coventry City,DEF,40,Man City,False,i,0.0
3,181,Miguel_Brau,Brau,Coventry City,DEF,40,Man City,False,u,0.0
3,191,Raphael_Borges Rodrigues,Borges Rodrigues,Coventry City,MID,45,Man City,False,u,0.0
3,192,Kai_Andrews,Andrews,Coventry City,MID,45,Man City,False,u,0.0
3,193,Haji_Wright,Wright,Coventry City,FWD,54,Man City,False,i,0.0
3,196,Jahnoah_Markelo,Markelo,Coventry City,FWD,50,Man City,False,u,0.0
3,197,Norman_Bassette,Bassette,Coventry City,FWD,45,Man City,False,u,0.0
3,205,Borna_Sosa,Sosa,Crystal Palace,DEF,45,Fulham,False,u,0.0
3,206,Chadi_Riad Dnanou,Chadi Riad,Crystal Palace,DEF,44,Fulham,False,i,0.0
3,208,Ismaïla_Sarr,Sarr,Crystal Palace,MID,63,Fulham,False,i,0.0
3,215,Justin_Devenny,Devenny,Crystal Palace,MID,50,Fulham,False,u,0.0
3,216,Romain_Esse,Esse,Crystal Palace,MID,50,Fulham,False,u,0.0
3,220,Rio_Cardines,Cardines,Crystal Palace,DEF,45,Fulham,False,u,0.0
3,223,Jean-Philippe_Mateta,Mateta,Crystal Palace,FWD,64,Fulham,False,i,0.0
3,225,Christantus_Uche,Uche,Crystal Palace,FWD,50,Fulham,False,u,0.0
3,234,Nathan_Patterson,Patterson,Everton,DEF,45,Man Utd,True,u,0.0
3,235,Adam_Aznou,Aznou,Everton,DEF,40,Man Utd,True,u,0.0
3,248,Norberto Bercique_Gomes Betuncal,Beto,Everton,FWD,54,Man Utd,True,u,0.0
3,252,Alfie_McNally,McNally,Fulham,GK,40,Crystal Palace,True,u,0.0
3,266,Tom_Cairney,Cairney,Fulham,MID,50,Crystal Palace,True,i,0.0
3,274,Jack_Butland,Butland,Hull City,GK,45,Aston Villa,True,i,0.0
3,275,Harvey_Cartwright,Cartwright,Hull City,GK,40,Aston Villa,True,u,0.0
3,276,Thimothée_Lo-Tutala,Lo-Tutala,Hull City,GK,40,Aston Villa,True,u,0.0
3,278,Charlie_Hughes,Hughes,Hull City,DEF,40,Aston Villa,True,i,0.0
3,281,Cody_Drameh,Drameh,Hull City,DEF,40,Aston Villa,True,u,0.0
3,283,Matty_Jacob,Jacob,Hull City,DEF,40,Aston Villa,True,u,0.0
3,287,Liam_Millar,Millar,Hull City,MID,50,Aston Villa,True,u,0.0
3,291,Eliot_Matazo,Matazo,Hull City,MID,45,Aston Villa,True,i,0.0
3,293,Abu_Kamara,Kamara,Hull City,MID,50,Aston Villa,True,u,0.0
3,294,Óscar_Zambrano,Zambrano,Hull City,MID,45,Aston Villa,True,i,0.0
3,297,Darko_Gyabi,Gyabi,Hull City,MID,45,Aston Villa,True,i,0.0
3,298,Enis_Destan,Destan,Hull City,FWD,45,Aston Villa,True,u,0.0
3,299,Mason_Burstow,Burstow,Hull City,FWD,45,Aston Villa,True,u,0.0
3,307,Ben_Johnson,Johnson,Ipswich Town,DEF,40,Liverpool,True,u,0.0
3,310,Azor_Matusiwa,Matusiwa,Ipswich Town,MID,50,Liverpool,True,i,0.0
3,311,Wes_Burns,Burns,Ipswich Town,MID,50,Liverpool,True,u,0.0
3,312,Jack_Taylor,Taylor,Ipswich Town,MID,45,Liverpool,True,i,0.0
3,314,Chiedozie_Ogbene,Ogbene,Ipswich Town,MID,49,Liverpool,True,u,0.0
3,317,George_Hirst,Hirst,Ipswich Town,FWD,50,Liverpool,True,u,0.0
3,318,Jaden_Philogene,Philogene,Ipswich Town,MID,54,Liverpool,True,i,0.0
3,319,Sam_Szmodics,Szmodics,Ipswich Town,MID,50,Liverpool,True,u,0.0
3,322,Ali_Al-Hamadi,Al-Hamadi,Ipswich Town,FWD,50,Liverpool,True,u,0.0
3,326,Lucas Estella_Perri,Perri,Leeds,GK,45,Brighton,False,u,0.0
3,329,Joe_Rodon,Rodon,Leeds,DEF,45,Brighton,False,i,0.0
3,333,Sebastiaan_Bornauw,Bornauw,Leeds,DEF,45,Brighton,False,u,0.0
3,341,Wilfried_Gnonto,Gnonto,Leeds,MID,50,Brighton,False,u,0.0
3,342,Jack_Harrison,Harrison,Leeds,MID,50,Brighton,False,u,0.0
3,348,Joël_Piroe,Piroe,Leeds,FWD,50,Brighton,False,u,0.0
3,349,Mateo_Joseph Fernández-Regatillo,Mateo Joseph,Leeds,FWD,45,Brighton,False,i,0.0
3,353,Armin_Pecsi,Pecsi,Liverpool,GK,40,Ipswich Town,False,u,0.0
3,354,Vitezslav_Jaros,Jaros,Liverpool,GK,40,Ipswich Town,False,i,0.0
3,359,Joe_Gomez,Gomez,Liverpool,DEF,50,Ipswich Town,False,i,0.0
3,360,Conor_Bradley,Bradley,Liverpool,DEF,50,Ipswich Town,False,i,0.0
3,363,Giovanni_Leoni,Leoni,Liverpool,DEF,40,Ipswich Town,False,i,0.0
3,365,Calvin_Ramsay,Ramsay,Liverpool,DEF,40,Ipswich Town,False,u,0.0
3,370,Federico_Chiesa,Chiesa,Liverpool,MID,54,Ipswich Town,False,i,0.0
3,373,Curtis_Jones,C.Jones,Liverpool,MID,55,Ipswich Town,False,u,0.0
3,376,Stefan_Bajčetić Maquieira,Bajcetic,Liverpool,MID,50,Ipswich Town,False,u,0.0
3,380,Hugo_Ekitiké,Ekitiké,Liverpool,FWD,75,Ipswich Town,False,i,0.0
3,383,Harvey_Elliott,Elliott,Liverpool,MID,54,Ipswich Town,False,u,0.0
3,394,Max_Alleyne,Alleyne,Man City,DEF,50,Coventry City,True,u,0.0
3,400,Jérémy_Doku,Doku,Man City,MID,74,Coventry City,True,i,0.0
3,402,Rodrigo 'Rodri'_Hernandez Cascante,Rodrigo,Man City,MID,65,Coventry City,True,u,0.0
3,404,Tijjani_Reijnders,Reijnders,Man City,MID,60,Coventry City,True,u,0.0
3,407,Claudio_Echeverri,Echeverri,Man City,MID,49,Coventry City,True,u,0.0
3,408,Kalvin_Phillips,Phillips,Man City,MID,50,Coventry City,True,u,0.0
3,409,Divine_Mukasa,Mukasa,Man City,MID,45,Coventry City,True,u,0.0
3,410,Jeremy_Monga,Monga,Man City,MID,49,Coventry City,True,u,0.0
3,413,Altay_Bayındır,Bayindir,Man Utd,GK,45,Everton,False,u,0.0
3,414,Tom_Heaton,Heaton,Man Utd,GK,40,Everton,False,i,0.0
3,416,Matthijs_de Ligt,De Ligt,Man Utd,DEF,50,Everton,False,i,0.0
3,425,Tyler_Fredricson,Fredricson,Man Utd,DEF,40,Everton,False,u,0.0
3,431,Amad_Diallo,Amad,Man Utd,MID,58,Everton,False,i,0.0
3,433,Manuel_Ugarte Ribeiro,Ugarte,Man Utd,MID,50,Everton,False,i,0.0
3,436,Toby_Collyer,Collyer,Man Utd,MID,50,Everton,False,u,0.0
3,448,Dan_Burn,Burn,Newcastle,DEF,49,Bournemouth,True,i,0.0
3,450,Tino_Livramento,Livramento,Newcastle,DEF,49,Bournemouth,True,i,0.0
3,451,Alex_Murphy,A.Murphy,Newcastle,DEF,40,Bournemouth,True,u,0.0
3,458,Joelinton Cássio_Apolinário de Lira,Joelinton,Newcastle,MID,54,Bournemouth,True,i,0.0
3,463,Nick_Woltemade,Woltemade,Newcastle,FWD,59,Bournemouth,True,u,0.0
3,465,William_Osula,Osula,Newcastle,FWD,59,Bournemouth,True,i,0.0
3,466,Sean_Neave,Neave,Newcastle,FWD,45,Bournemouth,True,u,0.0
3,470,Felipe_Rodrigues da Silva,Morato,Nott'm Forest,DEF,50,Spurs,True,u,0.0
3,475,Nicolò_Savona,Savona,Nott'm Forest,DEF,45,Spurs,True,i,0.0
3,477,Zach_Abbott,Abbott,Nott'm Forest,DEF,40,Spurs,True,u,0.0
3,479,Tyler_Bindon,Bindon,Nott'm Forest,DEF,40,Spurs,True,u,0.0
3,484,Omari_Hutchinson,Hutchinson,Nott'm Forest,MID,54,Spurs,True,u,0.0
3,485,Dilane_Bakwa,Bakwa,Nott'm Forest,MID,55,Spurs,True,u,0.0
3,494,Guglielmo_Vicario,Vicario,Spurs,GK,45,Nott'm Forest,False,u,0.0
3,500,Cristian_Romero,Romero,Spurs,DEF,50,Nott'm Forest,False,u,0.0
3,505,Djed_Spence,Spence,Spurs,DEF,45,Nott'm Forest,False,u,0.0
3,507,Ashley_Phillips,Phillips,Spurs,DEF,45,Nott'm Forest,False,u,0.0
3,511,João Victor_de Souza Menezes,Souza,Spurs,DEF,40,Nott'm Forest,False,u,0.0
3,513,Xavi_Simons,Xavi,Spurs,MID,60,Nott'm Forest,False,i,0.0
3,517,Wilson_Odobert,Odobert,Spurs,MID,55,Nott'm Forest,False,i,0.0
3,518,Pape Matar_Sarr,P.M.Sarr,Spurs,MID,49,Nott'm Forest,False,u,0.0
3,521,Dejan_Kulusevski,Kulusevski,Spurs,MID,65,Nott'm Forest,False,i,0.0
3,523,Mikey_Moore,Moore,Spurs,MID,50,Nott'm Forest,False,u,0.0
3,527,Richarlison_de Andrade,Richarlison,Spurs,FWD,59,Nott'm Forest,False,u,0.0
3,528,Dane_Scarlett,Scarlett,Spurs,FWD,45,Nott'm Forest,False,u,0.0
3,530,Anthony_Patterson,Patterson,Sunderland,GK,40,Brentford,False,u,0.0
3,537,Jenson_Seelt,Seelt,Sunderland,DEF,45,Brentford,False,u,0.0
3,538,Leo Fuhr_Hjelde,Hjelde,Sunderland,DEF,40,Brentford,False,u,0.0
3,540,Arthur_Masuaku,Masuaku,Sunderland,DEF,40,Brentford,False,u,0.0
3,543,Habib_Diarra,Diarra,Sunderland,MID,55,Brentford,False,i,0.0
3,546,Simon_Adingra,Adingra,Sunderland,MID,49,Brentford,False,u,0.0
3,554,Kayne_van Oevelen,Van Oevelen,Ipswich Town,GK,45,Liverpool,True,u,0.0
3,582,Brian_Madjo,Madjo,Aston Villa,FWD,55,Hull City,False,i,0.0
3,602,Cameron_Humphreys,Humphreys,Ipswich Town,MID,45,Liverpool,True,u,0.0
3,607,Luka_Lynch,Lynch,Aston Villa,MID,45,Hull City,False,u,0.0
3,624,Amario_Cozier-Duberry,Cozier-Duberry,Brighton,MID,50,Leeds,True,u,0.0
3,652,Femi_Azeez,Azeez,Brighton,MID,55,Leeds,True,i,0.0
4,411,Erling_Haaland,Haaland,Man City,FWD,155,Man Utd,False,a,6.7217045
4,426,Bruno_Borges Fernandes,B.Fernandes,Man Utd,MID,120,Man City,True,a,6.272003
4,379,Alexander_Isak,Isak,Liverpool,FWD,90,Fulham,True,a,5.2765613
4,12,Bukayo_Saka,Saka,Arsenal,MID,95,Sunderland,False,a,4.850022
4,165,João Pedro_Junqueira de Jesus,João Pedro,Chelsea,FWD,77,Hull City,True,a,4.802028
4,368,Dominik_Szoboszlai,Szoboszlai,Liverpool,MID,70,Fulham,True,a,4.7710495
4,480,Morgan_Gibbs-White,Gibbs-White,Nott'm Forest,MID,79,Aston Villa,False,a,4.7097673
4,398,Phil_Foden,Foden,Man City,MID,70,Man Utd,False,a,4.700539
4,356,Virgil_van Dijk,Virgil,Liverpool,DEF,65,Fulham,True,a,4.661144
4,249,Thierno_Barry,Barry,Everton,FWD,55,Spurs,False,a,4.6463637
4,40,Morgan_Rogers,Rogers,Chelsea,MID,75,Hull City,True,a,4.5030107
4,388,Marc_Guéhi,Guéhi,Man City,DEF,60,Man Utd,False,a,4.4789257
4,366,Florian_Wirtz,Wirtz,Liverpool,MID,75,Fulham,True,a,4.4338927
4,367,Cody_Gakpo,Gakpo,Liverpool,MID,71,Fulham,True,a,4.322567
4,591,Julio_Enciso,Enciso,Ipswich Town,MID,55,Crystal Palace,False,a,4.2998195
4,399,Rayan_Cherki,Cherki,Man City,MID,77,Man Utd,False,a,4.2763433
4,377,Victor_Munoz,Munoz,Liverpool,MID,65,Fulham,True,a,4.1919303
4,428,Matheus_Santos Carneiro da Cunha,Cunha,Man Utd,MID,80,Man City,True,a,4.1389885
4,127,Diego_Gómez Amarilla,Gomez,Brighton,MID,50,Coventry City,False,a,4.130197
4,115,Maxim_De Cuyper,De Cuyper,Brighton,DEF,47,Coventry City,False,a,4.1199245
4,154,Cole_Palmer,Palmer,Chelsea,MID,96,Hull City,True,a,4.0400324
4,94,Kevin_Schade,Schade,Brentford,MID,60,Bournemouth,False,a,3.9265442
4,86,Keane_Lewis-Potter,Lewis-Potter,Brentford,MID,55,Bournemouth,False,a,3.8799105
4,483,Dan_Ndoye,Ndoye,Nott'm Forest,MID,55,Aston Villa,False,a,3.857369
4,229,James_Tarkowski,Tarkowski,Everton,DEF,60,Spurs,False,a,3.8221004
4,627,Bradley_Barcola,Barcola,Liverpool,MID,80,Fulham,True,a,3.8067505
4,384,Gianluigi_Donnarumma,Donnarumma,Man City,GK,55,Man Utd,False,a,3.777672
4,350,Alisson_Becker,A.Becker,Liverpool,GK,55,Fulham,True,a,3.7767572
4,82,Caoimhín_Kelleher,Kelleher,Brentford,GK,50,Bournemouth,False,a,3.6615906
4,69,Alex_Scott,Scott,Bournemouth,MID,60,Brentford,True,a,3.6467786
4,236,Kiernan_Dewsbury-Hall,Dewsbury-Hall,Everton,MID,65,Spurs,False,a,3.6404817
4,41,Emiliano_Buendía Stati,Buendía,Aston Villa,MID,60,Nott'm Forest,True,a,3.634737
4,569,Gonzalo_García,Gonzalo,Fulham,FWD,60,Liverpool,False,a,3.6107585
4,79,Francisco Evanilson_de Lima Barbosa,Evanilson,Bournemouth,FWD,60,Brentford,True,a,3.603721
4,68,Marcus_Tavernier,Tavernier,Bournemouth,MID,60,Brentford,True,a,3.5882754
4,4,Gabriel_dos Santos Magalhães,Gabriel,Arsenal,DEF,80,Sunderland,False,a,3.5878458
4,230,Jarrad_Branthwaite,Branthwaite,Everton,DEF,55,Spurs,False,a,3.573395
4,464,Yoane_Wissa,Wissa,Newcastle,FWD,61,Leeds,False,a,3.5619633
4,198,Dean_Henderson,Henderson,Crystal Palace,GK,50,Ipswich Town,True,a,3.5370648
4,224,Eddie_Nketiah,Nketiah,Crystal Palace,FWD,55,Ipswich Town,True,a,3.5314455
4,226,Jordan_Pickford,Pickford,Everton,GK,55,Spurs,False,a,3.4978256
4,472,Murillo_Costa dos Santos,Murillo,Nott'm Forest,DEF,55,Aston Villa,False,a,3.4735036
4,469,Neco_Williams,N.Williams,Nott'm Forest,DEF,50,Aston Villa,False,a,3.4341266
4,84,Nathan_Collins,Collins,Brentford,DEF,55,Bournemouth,False,a,3.4264443
4,597,Zion_Suzuki,Suzuki,Aston Villa,GK,50,Nott'm Forest,True,a,3.4180155
4,567,Lukás_Hornícek,Horníček,Newcastle,GK,50,Leeds,False,a,3.417419
4,98,Vitaly_Janelt,Janelt,Brentford,MID,50,Bournemouth,False,a,3.4151585
4,109,Bart_Verbruggen,Verbruggen,Brighton,GK,45,Coventry City,False,a,3.402155
4,362,Jeremy_Jacquet,Jacquet,Liverpool,DEF,50,Fulham,True,a,3.3968184
4,124,Pascal_Groß,Groß,Brighton,MID,55,Coventry City,False,a,3.3908243
4,346,Dominic_Calvert-Lewin,Calvert-Lewin,Leeds,FWD,60,Newcastle,True,a,3.3625853
4,210,Adam_Wharton,Wharton,Crystal Palace,MID,55,Ipswich Town,True,a,3.3433814
4,454,Anthony_Elanga,Elanga,Newcastle,MID,61,Leeds,False,a,3.33209
4,385,James_Trafford,Trafford,Leeds,GK,50,Newcastle,True,a,3.329654
4,397,Antoine_Semenyo,Semenyo,Man City,MID,85,Man Utd,False,a,3.2704864
4,202,Chris_Richards,Richards,Crystal Palace,DEF,50,Ipswich Town,True,a,3.2604537
4,116,Lewis_Dunk,Dunk,Brighton,DEF,45,Coventry City,False,a,3.2259579
4,233,Vitalii_Mykolenko,Mykolenko,Everton,DEF,45,Spurs,False,a,3.2201583
4,391,Joško_Gvardiol,Gvardiol,Man City,DEF,56,Man Utd,False,a,3.2141256
4,335,Anton_Stach,Stach,Leeds,MID,60,Newcastle,True,a,3.2129915
4,45,John_McGinn,McGinn,Aston Villa,MID,54,Nott'm Forest,True,a,3.2060754
4,504,Luka_Vušković,Vuskovic,Brighton,DEF,50,Coventry City,False,a,3.2059994
4,387,Nico_O'Reilly,O'Reilly,Man City,DEF,65,Man Utd,False,a,3.1982644
4,87,Kristoffer_Ajer,Ajer,Brentford,DEF,45,Bournemouth,False,a,3.1920729
4,8,Riccardo_Calafiori,Calafiori,Arsenal,DEF,57,Sunderland,False,a,3.1813676
4,390,Rúben_dos Santos Gato Alves Dias,Rúben,Man City,DEF,55,Man Utd,False,a,3.1797462
4,544,Granit_Xhaka,Xhaka,Sunderland,MID,55,Arsenal,True,a,3.1592484
4,572,Konstantinos_Tzolakis,Tzolakis,Hull City,GK,46,Chelsea,False,a,3.141907
4,250,Bernd_Leno,Leno,Fulham,GK,45,Liverpool,False,a,3.1373217
4,214,Daichi_Kamada,Kamada,Crystal Palace,MID,50,Ipswich Town,True,a,3.1195843
4,43,Youri_Tielemans,Tielemans,Man Utd,MID,59,Man City,True,a,3.1180625
4,244,Harrison_Armstrong,Armstrong,Everton,MID,50,Spurs,False,a,3.1071775
4,32,Matty_Cash,Cash,Aston Villa,DEF,45,Nott'm Forest,True,a,3.1029754
4,268,Josh_King,King,Fulham,MID,55,Liverpool,False,a,3.097962
4,467,Matz_Sels,Sels,Nott'm Forest,GK,50,Aston Villa,False,a,3.0947077
4,211,Yéremy_Pino Santos,Yeremy,Crystal Palace,MID,55,Ipswich Town,True,a,3.0906503
4,60,James_Hill,Hill,Bournemouth,DEF,55,Brentford,True,a,3.0812402
4,106,Igor Thiago_Nascimento Rodrigues,Thiago,Brentford,FWD,80,Bournemouth,False,a,3.0773141
4,1,David_Raya Martín,Raya,Arsenal,GK,60,Sunderland,False,a,3.0620887
4,286,Mohamed_Belloumi,Belloumi,Hull City,MID,50,Chelsea,False,a,3.059233
4,449,Lewis_Hall,Hall,Newcastle,DEF,51,Leeds,False,a,3.0570016
4,445,Malick_Thiaw,Thiaw,Newcastle,DEF,50,Leeds,False,a,3.0508928
4,88,Michael_Kayode,Kayode,Brentford,DEF,46,Bournemouth,False,a,3.0411036
4,258,Timothy_Castagne,Castagne,Fulham,DEF,45,Liverpool,False,a,3.0388079
4,432,Kobbie_Mainoo,Mainoo,Man Utd,MID,55,Man City,True,a,2.9720964
4,28,Emiliano_Martínez Romero,Martinez,Chelsea,GK,50,Hull City,True,a,2.9571958
4,277,John_Egan,Egan,Hull City,DEF,40,Chelsea,False,a,2.9521894
4,51,George_Hemmings,George Hemmings,Aston Villa,MID,45,Nott'm Forest,True,a,2.9479778
4,57,Đorđe_Petrović,Petrović,Bournemouth,GK,45,Brentford,True,a,2.931497
4,259,Issa_Diop,Diop,Ipswich Town,DEF,40,Crystal Palace,False,a,2.9305432
4,471,Nikola_Milenković,Milenković,Nott'm Forest,DEF,55,Aston Villa,False,a,2.9277968
4,26,Kai_Havertz,Havertz,Arsenal,FWD,75,Sunderland,False,a,2.9163144
4,156,Pedro_Lomba Neto,Neto,Chelsea,MID,65,Hull City,True,a,2.9152322
4,261,Alex_Iwobi,Iwobi,Fulham,MID,55,Liverpool,False,a,2.905007
4,473,Ola_Aina,Aina,Nott'm Forest,DEF,45,Aston Villa,False,a,2.8969743
4,36,Ian_Maatsen,Maatsen,Aston Villa,DEF,45,Nott'm Forest,True,a,2.8903992
4,427,Bryan_Mbeumo,Mbeumo,Man Utd,MID,80,Man City,True,a,2.8855364
4,447,Sven_Botman,Botman,Newcastle,DEF,50,Leeds,False,a,2.8662467
4,10,Benjamin_White,White,Arsenal,DEF,55,Sunderland,False,a,2.8621104
4,47,Boubacar_Kamara,Kamara,Aston Villa,MID,50,Nott'm Forest,True,a,2.8606696
4,334,Tarik_Muharemović,Muharemović,Leeds,DEF,50,Newcastle,True,a,2.8551996
4,393,Abdukodir_Khusanov,Khusanov,Man City,DEF,55,Man Utd,False,a,2.854565
4,453,Harvey_Barnes,Barnes,Newcastle,MID,60,Leeds,False,a,2.8511765
4,357,Jeremie_Frimpong,Frimpong,Liverpool,DEF,55,Fulham,True,a,2.8413377
4,290,Regan_Slater,Slater,Hull City,MID,45,Chelsea,False,a,2.8283582
4,429,Marcus_Rashford,Rashford,Man Utd,MID,70,Man City,True,a,2.8251154
4,481,Elliot_Anderson,Anderson,Man City,MID,64,Man Utd,False,a,2.8202007
4,46,Ross_Barkley,Barkley,Aston Villa,MID,50,Nott'm Forest,True,a,2.8156543
4,166,Nicolas_Jackson,N.Jackson,Aston Villa,FWD,65,Nott'm Forest,True,a,2.8066192
4,605,Malick_Yalcouyé,Yalcouyé,Brighton,MID,45,Coventry City,False,a,2.8003485
4,34,Pau_Torres,Pau,Aston Villa,DEF,45,Nott'm Forest,True,a,2.798805
4,320,Chuba_Akpom,Akpom,Ipswich Town,FWD,50,Crystal Palace,False,a,2.793969
4,295,Oli_McBurnie,McBurnie,Hull City,FWD,55,Chelsea,False,a,2.7925491
4,138,Charalampos_Kostoulas,Kostoulas,Brighton,FWD,55,Coventry City,False,a,2.7825873
4,61,Adrien_Truffert,Truffert,Bournemouth,DEF,55,Brentford,True,a,2.779794
4,332,James_Justin,Justin,Leeds,DEF,45,Newcastle,True,a,2.7595315
4,372,Alexis_Mac Allister,Mac Allister,Liverpool,MID,55,Fulham,True,a,2.757883
4,279,Semi_Ajayi,Ajayi,Hull City,DEF,41,Chelsea,False,a,2.747871
4,565,Mamadou_Sangaré,M.Sangaré,Brentford,MID,57,Bournemouth,False,a,2.7212946
4,70,Justin_Kluivert,Kluivert,Bournemouth,MID,60,Brentford,True,a,2.7173097
4,315,Abdul_Fatawu,Fatawu,Ipswich Town,MID,55,Crystal Palace,False,a,2.704566
4,486,James_McAtee,McAtee,Nott'm Forest,MID,55,Aston Villa,False,a,2.6983867
4,114,Olivier_Boscagli,Boscagli,Brighton,DEF,45,Coventry City,False,a,2.6846662
4,15,Martin_Ødegaard,Ødegaard,Arsenal,MID,66,Sunderland,False,a,2.6776853
4,327,Jaka_Bijol,Bijol,Leeds,DEF,50,Newcastle,True,a,2.6617544
4,144,Malo_Gusto,Gusto,Chelsea,DEF,50,Hull City,True,a,2.648391
4,200,Maxence_Lacroix,Lacroix,Chelsea,DEF,60,Hull City,True,a,2.644816
4,401,Omar_Marmoush,Marmoush,Spurs,FWD,70,Everton,True,a,2.6293957
4,203,Jaydee_Canvot,Canvot,Crystal Palace,DEF,49,Ipswich Town,True,a,2.611298
4,338,Ethan_Ampadu,Ampadu,Leeds,MID,55,Newcastle,True,a,2.5992937
4,553,Wilson_Isidor,Isidor,Sunderland,FWD,55,Arsenal,True,a,2.5970547
4,593,Amar_Dedic,Dedić,Newcastle,DEF,45,Leeds,False,a,2.5693653
4,499,Pedro_Porro Sauceda,Pedro Porro,Spurs,DEF,55,Everton,True,a,2.5628781
4,491,Igor Jesus_Maciel da Cruz,Igor Jesus,Nott'm Forest,FWD,59,Aston Villa,False,a,2.559445
4,67,Rayan Vitor_Simplício Rocha,Rayan,Bournemouth,MID,65,Brentford,True,a,2.5305037
4,330,Jayden_Bogle,Bogle,Leeds,DEF,45,Newcastle,True,a,2.524234
4,257,Calvin_Bassey,Bassey,Fulham,DEF,45,Liverpool,False,a,2.517006
4,564,Kjell_Scherpen,Scherpen,Ipswich Town,GK,45,Crystal Palace,False,a,2.5154529
4,460,Joe_Willock,Willock,Newcastle,MID,50,Leeds,False,a,2.5105312
4,305,Leif_Davis,Davis,Ipswich Town,DEF,40,Crystal Palace,False,a,2.5088205
4,254,Antonee_Robinson,Robinson,Fulham,DEF,45,Liverpool,False,a,2.4860833
4,371,Ryan_Gravenberch,Gravenberch,Liverpool,MID,60,Fulham,True,a,2.4824083
4,474,Jair_Paula da Cunha Filho,Jair Cunha,Nott'm Forest,DEF,45,Aston Villa,False,a,2.4781559
4,267,Saša_Lukić,Lukić,Ipswich Town,MID,50,Crystal Palace,False,a,2.4767163
4,161,Roméo_Lavia,Lavia,Chelsea,MID,50,Hull City,True,a,2.4712608
4,282,Ryan_Giles,Giles,Hull City,DEF,40,Chelsea,False,a,2.457953
4,265,Sander_Berge,Berge,Fulham,MID,50,Liverpool,False,a,2.4524841
4,167,Liam_Delap,Delap,Nott'm Forest,FWD,55,Aston Villa,False,a,2.424088
4,7,Myles_Lewis-Skelly,Lewis-Skelly,Arsenal,MID,55,Sunderland,False,a,2.4119298
4,529,Robin_Roefs,Roefs,Sunderland,GK,50,Arsenal,True,a,2.4073086
4,204,Tyrick_Mitchell,Mitchell,Crystal Palace,DEF,45,Ipswich Town,True,a,2.4065096
4,514,Mathys_Tel,Tel,Spurs,MID,59,Everton,True,a,2.3951075
4,566,António João_Pereira de Albuquerque Tavares da Silva,Silva,Bournemouth,DEF,50,Brentford,True,a,2.3713007
4,588,Anan_Khalaili,Khalaili,Crystal Palace,DEF,50,Ipswich Town,True,a,2.3658383
4,264,Oscar_Bobb,Bobb,Fulham,MID,55,Liverpool,False,a,2.3559637
4,242,Tyrique_George,George,Everton,MID,55,Spurs,False,a,2.347629
4,358,Milos_Kerkez,Kerkez,Liverpool,DEF,55,Fulham,True,a,2.3442342
4,13,Declan_Rice,Rice,Arsenal,MID,75,Sunderland,False,a,2.3306537
4,412,Senne_Lammens,Lammens,Man Utd,GK,50,Man City,True,a,2.3099003
4,246,Merlin_Röhl,Röhl,Everton,MID,50,Spurs,False,a,2.2990787
4,173,Bobby_Thomas,Thomas,Coventry City,DEF,40,Brighton,True,a,2.295375
4,105,Jaidon_Anthony,Anthony,Brentford,MID,60,Bournemouth,False,a,2.2917452
4,533,Nordi_Mukiele,Mukiele,Sunderland,DEF,55,Arsenal,True,a,2.2755122
4,545,Noah_Sadiki,Sadiki,Sunderland,MID,50,Arsenal,True,a,2.2583053
4,148,Jorrel_Hato,Hato,Chelsea,DEF,45,Hull City,True,a,2.238176
4,316,Emersonn_Correia da Silva,Emersonn,Ipswich Town,FWD,55,Crystal Palace,False,a,2.2149827
4,522,Archie_Gray,Gray,Spurs,MID,50,Everton,True,a,2.2127383
4,459,Lewis_Miley,L.Miley,Newcastle,MID,55,Leeds,False,a,2.2019267
4,184,Matt_Grimes,Grimes,Coventry City,MID,50,Brighton,True,a,2.1972518
4,516,Rodrigo_Bentancur,Bentancur,Spurs,MID,55,Everton,True,a,2.1503682
4,37,Victor_Lindelöf,Lindelöf,Aston Villa,DEF,45,Nott'm Forest,True,a,2.0855658
4,95,Dango_Ouattara,O.Dango,Brentford,MID,65,Bournemouth,False,a,2.0847762
4,304,Dara_O'Shea,O'Shea,Ipswich Town,DEF,40,Crystal Palace,False,a,2.081283
4,496,Antonín_Kinský,Kinsky,Spurs,GK,45,Everton,True,a,2.0776017
4,253,Joachim_Andersen,Andersen,Fulham,DEF,50,Liverpool,False,a,2.0756612
4,309,Marcelino_Núñez,Núñez,Ipswich Town,MID,50,Crystal Palace,False,a,2.0662892
4,576,Elliot_Stroud,Stroud,Hull City,MID,50,Chelsea,False,a,2.0462906
4,222,Jørgen_Strand Larsen,Strand Larsen,Crystal Palace,FWD,60,Ipswich Town,True,a,2.0236368
4,570,César_Palacios,Palacios,Fulham,MID,55,Liverpool,False,a,2.0219815
4,155,Enzo_Fernández,Enzo,Man City,MID,69,Man Utd,False,a,2.0159075
4,562,Daizen_Maeda,Maeda,Ipswich Town,MID,55,Crystal Palace,False,a,2.013381
4,71,Lewis_Cook,Cook,Bournemouth,MID,50,Brentford,True,a,2.0126755
4,190,Loum_Tchaouna,Tchaouna,Coventry City,MID,55,Brighton,True,a,1.9928298
4,455,Sandro_Tonali,Tonali,Spurs,MID,54,Everton,True,a,1.9792042
4,31,Ezri_Konsa Ngoyo,Konsa,Arsenal,DEF,44,Sunderland,False,a,1.9670091
4,417,Diogo_Dalot Teixeira,Dalot,Man Utd,DEF,50,Man City,True,a,1.949785
4,536,Reinildo_Mandava,Reinildo,Sunderland,DEF,45,Arsenal,True,a,1.9392909
4,194,Brandon_Thomas-Asante,Thomas-Asante,Coventry City,FWD,50,Brighton,True,a,1.9154334
4,337,Brenden_Aaronson,Aaronson,Leeds,MID,55,Newcastle,True,a,1.9146252
4,110,Carl_Rushworth,Rushworth,Coventry City,GK,45,Brighton,True,a,1.9006823
4,558,Xaver_Schlager,Schlager,Nott'm Forest,MID,50,Aston Villa,False,a,1.8920084
4,551,Nilson_Angulo,N.Angulo,Sunderland,MID,50,Arsenal,True,a,1.8688346
4,183,Jack_Rudoni,Rudoni,Coventry City,MID,50,Brighton,True,a,1.8657513
4,96,Mikkel_Damsgaard,Damsgaard,Brentford,MID,55,Bournemouth,False,a,1.8648688
4,113,Ferdi_Kadıoğlu,F.Kadıoğlu,Brighton,DEF,44,Coventry City,False,a,1.8631124
4,575,Caleb_Yirenkyi,Yirenkyi,Coventry City,MID,50,Brighton,True,a,1.8346214
4,238,Jack_Grealish,Grealish,Everton,MID,65,Spurs,False,a,1.8272442
4,151,Josh_Acheampong,Acheampong,Chelsea,DEF,45,Hull City,True,a,1.8234391
4,503,Micky_van de Ven,Van de Ven,Spurs,DEF,50,Everton,True,a,1.7970471
4,336,Noah_Okafor,Okafor,Leeds,MID,59,Newcastle,True,a,1.7957605
4,405,Nico_González Iglesias,N.Gonzalez,Newcastle,MID,55,Leeds,False,a,1.7950261
4,149,Levi_Samuels Colwill,Colwill,Chelsea,DEF,50,Hull City,True,a,1.7825452
4,239,James_Garner,Garner,Everton,MID,60,Spurs,False,a,1.7735171
4,525,Mateus_Fernandes,Fernandes,Spurs,MID,59,Everton,True,a,1.7720759
4,64,Adam_Smith,Smith,Bournemouth,DEF,45,Brentford,True,a,1.7573326
4,611,Aaron_Wan-Bissaka,Wan-Bissaka,Aston Villa,DEF,45,Nott'm Forest,True,a,1.753264
4,577,Takehiro_Tomiyasu,Tomiyasu,Crystal Palace,DEF,45,Ipswich Town,True,a,1.7461196
4,241,Dwight_McNeil,McNeil,Crystal Palace,MID,55,Ipswich Town,True,a,1.7444484
4,541,Thomas_Meunier,Meunier,Sunderland,DEF,45,Arsenal,True,a,1.7416137
4,502,Andrew_Robertson,Robertson,Spurs,DEF,45,Everton,True,a,1.7167639
4,586,Nobel_Mendy,Mendy,Hull City,DEF,40,Chelsea,False,a,1.6775737
4,247,Hayden_Hackney,Hackney,Everton,MID,55,Spurs,False,a,1.6700425
4,419,Lisandro_Martínez,Martinez,Man Utd,DEF,50,Man City,True,a,1.6129738
4,534,Trai_Hume,Hume,Sunderland,DEF,45,Arsenal,True,a,1.5622071
4,201,Daniel_Muñoz Mejía,Muñoz,Nott'm Forest,DEF,54,Aston Villa,False,a,1.5463567
4,145,Wesley_Fofana,Fofana,Chelsea,DEF,50,Hull City,True,a,1.5142412
4,439,Benjamin_Sesko,Šeško,Man Utd,FWD,70,Man City,True,a,1.5048057
4,552,Brian_Brobbey,Brobbey,Sunderland,FWD,59,Arsenal,True,a,1.4971465
4,306,Jacob_Greaves,Greaves,Ipswich Town,DEF,40,Crystal Palace,False,a,1.4428561
4,142,Reece_James,James,Chelsea,DEF,55,Hull City,True,a,1.4415703
4,532,Daniel_Ballard,Ballard,Sunderland,DEF,50,Arsenal,True,a,1.4388222
4,29,Marco_Bizot,M.Bizot,Aston Villa,GK,45,Nott'm Forest,True,a,1.433834
4,512,Mohammed_Kudus,Kudus,Spurs,MID,65,Everton,True,a,1.4271655
4,176,Jay_Dasilva,Dasilva,Coventry City,DEF,40,Brighton,True,a,1.4238633
4,195,Ellis_Simms,Simms,Coventry City,FWD,50,Brighton,True,a,1.421453
4,125,Georginio_Rutter,Georginio,Brighton,FWD,55,Coventry City,False,d,1.4185375
4,162,Andrey_Nascimento dos Santos,Andrey Santos,Man Utd,MID,49,Man City,True,a,1.4143153
4,583,Pep_Chavarría,Chavarria,Chelsea,DEF,50,Hull City,True,a,1.3979807
4,492,Taiwo_Awoniyi,Awoniyi,Coventry City,FWD,55,Brighton,True,a,1.3894353
4,209,Brennan_Johnson,Johnson,Everton,MID,59,Spurs,False,a,1.3790091
4,175,Milan_van Ewijk,van Ewijk,Coventry City,DEF,40,Brighton,True,a,1.3768319
4,422,Noussair_Mazraoui,Mazraoui,Man Utd,DEF,45,Man City,True,a,1.374592
4,42,Evann_Guessand,Guessand,Crystal Palace,MID,55,Ipswich Town,True,a,1.3563374
4,616,Ayyoub_Bouaddi,Bouaddi,Man City,MID,55,Man Utd,False,a,1.3429996
4,580,Shea_Charles,Charles,Fulham,MID,50,Liverpool,False,a,1.3269548
4,112,Jan Paul_van Hecke,Van Hecke,Spurs,DEF,49,Everton,True,a,1.3216858
4,104,Frank_Onyeka,Onyeka,Coventry City,MID,50,Brighton,True,a,1.319791
4,119,João Pedro_Loureiro da Costa,Costinha,Brighton,DEF,45,Coventry City,False,a,1.3039181
4,188,Victor_Torp,Torp,Coventry City,MID,54,Brighton,True,a,1.2935311
4,186,Ephron_Mason-Clark,Mason-Clark,Coventry City,MID,54,Brighton,True,a,1.2831578
4,182,Aurèle_Amenda,Amenda,Coventry City,DEF,40,Brighton,True,a,1.2696518
4,14,Eberechi_Eze,Eze,Arsenal,MID,64,Sunderland,False,a,1.256637
4,418,Harry_Maguire,Maguire,Man Utd,DEF,50,Man City,True,a,1.2492183
4,506,Destiny_Udogie,Udogie,Spurs,DEF,45,Everton,True,a,1.2418226
4,526,Dominic_Solanke-Mitchell,Solanke,Spurs,FWD,59,Everton,True,a,1.2340605
4,364,Kostas_Tsimikas,Tsimikas,Liverpool,DEF,50,Fulham,True,a,1.2334174
4,584,Gustavo_Hamer,Hamer,Coventry City,MID,55,Brighton,True,a,1.2164153
4,520,Lucas_Bergvall,Bergvall,Spurs,MID,54,Everton,True,a,1.2136749
4,269,Ryan_Sessegnon,Sessegnon,Fulham,DEF,45,Liverpool,False,a,1.2099715
4,160,Alejandro_Garnacho Ferreyra,Garnacho,Aston Villa,MID,59,Nott'm Forest,True,a,1.2091832
4,237,Iliman_Ndiaye,Ndiaye,Man City,MID,60,Man Utd,False,a,1.2061548
4,108,Callum_Wilson,Wilson,Brentford,FWD,55,Bournemouth,False,a,1.1996838
4,73,Tyler_Adams,Adams,Bournemouth,MID,50,Brentford,True,a,1.187355
4,123,Jack_Hinshelwood,Hinshelwood,Brighton,MID,60,Coventry City,False,d,1.1796596
4,255,Jorge_Cuenca Barreno,J.Cuenca,Fulham,DEF,45,Liverpool,False,a,1.1725404
4,280,Lewie_Coyle,Coyle,Hull City,DEF,40,Chelsea,False,d,1.1655045
4,289,Matt_Crooks,Crooks,Hull City,MID,45,Chelsea,False,d,1.1500391
4,600,Ibrahim_Osman,Osman,Brighton,MID,50,Coventry City,False,a,1.1482935
4,369,Rio_Ngumoha,Ngumoha,Liverpool,MID,59,Fulham,True,a,1.1329318
4,421,Ayden_Heaven,Heaven,Man Utd,DEF,45,Man City,True,a,1.1314509
4,395,Rico_Lewis,Lewis,Man City,DEF,45,Man Utd,False,a,1.1281103
4,262,Emile_Smith Rowe,Smith Rowe,Fulham,MID,55,Liverpool,False,a,1.1089071
4,17,Mikel_Merino Zazón,Merino,Arsenal,MID,59,Sunderland,False,a,1.107914
4,406,Mateo_Kovačić,Kovačić,Man City,MID,55,Man Utd,False,a,1.1008048
4,129,Yasin_Ayari,Ayari,Brighton,MID,54,Coventry City,False,d,1.100418
4,621,Ryan_McAidoo,McAidoo,Man City,MID,45,Man Utd,False,a,1.0927547
4,415,Patrick_Dorgu,Dorgu,Man Utd,MID,59,Man City,True,a,1.079458
4,619,Exequiel_Palacios,Palacios,Ipswich Town,MID,50,Crystal Palace,False,a,1.0794523
4,519,Conor_Gallagher,Gallagher,Spurs,MID,54,Everton,True,a,1.0638105
4,260,Harry_Wilson,Wilson,Leeds,MID,64,Newcastle,True,a,1.0544267
4,579,Ronald_Araujo,Araujo,Liverpool,DEF,54,Fulham,True,a,1.0509996
4,11,Cristhian_Mosquera,Mosquera,Arsenal,DEF,55,Sunderland,False,d,1.0486295
4,19,Martín_Zubimendi Ibáñez,Zubimendi,Arsenal,MID,54,Sunderland,False,a,1.0480782
4,420,Leny_Yoro,Yoro,Man Utd,DEF,49,Man City,True,a,1.036495
4,263,Kevin_Santos Lopes de Macedo,Kevin,Fulham,MID,54,Liverpool,False,a,1.0247102
4,542,Enzo_Le Fée,E.Le Fée,Sunderland,MID,59,Arsenal,True,a,1.0124533
4,33,Tyrone_Mings,Mings,Aston Villa,DEF,45,Nott'm Forest,True,a,0.99132
4,457,Jacob_Murphy,J.Murphy,Newcastle,MID,59,Leeds,False,a,0.99065363
4,243,Carlos_Alcaraz Durán,Alcaraz,Everton,MID,50,Spurs,False,a,0.98928547
4,343,Daniel_James,James,Leeds,MID,50,Newcastle,True,a,0.98780483
4,102,Yehor_Yarmoliuk,Yarmoliuk,Brentford,MID,49,Bournemouth,False,a,0.9851422
4,490,Chris_Wood,Wood,Nott'm Forest,FWD,59,Aston Villa,False,a,0.98015666
4,462,Sean_Steur,Steur,Newcastle,MID,50,Leeds,False,a,0.97813827
4,345,Tanaka_Ao,Tanaka,Leeds,MID,49,Newcastle,True,a,0.97763
4,185,Tatsuhiro_Sakamoto,Sakamoto,Coventry City,MID,49,Brighton,True,a,0.97665536
4,478,Luca_Netz,Netz,Nott'm Forest,DEF,45,Aston Villa,False,a,0.96515507
4,456,Jacob_Ramsey,J.Ramsey,Newcastle,MID,50,Leeds,False,a,0.96063054
4,90,Aaron_Hickey,Hickey,Brentford,DEF,45,Bournemouth,False,a,0.9595808
4,16,Noni_Madueke,Madueke,Arsenal,MID,63,Sunderland,False,a,0.9310003
4,389,Matheus_Nunes,Matheus N.,Man City,DEF,59,Man Utd,False,a,0.9252212
4,35,Lamare_Bogarde,Bogarde,Aston Villa,MID,50,Nott'm Forest,True,a,0.9191261
4,323,Kasey_McAteer,McAteer,Ipswich Town,MID,45,Crystal Palace,False,a,0.9169291
4,52,Alysson Edward Franco_da Rocha dos Santos,Alysson,Aston Villa,MID,50,Nott'm Forest,True,a,0.9048042
4,313,Jack_Clarke,Clarke,Ipswich Town,MID,55,Crystal Palace,False,a,0.899839
4,347,Lukas_Nmecha,Nmecha,Leeds,FWD,55,Newcastle,True,a,0.8971069
4,488,Ibrahim_Sangaré,I.Sangaré,Nott'm Forest,MID,49,Aston Villa,False,a,0.8854756
4,585,Lucas_Herrington,Herrington,Hull City,DEF,40,Chelsea,False,a,0.8854276
4,598,Nico_Elvedi,Elvedi,Leeds,DEF,45,Newcastle,True,a,0.8808754
4,498,Marcos_Senesi Barón,Senesi,Spurs,DEF,59,Everton,True,a,0.8680557
4,452,Bruno_Guimarães Rodriguez Moura,Bruno G.,Arsenal,MID,68,Sunderland,False,d,0.8670815
4,557,Christos_Tzolis,Tzolis,Arsenal,MID,65,Sunderland,False,a,0.8625511
4,549,Chemsdine_Talbi,Talbi,Sunderland,MID,54,Arsenal,True,a,0.85794395
4,589,Lucas_Gourna-Douath,Gourna-Douath,Hull City,MID,50,Chelsea,False,a,0.8548089
4,548,Chris_Rigg,Rigg,Sunderland,MID,50,Arsenal,True,a,0.8341853
4,595,Zavier_Gozo,Gozo,Crystal Palace,MID,50,Ipswich Town,True,a,0.8294316
4,403,Sávio_Moreira de Oliveira,Sávio,Spurs,MID,65,Everton,True,a,0.82629097
4,563,Hidemasa_Morita,Morita,Hull City,MID,50,Chelsea,False,a,0.8259348
4,592,Abdoul_Ouattara,Ouattara,Ipswich Town,DEF,40,Crystal Palace,False,a,0.82377917
4,535,Omar_Alderete,Alderete,Sunderland,DEF,50,Arsenal,True,a,0.8031632
4,9,Piero_Hincapié,Hincapie,Arsenal,DEF,54,Sunderland,False,a,0.7988216
4,153,Axel_Disasi,Disasi,Crystal Palace,DEF,45,Ipswich Town,True,a,0.7961628
4,515,James_Maddison,Maddison,Spurs,MID,64,Everton,True,d,0.7865938
4,608,Daniel_Jebbison,Jebbison,Bournemouth,FWD,50,Brentford,True,a,0.7834672
4,157,Estêvão_Almeida de Oliveira Gonçalves,Estêvão,Chelsea,MID,64,Hull City,True,a,0.7821155
4,617,Mohamed-Ali_Cho,Cho,Hull City,MID,50,Chelsea,False,a,0.7768613
4,56,Tammy_Abraham,Abraham,Aston Villa,FWD,55,Nott'm Forest,True,a,0.7710895
4,482,Callum_Hudson-Odoi,Hudson-Odoi,Nott'm Forest,MID,59,Aston Villa,False,a,0.76666296
4,423,Luke_Shaw,Shaw,Man Utd,DEF,45,Man City,True,a,0.7651515
4,135,Zadok_Yohanna,Yohanna,Brighton,MID,50,Coventry City,False,a,0.76034766
4,446,Fabian_Schär,Schär,Newcastle,DEF,50,Leeds,False,a,0.754342
4,622,Kaden_Braithwaite,Braithwaite,Man City,DEF,40,Man Utd,False,a,0.73410755
4,381,Lewis_Koumas,Koumas,Liverpool,MID,50,Fulham,True,a,0.7274705
4,74,David_Brooks,Brooks,Bournemouth,MID,50,Brentford,True,a,0.69501776
4,375,Trey_Nyoni,Nyoni,Liverpool,MID,50,Fulham,True,a,0.688932
4,207,Oscar_Mingueza,Mingueza,Crystal Palace,DEF,44,Ipswich Town,True,a,0.64740604
4,596,Matteo_Ruggeri,Ruggeri,Aston Villa,DEF,45,Nott'm Forest,True,a,0.6384605
4,547,Romaine_Mundle,Mundle,Sunderland,MID,50,Arsenal,True,a,0.63837594
4,539,Luke_O'Nien,O'Nien,Sunderland,DEF,40,Arsenal,True,a,0.634512
4,568,Valentín_Barco,Barco,Chelsea,MID,55,Hull City,True,a,0.631332
4,487,Nicolás_Domínguez,Dominguez,Nott'm Forest,MID,50,Aston Villa,False,a,0.63016206
4,76,Alex_Tóth,Tóth.A,Bournemouth,MID,50,Brentford,True,a,0.6134697
4,321,Sindre_Walle Egeli,Walle Egeli,Ipswich Town,FWD,45,Crystal Palace,False,a,0.6117786
4,111,Jason_Steele,Steele,Brighton,GK,40,Coventry City,False,a,0.581201
4,159,Moisés_Caicedo Corozo,Caicedo,Chelsea,MID,54,Hull City,True,d,0.55704445
4,435,Shea_Lacey,Lacey,Man Utd,MID,50,Man City,True,a,0.53305024
4,271,Rodrigo_Muniz Carvalho,Muniz,Fulham,FWD,55,Liverpool,False,a,0.5121453
4,559,Aladji_Bamba,Bamba,Newcastle,MID,50,Leeds,False,a,0.5075621
4,164,Geovany_Quenda,Quenda,Chelsea,MID,54,Hull City,True,a,0.50627047
4,75,Ryan_Christie,Christie,Bournemouth,MID,50,Brentford,True,a,0.5052696
4,81,Álvaro_Rodríguez,Rodríguez,Bournemouth,FWD,60,Brentford,True,a,0.504222
4,461,Bazoumana_Touré,Touré,Newcastle,MID,59,Leeds,False,a,0.500459
4,212,Will_Hughes,Hughes,Crystal Palace,MID,45,Ipswich Town,True,a,0.49434978
4,89,Rico_Henry,Henry,Brentford,DEF,45,Bournemouth,False,a,0.49332052
4,620,El Hadji Malick_Diouf,Diouf,Brentford,DEF,45,Bournemouth,False,a,0.4873918
4,339,Sean_Longstaff,Longstaff,Leeds,MID,50,Newcastle,True,a,0.471367
4,594,Promise_David,David,Brighton,FWD,60,Coventry City,False,a,0.43953025
4,328,Pascal_Struijk,Struijk,Brighton,DEF,50,Coventry City,False,a,0.4311711
4,631,Ibrahim_Mbaye,Mbaye,Aston Villa,MID,60,Nott'm Forest,True,a,0.4271397
4,308,Darnell_Furlong,Furlong,Ipswich Town,DEF,40,Crystal Palace,False,a,0.4240481
4,618,Leon_Goretzka,Goretzka,Aston Villa,MID,60,Nott'm Forest,True,a,0.408215
4,91,Ethan_Pinnock,Pinnock,Coventry City,DEF,45,Brighton,True,a,0.39088073
4,489,Ryan_Yates,Yates,Nott'm Forest,MID,45,Aston Villa,False,a,0.38734928
4,72,Ben_Gannon-Doak,Gannon-Doak,Bournemouth,MID,50,Brentford,True,a,0.35176373
4,581,Ousmane_Diomande,Diomande,Nott'm Forest,DEF,54,Aston Villa,False,a,0.34492657
4,232,Jake_O'Brien,O'Brien,Everton,DEF,49,Spurs,False,a,0.3328284
4,25,Viktor_Gyökeres,Gyökeres,Arsenal,FWD,73,Sunderland,False,a,0.30422026
4,240,Tim_Iroegbunam,Iroegbunam,Hull City,MID,50,Chelsea,False,a,0.2880673
4,231,Michael_Keane,Keane,Everton,DEF,49,Spurs,False,a,0.28802666
4,493,Arnaud_Kalimuendo,Kalimuendo,Nott'm Forest,FWD,54,Aston Villa,False,a,0.28113306
4,301,Alex_Palmer,Palmer,Ipswich Town,GK,40,Crystal Palace,False,a,0.27576643
4,626,Macauley_Zepa,Zepa,Fulham,MID,45,Liverpool,False,a,0.2729029
4,285,Paddy_McNair,McNair,Hull City,DEF,40,Chelsea,False,a,0.27162188
4,392,Rayan_Aït-Nouri,Aït-Nouri,Man City,DEF,54,Man Utd,False,a,0.26941043
4,497,Martin_Dubravka,Dubravka,Spurs,GK,40,Everton,True,a,0.26928228
4,136,Danny_Welbeck,Welbeck,Chelsea,FWD,59,Hull City,True,a,0.26706043
4,38,Andrés_García,A.García,Aston Villa,DEF,40,Nott'm Forest,True,a,0.26462486
4,396,Vitor_de Oliveira Nunes dos Reis,Vitor Reis,Man City,DEF,45,Man Utd,False,a,0.25593755
4,442,Nick_Pope,Pope,Newcastle,GK,50,Leeds,False,a,0.22796181
4,578,Mykhailo_Mudryk,Mudryk,Spurs,MID,54,Everton,True,a,0.22611728
4,556,Matt_Targett,Targett,Hull City,DEF,40,Chelsea,False,a,0.21832074
4,58,Fraser_Forster,Forster,Bournemouth,GK,40,Brentford,True,a,0.21596907
4,62,Bafodé_Diakité,Diakité,Bournemouth,DEF,50,Brentford,True,a,0.20453413
4,331,Gabriel_Gudmundsson,Gudmundsson,Leeds,DEF,45,Newcastle,True,a,0.19697875
4,5,Jurriën_Timber,J.Timber,Arsenal,DEF,65,Sunderland,False,d,0.19464432
4,647,Darío_Osorio,Osorio,Crystal Palace,MID,55,Ipswich Town,True,a,0.1938263
4,120,Michael_Svoboda,Svoboda,Brighton,DEF,50,Coventry City,False,a,0.18255332
4,50,Bradley_Burrowes,Burrowes,Aston Villa,MID,45,Nott'm Forest,True,a,0.17997475
4,101,Jordan_Henderson,Henderson,Chelsea,MID,50,Hull City,True,d,0.16955468
4,152,Marco_Palestra,Palestra,Chelsea,DEF,54,Hull City,True,d,0.16851692
4,501,Kevin_Danso,Danso,Sunderland,DEF,50,Arsenal,True,a,0.1673315
4,256,Kenny_Tete,Tete,Fulham,DEF,45,Liverpool,False,a,0.16667138
4,630,Taylor_Harwood-Bellis,Harwood-Bellis,Aston Villa,DEF,45,Nott'm Forest,True,a,0.16477676
4,158,Jamie_Bynoe-Gittens,Gittens,Chelsea,MID,59,Hull City,True,a,0.16010676
4,245,Tyler_Dibling,Dibling,Everton,MID,54,Spurs,False,a,0.15236841
4,644,Quinten_Timber,Timber,Crystal Palace,MID,50,Ipswich Town,True,a,0.15033759
4,606,Triston_Rowe,Rowe,Aston Villa,DEF,40,Nott'm Forest,True,a,0.14844856
4,213,Jefferson_Lerma Solís,Lerma,Crystal Palace,MID,49,Ipswich Town,True,a,0.14768472
4,147,Tosin_Adarabioyo,Tosin,Spurs,DEF,45,Everton,True,a,0.14708039
4,218,Cheick_Doucouré,Doucouré,Crystal Palace,MID,49,Ipswich Town,True,a,0.1457028
4,219,Jesurun_Rak-Sakyi,J.Rak-Sakyi,Crystal Palace,MID,50,Ipswich Town,True,a,0.14328451
4,643,Ben_Chilwell,Chilwell,Crystal Palace,DEF,45,Ipswich Town,True,a,0.14309645
4,217,Matheus_França de Oliveira,M.França,Crystal Palace,MID,49,Ipswich Town,True,a,0.14295734
4,646,Malick_Fofana,Fofana,Sunderland,MID,55,Arsenal,True,a,0.13996954
4,633,Honest_Ahanor,Ahanor,Crystal Palace,DEF,45,Ipswich Town,True,a,0.13779758
4,623,Dan_Bentley,Bentley,Coventry City,GK,40,Brighton,True,a,0.13475916
4,272,Jonah_Kusi-Asare,Kusi-Asare,Fulham,FWD,45,Liverpool,False,a,0.1336999
4,634,Matias_Fernandez-Pardo,Fernandez-Pardo,Newcastle,FWD,60,Leeds,False,a,0.13221227
4,351,Giorgi_Mamardashvili,Mamardashvili,Liverpool,GK,49,Fulham,True,a,0.13052385
4,117,Diego_Coppola,Coppola,Brighton,DEF,45,Coventry City,False,a,0.12784715
4,227,Mark_Travers,Travers,Everton,GK,50,Spurs,False,a,0.12620807
4,628,Allan_Andrade Elias,Allan,Man City,MID,60,Man Utd,False,a,0.12552895
4,614,Jaouen_Hadjam,Hadjam,Brighton,DEF,45,Coventry City,False,a,0.1250277
4,126,Matt_O'Riley,O'Riley,Brighton,MID,55,Coventry City,False,a,0.12434289
4,613,Jules_Ahoka,Ahoka,Sunderland,MID,45,Arsenal,True,a,0.12293014
4,590,Steven_Benda,Benda,Nott'm Forest,GK,45,Aston Villa,False,a,0.11566457
4,555,Remi_Matthews,Matthews,Crystal Palace,GK,40,Ipswich Town,True,a,0.11435293
4,639,José María_Andrés Baixauli,Andrés,Brighton,MID,55,Coventry City,False,a,0.113080785
4,325,Karl_Darlow,Darlow,Man Utd,GK,45,Man City,True,a,0.11284686
4,601,Luca_Williams-Barnett,Williams-Barnett,Spurs,MID,45,Everton,True,a,0.112539224
4,430,Mason_Mount,Mount,Man Utd,MID,54,Man City,True,d,0.1109633
4,508,Ben_Davies,Davies,Spurs,DEF,40,Everton,True,a,0.109320045
4,649,Ainsley_Maitland-Niles,Maitland-Niles,Everton,DEF,45,Spurs,False,a,0.109309174
4,468,John Victor_Maciel Furtado,John,Nott'm Forest,GK,45,Aston Villa,False,a,0.10859944
4,107,Kaye_Furo,Furo,Brentford,FWD,45,Bournemouth,False,a,0.1049002
4,495,Brandon_Austin,Austin,Spurs,GK,40,Everton,True,a,0.1047794
4,302,David_Button,Button,Ipswich Town,GK,40,Crystal Palace,False,a,0.104141966
4,587,Gerónimo_Rulli,Rulli,Man City,GK,50,Man Utd,False,a,0.103740536
4,374,Endo_Wataru,Endo,Liverpool,MID,50,Fulham,True,a,0.10198333
4,352,Freddie_Woodman,Woodman,Liverpool,GK,40,Fulham,True,a,0.10072798
4,344,Ilia_Gruev,Gruev,Leeds,MID,50,Newcastle,True,d,0.100485764
4,642,Sorba_Thomas,Thomas,Hull City,MID,55,Chelsea,False,a,0.0996097
4,300,Christian_Walton,Walton,Ipswich Town,GK,45,Crystal Palace,False,a,0.09959473
4,270,Harrison_Reed,Reed,Fulham,MID,45,Liverpool,False,a,0.09820993
4,3,Illan_Meslier,Meslier,Arsenal,GK,50,Sunderland,False,a,0.096419774
4,251,Benjamin_Lecomte,Lecomte,Fulham,GK,40,Liverpool,False,a,0.094551966
4,561,Aaron_Anselmino,Anselmino,Chelsea,DEF,45,Hull City,True,a,0.0936636
4,573,Juanlu_Sánchez,Sanchez,Bournemouth,DEF,45,Brentford,True,a,0.09310778
4,650,David_Affengruber,Affengruber,Fulham,DEF,45,Liverpool,False,a,0.09260828
4,571,Florentino Ibrain_Morris Luís,Florentino,Ipswich Town,MID,49,Crystal Palace,False,a,0.090304464
4,440,Joshua_Zirkzee,Zirkzee,Man Utd,FWD,54,Man City,True,a,0.08664594
4,187,Josh_Eccles,Eccles,Coventry City,MID,49,Brighton,True,a,0.08658575
4,524,Callum_Olusesi,Olusesi,Spurs,MID,45,Everton,True,a,0.086526014
4,172,Ben_Wilson,Wilson,Coventry City,GK,45,Brighton,True,a,0.08642573
4,228,Tom_King,King,Everton,GK,45,Spurs,False,a,0.086381026
4,2,Kepa_Arrizabalaga Revuelta,Arrizabalaga,Arsenal,GK,50,Sunderland,False,a,0.086319745
4,20,Max_Dowman,Dowman,Arsenal,MID,54,Sunderland,False,a,0.08620801
4,100,Fábio_Freitas Gouveia Carvalho,Carvalho,Brentford,MID,50,Bournemouth,False,a,0.085876726
4,221,Joél_Drakes-Thomas,Drakes-Thomas,Crystal Palace,MID,45,Ipswich Town,True,a,0.08568276
4,648,Jean-Mattéo_Bahoya,Bahoya,Leeds,MID,50,Newcastle,True,a,0.08472157
4,324,Anis_Mehmeti,Mehmeti,Ipswich Town,MID,49,Crystal Palace,False,a,0.083717935
4,635,Hugo_Larsson,Larsson,Fulham,MID,50,Liverpool,False,a,0.08339281
4,609,Leo_Shahar,Shahar,Newcastle,DEF,40,Leeds,False,a,0.082821116
4,636,Manuel Ángel_Morán Ibáñez,Ángel,Fulham,MID,50,Liverpool,False,a,0.082083374
4,66,Julio_Soler Barreto,Soler,Bournemouth,DEF,40,Brentford,True,a,0.082060315
4,93,Jannik_Schuster,Schuster,Brentford,DEF,45,Bournemouth,False,a,0.079050295
4,612,Dayann_Méthalie,Methalie,Sunderland,DEF,45,Arsenal,True,a,0.0790051
4,92,Kim_Ji-soo,Ji-soo,Brentford,DEF,45,Bournemouth,False,a,0.07872571
4,560,Mike_Penders,Penders,Chelsea,GK,45,Hull City,True,a,0.078381956
4,510,James_Rowswell,Rowswell,Spurs,DEF,40,Everton,True,a,0.07768054
4,509,Jun'ai_Byfield,Byfield,Spurs,DEF,40,Everton,True,a,0.077008076
4,476,Omar_Richards,O.Richards,Nott'm Forest,DEF,40,Aston Villa,False,a,0.076415986
4,134,Nehemiah_Oriola,Oriola,Brighton,MID,45,Coventry City,False,a,0.076226644
4,604,Alfie_Cresswell,Cresswell,Leeds,MID,45,Newcastle,True,a,0.07566432
4,641,Melvin_Bard,Bard,Leeds,DEF,45,Newcastle,True,a,0.0753185
4,303,Cédric_Kipré,Kipré,Ipswich Town,DEF,40,Crystal Palace,False,a,0.07479526
4,83,Hákon Rafn_Valdimarsson,Valdimarsson,Brentford,GK,45,Bournemouth,False,a,0.07392393
4,550,Djiamgone Jocelin Ta_Bi,Jocelin.T,Sunderland,MID,50,Arsenal,True,a,0.07374764
4,361,Wellity_Lucky,Lucky,Liverpool,DEF,40,Fulham,True,a,0.07289851
4,434,Jack_Fletcher,J.Fletcher,Man Utd,MID,50,Man City,True,a,0.071946755
4,199,Walter_Benítez,Benitez,Crystal Palace,GK,45,Ipswich Town,True,a,0.06870109
4,189,George_Shepherd,Shepherd,Coventry City,MID,45,Brighton,True,a,0.068619825
4,651,Juan_Angulo,J.Angulo,Sunderland,FWD,45,Arsenal,True,a,0.06800741
4,296,David_Akintola,Akintola,Hull City,MID,50,Chelsea,False,a,0.06784645
4,378,James_McConnell,McConnell,Liverpool,MID,45,Fulham,True,a,0.067086466
4,610,Luc_De Fougerolles,De Fougerolles,Fulham,DEF,40,Liverpool,False,d,0.06645763
4,386,Marcus_Bettinelli,Bettinelli,Man City,GK,45,Man Utd,False,a,0.06566304
4,178,Jake_Bidwell,Bidwell,Coventry City,DEF,40,Brighton,True,a,0.065196835
4,599,Sidiki_Cherif,Cherif,Coventry City,FWD,50,Brighton,True,a,0.06509319
4,574,Jens_Hjertø-Dahl,Hjertø-Dahl,Hull City,MID,50,Chelsea,False,a,0.06418683
4,615,Michele_Di Gregorio,Di Gregorio,Bournemouth,GK,45,Brentford,True,a,0.063650094
4,629,Michael_Zetterer,Zetterer,Leeds,GK,40,Newcastle,True,a,0.06355265
4,645,Christos_Mouzakitis,Mouzakitis,Hull City,MID,50,Chelsea,False,a,0.063419856
4,340,Joe_Gelhardt,Gelhardt,Hull City,MID,50,Chelsea,False,a,0.06286567
4,179,Joel_Latibeaudiere,Latibeaudiere,Coventry City,DEF,40,Brighton,True,a,0.06268022
4,441,Chido_Obi,Obi,Man Utd,FWD,45,Man City,True,a,0.062342692
4,443,Mark_Gillespie,Gillespie,Newcastle,GK,45,Leeds,False,a,0.060726907
4,444,Ewen_Jaouen,Jaouen,Newcastle,GK,45,Leeds,False,a,0.060485344
4,273,Dillon_Phillips,Phillips,Hull City,GK,40,Chelsea,False,a,0.060093075
4,424,Harry_Amass,Amass,Man Utd,DEF,40,Man City,True,a,0.059718862
4,292,Abdülkadir_Ömür,Ömür,Hull City,MID,49,Chelsea,False,a,0.057888012
4,640,Zian_Flemming,Flemming,Ipswich Town,FWD,55,Crystal Palace,False,a,0.057095934
4,355,Harvey_Davies,Davies,Liverpool,GK,40,Fulham,True,a,0.05658805
4,288,Kieran_Dowell,Dowell,Hull City,MID,45,Chelsea,False,a,0.055196315
4,638,Brooke_Norton-Cuffy,Norton-Cuffy,Hull City,DEF,40,Chelsea,False,a,0.053775087
4,438,Tyler_Fletcher,Fletcher,Man Utd,MID,45,Man City,True,a,0.052912995
4,625,Alex_Cairns,Cairns,Leeds,GK,40,Newcastle,True,a,0.052429087
4,437,Bendito_Mantato,Bendito Mantato,Man Utd,MID,45,Man City,True,a,0.051969066
4,603,Jayden_Lienou,Lienou,Leeds,DEF,40,Newcastle,True,a,0.050052166
4,170,Emmanuel_Emegha,Emegha,Chelsea,FWD,50,Hull City,True,a,0.04564105
4,632,Ilyas_Ansah,Ansah,Hull City,FWD,50,Chelsea,False,a,0.04514152
4,531,Melker_Ellborg,Ellborg,Sunderland,GK,45,Arsenal,True,a,0.045064893
4,169,Shumaira_Mheuka,Mheuka,Chelsea,FWD,45,Hull City,True,a,0.043702833
4,637,Robinio_Vaz,Vaz,Hull City,FWD,50,Chelsea,False,a,0.043148298
4,382,Jayden_Danns,Danns,Liverpool,FWD,45,Fulham,True,a,0.04196637
4,284,Cathal_McCarthy,McCarthy,Hull City,DEF,40,Chelsea,False,a,0.040520214
4,6,William_Saliba,Saliba,Arsenal,DEF,60,Sunderland,False,i,0.0
4,18,Gabriel_Martinelli Silva,Martinelli,Arsenal,MID,63,Sunderland,False,u,0.0
4,21,Christian_Nørgaard,Nørgaard,Everton,MID,49,Spurs,False,i,0.0
4,22,Ethan_Nwaneri,Nwaneri,Arsenal,MID,54,Sunderland,False,u,0.0
4,23,Fábio_Ferreira Vieira,Fábio Vieira,Arsenal,MID,55,Sunderland,False,u,0.0
4,24,Reiss_Nelson,Nelson,Arsenal,MID,55,Sunderland,False,u,0.0
4,27,Gabriel_Fernando de Jesus,G.Jesus,Arsenal,FWD,59,Sunderland,False,u,0.0
4,30,Lucas_Digne,Digne,Aston Villa,DEF,45,Nott'm Forest,True,u,0.0
4,39,Kosta_Nedeljkovic,Nedeljkovic,Aston Villa,DEF,40,Nott'm Forest,True,u,0.0
4,44,Leon_Bailey,Bailey,Aston Villa,MID,54,Nott'm Forest,True,u,0.0
4,48,Amadou_Onana,Onana,Aston Villa,MID,50,Nott'm Forest,True,i,0.0
4,49,Samuel_Iling-Junior,Iling Jr,Aston Villa,MID,50,Nott'm Forest,True,u,0.0
4,53,Johan_Manzambi,Manzambi,Aston Villa,MID,59,Nott'm Forest,True,i,0.0
4,54,Joao_Gomes,Gomes,Aston Villa,MID,55,Nott'm Forest,True,s,0.0
4,55,Ollie_Watkins,Watkins,Aston Villa,FWD,78,Nott'm Forest,True,u,0.0
4,59,Will_Dennis,Dennis,Bournemouth,GK,40,Brentford,True,u,0.0
4,63,Veljko_Milosavljevic,Milosavljević,Bournemouth,DEF,50,Brentford,True,i,0.0
4,65,Julián_Araujo Zúñiga,J.Araujo,Bournemouth,DEF,45,Brentford,True,i,0.0
4,77,Amine_Adli,Adli,Bournemouth,MID,49,Brentford,True,i,0.0
4,78,Junior_Kroupi,Kroupi.Jr,Bournemouth,MID,74,Brentford,True,i,0.0
4,80,Enes_Ünal,Enes Ünal,Bournemouth,FWD,55,Brentford,True,u,0.0
4,85,Sepp_van den Berg,Van den Berg,Brentford,DEF,49,Bournemouth,False,i,0.0
4,97,Mathias_Jensen,Jensen,Brentford,MID,55,Bournemouth,False,i,0.0
4,99,Antoni_Milambo,Milambo,Brentford,MID,50,Bournemouth,False,i,0.0
4,103,Josh_Dasilva,Dasilva,Brentford,MID,50,Bournemouth,False,i,0.0
4,118,Igor Julio_dos Santos de Paulo,Igor,Brighton,DEF,45,Coventry City,False,u,0.0
4,121,Mitoma_Kaoru,Mitoma,Brighton,MID,60,Coventry City,False,i,0.0
4,122,Yankuba_Minteh,Minteh,Brighton,MID,59,Coventry City,False,i,0.0
4,128,Facundo_Buonanotte,Buonanotte,Brighton,MID,50,Coventry City,False,u,0.0
4,130,Mats_Wieffer,Wieffer,Brighton,DEF,50,Coventry City,False,i,0.0
4,131,Carlos_Baleba,Baleba,Man Utd,MID,50,Man City,True,i,0.0
4,132,Harry_Howell,Howell,Brighton,MID,45,Coventry City,False,u,0.0
4,133,Tom_Watson,Watson,Brighton,MID,50,Coventry City,False,u,0.0
4,137,Stefanos_Tzimas,Tzimas,Brighton,FWD,55,Coventry City,False,i,0.0
4,139,Evan_Ferguson,Ferguson,Brighton,FWD,50,Coventry City,False,i,0.0
4,140,Robert_Lynch Sánchez,Sánchez,Chelsea,GK,49,Hull City,True,u,0.0
4,141,Filip_Jörgensen,Jörgensen,Chelsea,GK,50,Hull City,True,u,0.0
4,143,Trevoh_Chalobah,Chalobah,Chelsea,DEF,55,Hull City,True,u,0.0
4,146,Benoît_Badiashile Mukinayi,B.Badiashile,Chelsea,DEF,45,Hull City,True,u,0.0
4,150,Mamadou_Sarr,M.Sarr,Chelsea,DEF,45,Hull City,True,u,0.0
4,163,Dário_Luís Essugo,D.Essugo,Chelsea,MID,45,Hull City,True,u,0.0
4,168,Marc_Guiu Paz,Marc Guiu,Chelsea,FWD,50,Hull City,True,u,0.0
4,171,Oliver_Dovin,Dovin,Coventry City,GK,40,Brighton,True,u,0.0
4,174,Liam_Kitching,Kitching,Coventry City,DEF,40,Brighton,True,u,0.0
4,177,Kaine_Kesler-Hayden,Kesler-Hayden,Coventry City,DEF,40,Brighton,True,i,0.0
4,180,Luke_Woolfenden,Woolfenden,Coventry City,DEF,40,Brighton,True,i,0.0
4,181,Miguel_Brau,Brau,Coventry City,DEF,40,Brighton,True,u,0.0
4,191,Raphael_Borges Rodrigues,Borges Rodrigues,Coventry City,MID,45,Brighton,True,u,0.0
4,192,Kai_Andrews,Andrews,Coventry City,MID,45,Brighton,True,u,0.0
4,193,Haji_Wright,Wright,Coventry City,FWD,54,Brighton,True,i,0.0
4,196,Jahnoah_Markelo,Markelo,Coventry City,FWD,50,Brighton,True,u,0.0
4,197,Norman_Bassette,Bassette,Coventry City,FWD,45,Brighton,True,u,0.0
4,205,Borna_Sosa,Sosa,Crystal Palace,DEF,45,Ipswich Town,True,u,0.0
4,206,Chadi_Riad Dnanou,Chadi Riad,Crystal Palace,DEF,44,Ipswich Town,True,i,0.0
4,208,Ismaïla_Sarr,Sarr,Crystal Palace,MID,63,Ipswich Town,True,i,0.0
4,215,Justin_Devenny,Devenny,Crystal Palace,MID,50,Ipswich Town,True,u,0.0
4,216,Romain_Esse,Esse,Crystal Palace,MID,50,Ipswich Town,True,u,0.0
4,220,Rio_Cardines,Cardines,Crystal Palace,DEF,45,Ipswich Town,True,u,0.0
4,223,Jean-Philippe_Mateta,Mateta,Crystal Palace,FWD,64,Ipswich Town,True,i,0.0
4,225,Christantus_Uche,Uche,Crystal Palace,FWD,50,Ipswich Town,True,u,0.0
4,234,Nathan_Patterson,Patterson,Everton,DEF,45,Spurs,False,u,0.0
4,235,Adam_Aznou,Aznou,Everton,DEF,40,Spurs,False,u,0.0
4,248,Norberto Bercique_Gomes Betuncal,Beto,Everton,FWD,54,Spurs,False,u,0.0
4,252,Alfie_McNally,McNally,Fulham,GK,40,Liverpool,False,u,0.0
4,266,Tom_Cairney,Cairney,Fulham,MID,50,Liverpool,False,i,0.0
4,274,Jack_Butland,Butland,Hull City,GK,45,Chelsea,False,i,0.0
4,275,Harvey_Cartwright,Cartwright,Hull City,GK,40,Chelsea,False,u,0.0
4,276,Thimothée_Lo-Tutala,Lo-Tutala,Hull City,GK,40,Chelsea,False,u,0.0
4,278,Charlie_Hughes,Hughes,Hull City,DEF,40,Chelsea,False,i,0.0
4,281,Cody_Drameh,Drameh,Hull City,DEF,40,Chelsea,False,u,0.0
4,283,Matty_Jacob,Jacob,Hull City,DEF,40,Chelsea,False,u,0.0
4,287,Liam_Millar,Millar,Hull City,MID,50,Chelsea,False,u,0.0
4,291,Eliot_Matazo,Matazo,Hull City,MID,45,Chelsea,False,i,0.0
4,293,Abu_Kamara,Kamara,Hull City,MID,50,Chelsea,False,u,0.0
4,294,Óscar_Zambrano,Zambrano,Hull City,MID,45,Chelsea,False,i,0.0
4,297,Darko_Gyabi,Gyabi,Hull City,MID,45,Chelsea,False,i,0.0
4,298,Enis_Destan,Destan,Hull City,FWD,45,Chelsea,False,u,0.0
4,299,Mason_Burstow,Burstow,Hull City,FWD,45,Chelsea,False,u,0.0
4,307,Ben_Johnson,Johnson,Ipswich Town,DEF,40,Crystal Palace,False,u,0.0
4,310,Azor_Matusiwa,Matusiwa,Ipswich Town,MID,50,Crystal Palace,False,i,0.0
4,311,Wes_Burns,Burns,Ipswich Town,MID,50,Crystal Palace,False,u,0.0
4,312,Jack_Taylor,Taylor,Ipswich Town,MID,45,Crystal Palace,False,i,0.0
4,314,Chiedozie_Ogbene,Ogbene,Ipswich Town,MID,49,Crystal Palace,False,u,0.0
4,317,George_Hirst,Hirst,Ipswich Town,FWD,50,Crystal Palace,False,u,0.0
4,318,Jaden_Philogene,Philogene,Ipswich Town,MID,54,Crystal Palace,False,i,0.0
4,319,Sam_Szmodics,Szmodics,Ipswich Town,MID,50,Crystal Palace,False,u,0.0
4,322,Ali_Al-Hamadi,Al-Hamadi,Ipswich Town,FWD,50,Crystal Palace,False,u,0.0
4,326,Lucas Estella_Perri,Perri,Leeds,GK,45,Newcastle,True,u,0.0
4,329,Joe_Rodon,Rodon,Leeds,DEF,45,Newcastle,True,i,0.0
4,333,Sebastiaan_Bornauw,Bornauw,Leeds,DEF,45,Newcastle,True,u,0.0
4,341,Wilfried_Gnonto,Gnonto,Leeds,MID,50,Newcastle,True,u,0.0
4,342,Jack_Harrison,Harrison,Leeds,MID,50,Newcastle,True,u,0.0
4,348,Joël_Piroe,Piroe,Leeds,FWD,50,Newcastle,True,u,0.0
4,349,Mateo_Joseph Fernández-Regatillo,Mateo Joseph,Leeds,FWD,45,Newcastle,True,i,0.0
4,353,Armin_Pecsi,Pecsi,Liverpool,GK,40,Fulham,True,u,0.0
4,354,Vitezslav_Jaros,Jaros,Liverpool,GK,40,Fulham,True,i,0.0
4,359,Joe_Gomez,Gomez,Liverpool,DEF,50,Fulham,True,i,0.0
4,360,Conor_Bradley,Bradley,Liverpool,DEF,50,Fulham,True,i,0.0
4,363,Giovanni_Leoni,Leoni,Liverpool,DEF,40,Fulham,True,i,0.0
4,365,Calvin_Ramsay,Ramsay,Liverpool,DEF,40,Fulham,True,u,0.0
4,370,Federico_Chiesa,Chiesa,Liverpool,MID,54,Fulham,True,i,0.0
4,373,Curtis_Jones,C.Jones,Liverpool,MID,55,Fulham,True,u,0.0
4,376,Stefan_Bajčetić Maquieira,Bajcetic,Liverpool,MID,50,Fulham,True,u,0.0
4,380,Hugo_Ekitiké,Ekitiké,Liverpool,FWD,75,Fulham,True,i,0.0
4,383,Harvey_Elliott,Elliott,Liverpool,MID,54,Fulham,True,u,0.0
4,394,Max_Alleyne,Alleyne,Man City,DEF,50,Man Utd,False,u,0.0
4,400,Jérémy_Doku,Doku,Man City,MID,74,Man Utd,False,i,0.0
4,402,Rodrigo 'Rodri'_Hernandez Cascante,Rodrigo,Man City,MID,65,Man Utd,False,u,0.0
4,404,Tijjani_Reijnders,Reijnders,Man City,MID,60,Man Utd,False,u,0.0
4,407,Claudio_Echeverri,Echeverri,Man City,MID,49,Man Utd,False,u,0.0
4,408,Kalvin_Phillips,Phillips,Man City,MID,50,Man Utd,False,u,0.0
4,409,Divine_Mukasa,Mukasa,Man City,MID,45,Man Utd,False,u,0.0
4,410,Jeremy_Monga,Monga,Man City,MID,49,Man Utd,False,u,0.0
4,413,Altay_Bayındır,Bayindir,Man Utd,GK,45,Man City,True,u,0.0
4,414,Tom_Heaton,Heaton,Man Utd,GK,40,Man City,True,i,0.0
4,416,Matthijs_de Ligt,De Ligt,Man Utd,DEF,50,Man City,True,i,0.0
4,425,Tyler_Fredricson,Fredricson,Man Utd,DEF,40,Man City,True,u,0.0
4,431,Amad_Diallo,Amad,Man Utd,MID,58,Man City,True,i,0.0
4,433,Manuel_Ugarte Ribeiro,Ugarte,Man Utd,MID,50,Man City,True,i,0.0
4,436,Toby_Collyer,Collyer,Man Utd,MID,50,Man City,True,u,0.0
4,448,Dan_Burn,Burn,Newcastle,DEF,49,Leeds,False,i,0.0
4,450,Tino_Livramento,Livramento,Newcastle,DEF,49,Leeds,False,i,0.0
4,451,Alex_Murphy,A.Murphy,Newcastle,DEF,40,Leeds,False,u,0.0
4,458,Joelinton Cássio_Apolinário de Lira,Joelinton,Newcastle,MID,54,Leeds,False,i,0.0
4,463,Nick_Woltemade,Woltemade,Newcastle,FWD,59,Leeds,False,u,0.0
4,465,William_Osula,Osula,Newcastle,FWD,59,Leeds,False,i,0.0
4,466,Sean_Neave,Neave,Newcastle,FWD,45,Leeds,False,u,0.0
4,470,Felipe_Rodrigues da Silva,Morato,Nott'm Forest,DEF,50,Aston Villa,False,u,0.0
4,475,Nicolò_Savona,Savona,Nott'm Forest,DEF,45,Aston Villa,False,i,0.0
4,477,Zach_Abbott,Abbott,Nott'm Forest,DEF,40,Aston Villa,False,u,0.0
4,479,Tyler_Bindon,Bindon,Nott'm Forest,DEF,40,Aston Villa,False,u,0.0
4,484,Omari_Hutchinson,Hutchinson,Nott'm Forest,MID,54,Aston Villa,False,u,0.0
4,485,Dilane_Bakwa,Bakwa,Nott'm Forest,MID,55,Aston Villa,False,u,0.0
4,494,Guglielmo_Vicario,Vicario,Spurs,GK,45,Everton,True,u,0.0
4,500,Cristian_Romero,Romero,Spurs,DEF,50,Everton,True,u,0.0
4,505,Djed_Spence,Spence,Spurs,DEF,45,Everton,True,u,0.0
4,507,Ashley_Phillips,Phillips,Spurs,DEF,45,Everton,True,u,0.0
4,511,João Victor_de Souza Menezes,Souza,Spurs,DEF,40,Everton,True,u,0.0
4,513,Xavi_Simons,Xavi,Spurs,MID,60,Everton,True,i,0.0
4,517,Wilson_Odobert,Odobert,Spurs,MID,55,Everton,True,i,0.0
4,518,Pape Matar_Sarr,P.M.Sarr,Spurs,MID,49,Everton,True,u,0.0
4,521,Dejan_Kulusevski,Kulusevski,Spurs,MID,65,Everton,True,i,0.0
4,523,Mikey_Moore,Moore,Spurs,MID,50,Everton,True,u,0.0
4,527,Richarlison_de Andrade,Richarlison,Spurs,FWD,59,Everton,True,u,0.0
4,528,Dane_Scarlett,Scarlett,Spurs,FWD,45,Everton,True,u,0.0
4,530,Anthony_Patterson,Patterson,Sunderland,GK,40,Arsenal,True,u,0.0
4,537,Jenson_Seelt,Seelt,Sunderland,DEF,45,Arsenal,True,u,0.0
4,538,Leo Fuhr_Hjelde,Hjelde,Sunderland,DEF,40,Arsenal,True,u,0.0
4,540,Arthur_Masuaku,Masuaku,Sunderland,DEF,40,Arsenal,True,u,0.0
4,543,Habib_Diarra,Diarra,Sunderland,MID,55,Arsenal,True,i,0.0
4,546,Simon_Adingra,Adingra,Sunderland,MID,49,Arsenal,True,u,0.0
4,554,Kayne_van Oevelen,Van Oevelen,Ipswich Town,GK,45,Crystal Palace,False,u,0.0
4,582,Brian_Madjo,Madjo,Aston Villa,FWD,55,Nott'm Forest,True,i,0.0
4,602,Cameron_Humphreys,Humphreys,Ipswich Town,MID,45,Crystal Palace,False,u,0.0
4,607,Luka_Lynch,Lynch,Aston Villa,MID,45,Nott'm Forest,True,u,0.0
4,624,Amario_Cozier-Duberry,Cozier-Duberry,Brighton,MID,50,Coventry City,False,u,0.0
4,652,Femi_Azeez,Azeez,Brighton,MID,55,Coventry City,False,i,0.0
5,411,Erling_Haaland,Haaland,Man City,FWD,155,Sunderland,True,a,6.870465
5,426,Bruno_Borges Fernandes,B.Fernandes,Man Utd,MID,120,Fulham,False,a,6.24576
5,398,Phil_Foden,Foden,Man City,MID,70,Sunderland,True,a,5.0033755
5,480,Morgan_Gibbs-White,Gibbs-White,Nott'm Forest,MID,79,Coventry City,True,a,4.9980927
5,379,Alexander_Isak,Isak,Liverpool,FWD,90,Bournemouth,False,a,4.9386425
5,388,Marc_Guéhi,Guéhi,Man City,DEF,60,Sunderland,True,a,4.857869
5,12,Bukayo_Saka,Saka,Arsenal,MID,95,Brighton,False,a,4.824949
5,249,Thierno_Barry,Barry,Everton,FWD,55,Ipswich Town,True,a,4.7918634
5,165,João Pedro_Junqueira de Jesus,João Pedro,Chelsea,FWD,77,Brentford,False,a,4.5850215
5,94,Kevin_Schade,Schade,Brentford,MID,60,Chelsea,True,a,4.536926
5,86,Keane_Lewis-Potter,Lewis-Potter,Brentford,MID,55,Chelsea,True,a,4.4611435
5,399,Rayan_Cherki,Cherki,Man City,MID,77,Sunderland,True,a,4.344197
5,68,Marcus_Tavernier,Tavernier,Bournemouth,MID,60,Liverpool,True,a,4.2352853
5,40,Morgan_Rogers,Rogers,Chelsea,MID,75,Brentford,False,a,4.2049074
5,428,Matheus_Santos Carneiro da Cunha,Cunha,Man Utd,MID,80,Fulham,False,a,4.1768026
5,356,Virgil_van Dijk,Virgil,Liverpool,DEF,65,Bournemouth,False,a,4.1599083
5,69,Alex_Scott,Scott,Bournemouth,MID,60,Liverpool,True,a,4.1561127
5,79,Francisco Evanilson_de Lima Barbosa,Evanilson,Bournemouth,FWD,60,Liverpool,True,a,4.1303706
5,483,Dan_Ndoye,Ndoye,Nott'm Forest,MID,55,Coventry City,True,a,4.127114
5,368,Dominik_Szoboszlai,Szoboszlai,Liverpool,MID,70,Bournemouth,False,a,4.100815
5,569,Gonzalo_García,Gonzalo,Fulham,FWD,60,Man Utd,True,a,4.0622697
5,236,Kiernan_Dewsbury-Hall,Dewsbury-Hall,Everton,MID,65,Ipswich Town,True,a,4.0466557
5,98,Vitaly_Janelt,Janelt,Brentford,MID,50,Chelsea,True,a,3.988454
5,384,Gianluigi_Donnarumma,Donnarumma,Man City,GK,55,Sunderland,True,a,3.9366088
5,367,Cody_Gakpo,Gakpo,Liverpool,MID,71,Bournemouth,False,a,3.9353862
5,229,James_Tarkowski,Tarkowski,Everton,DEF,60,Ipswich Town,True,a,3.8855746
5,335,Anton_Stach,Stach,Leeds,MID,60,Crystal Palace,True,a,3.8830512
5,346,Dominic_Calvert-Lewin,Calvert-Lewin,Leeds,FWD,60,Crystal Palace,True,a,3.8644888
5,230,Jarrad_Branthwaite,Branthwaite,Everton,DEF,55,Ipswich Town,True,a,3.8630276
5,366,Florian_Wirtz,Wirtz,Liverpool,MID,75,Bournemouth,False,a,3.849326
5,84,Nathan_Collins,Collins,Brentford,DEF,55,Chelsea,True,a,3.8209805
5,154,Cole_Palmer,Palmer,Chelsea,MID,96,Brentford,False,a,3.8110452
5,385,James_Trafford,Trafford,Leeds,GK,50,Crystal Palace,True,a,3.6950254
5,350,Alisson_Becker,A.Becker,Liverpool,GK,55,Bournemouth,False,a,3.6913903
5,472,Murillo_Costa dos Santos,Murillo,Nott'm Forest,DEF,55,Coventry City,True,a,3.6907604
5,334,Tarik_Muharemović,Muharemović,Leeds,DEF,50,Crystal Palace,True,a,3.6742394
5,82,Caoimhín_Kelleher,Kelleher,Brentford,GK,50,Chelsea,True,a,3.6706858
5,268,Josh_King,King,Fulham,MID,55,Man Utd,True,a,3.657814
5,469,Neco_Williams,N.Williams,Nott'm Forest,DEF,50,Coventry City,True,a,3.6458752
5,57,Đorđe_Petrović,Petrović,Bournemouth,GK,45,Liverpool,True,a,3.610566
5,464,Yoane_Wissa,Wissa,Newcastle,FWD,61,Hull City,True,a,3.598125
5,250,Bernd_Leno,Leno,Fulham,GK,45,Man Utd,True,a,3.5811708
5,627,Bradley_Barcola,Barcola,Liverpool,MID,80,Bournemouth,False,a,3.5752168
5,60,James_Hill,Hill,Bournemouth,DEF,55,Liverpool,True,a,3.5731435
5,244,Harrison_Armstrong,Armstrong,Everton,MID,50,Ipswich Town,True,a,3.5694528
5,127,Diego_Gómez Amarilla,Gomez,Brighton,MID,50,Arsenal,True,a,3.5673857
5,258,Timothy_Castagne,Castagne,Fulham,DEF,45,Man Utd,True,a,3.5659928
5,4,Gabriel_dos Santos Magalhães,Gabriel,Arsenal,DEF,80,Brighton,False,a,3.5459037
5,226,Jordan_Pickford,Pickford,Everton,GK,55,Ipswich Town,True,a,3.5299382
5,332,James_Justin,Justin,Leeds,DEF,45,Crystal Palace,True,a,3.5119448
5,591,Julio_Enciso,Enciso,Ipswich Town,MID,55,Everton,False,a,3.4215562
5,390,Rúben_dos Santos Gato Alves Dias,Rúben,Man City,DEF,55,Sunderland,True,a,3.4126718
5,377,Victor_Munoz,Munoz,Liverpool,MID,65,Bournemouth,False,a,3.4125738
5,397,Antoine_Semenyo,Semenyo,Man City,MID,85,Sunderland,True,a,3.402797
5,567,Lukás_Hornícek,Horníček,Newcastle,GK,50,Hull City,True,a,3.3969357
5,61,Adrien_Truffert,Truffert,Bournemouth,DEF,55,Liverpool,True,a,3.3883498
5,41,Emiliano_Buendía Stati,Buendía,Aston Villa,MID,60,Spurs,False,a,3.3830624
5,87,Kristoffer_Ajer,Ajer,Brentford,DEF,45,Chelsea,True,a,3.3130825
5,454,Anthony_Elanga,Elanga,Newcastle,MID,61,Hull City,True,a,3.3074028
5,597,Zion_Suzuki,Suzuki,Aston Villa,GK,50,Spurs,False,a,3.3065376
5,566,António João_Pereira de Albuquerque Tavares da Silva,Silva,Bournemouth,DEF,50,Liverpool,True,a,3.2937145
5,401,Omar_Marmoush,Marmoush,Spurs,FWD,70,Aston Villa,True,a,3.2928247
5,471,Nikola_Milenković,Milenković,Nott'm Forest,DEF,55,Coventry City,True,a,3.292232
5,88,Michael_Kayode,Kayode,Brentford,DEF,46,Chelsea,True,a,3.266594
5,233,Vitalii_Mykolenko,Mykolenko,Everton,DEF,45,Ipswich Town,True,a,3.2577372
5,467,Matz_Sels,Sels,Nott'm Forest,GK,50,Coventry City,True,a,3.248663
5,115,Maxim_De Cuyper,De Cuyper,Brighton,DEF,47,Arsenal,True,a,3.2450225
5,327,Jaka_Bijol,Bijol,Leeds,DEF,50,Crystal Palace,True,a,3.216896
5,391,Joško_Gvardiol,Gvardiol,Man City,DEF,56,Sunderland,True,a,3.2088766
5,106,Igor Thiago_Nascimento Rodrigues,Thiago,Brentford,FWD,80,Chelsea,True,a,3.2011545
5,261,Alex_Iwobi,Iwobi,Fulham,MID,55,Man Utd,True,a,3.184112
5,449,Lewis_Hall,Hall,Newcastle,DEF,51,Hull City,True,a,3.1788616
5,387,Nico_O'Reilly,O'Reilly,Man City,DEF,65,Sunderland,True,a,3.1755075
5,8,Riccardo_Calafiori,Calafiori,Arsenal,DEF,57,Brighton,False,a,3.1520238
5,499,Pedro_Porro Sauceda,Pedro Porro,Spurs,DEF,55,Aston Villa,True,a,3.1449327
5,445,Malick_Thiaw,Thiaw,Newcastle,DEF,50,Hull City,True,a,3.125213
5,254,Antonee_Robinson,Robinson,Fulham,DEF,45,Man Utd,True,a,3.097209
5,43,Youri_Tielemans,Tielemans,Man Utd,MID,59,Fulham,False,a,3.0646892
5,393,Abdukodir_Khusanov,Khusanov,Man City,DEF,55,Sunderland,True,a,3.0539885
5,473,Ola_Aina,Aina,Nott'm Forest,DEF,45,Coventry City,True,a,3.0522053
5,45,John_McGinn,McGinn,Aston Villa,MID,54,Spurs,False,a,3.0228455
5,432,Kobbie_Mainoo,Mainoo,Man Utd,MID,55,Fulham,False,a,3.004223
5,447,Sven_Botman,Botman,Newcastle,DEF,50,Hull City,True,a,3.00116
5,32,Matty_Cash,Cash,Aston Villa,DEF,45,Spurs,False,a,2.999728
5,1,David_Raya Martín,Raya,Arsenal,GK,60,Brighton,False,a,2.9995446
5,429,Marcus_Rashford,Rashford,Man Utd,MID,70,Fulham,False,a,2.9928756
5,70,Justin_Kluivert,Kluivert,Bournemouth,MID,60,Liverpool,True,a,2.9909506
5,544,Granit_Xhaka,Xhaka,Sunderland,MID,55,Man City,False,a,2.985787
5,572,Konstantinos_Tzolakis,Tzolakis,Hull City,GK,46,Newcastle,False,a,2.9689903
5,124,Pascal_Groß,Groß,Brighton,MID,55,Arsenal,True,a,2.9686975
5,257,Calvin_Bassey,Bassey,Fulham,DEF,45,Man Utd,True,a,2.9538417
5,481,Elliot_Anderson,Anderson,Man City,MID,64,Sunderland,True,a,2.9509635
5,26,Kai_Havertz,Havertz,Arsenal,FWD,75,Brighton,False,a,2.9490235
5,51,George_Hemmings,George Hemmings,Aston Villa,MID,45,Spurs,False,a,2.9463663
5,496,Antonín_Kinský,Kinsky,Spurs,GK,45,Aston Villa,True,a,2.9453871
5,338,Ethan_Ampadu,Ampadu,Leeds,MID,55,Crystal Palace,True,a,2.92946
5,486,James_McAtee,McAtee,Nott'm Forest,MID,55,Coventry City,True,a,2.9213705
5,330,Jayden_Bogle,Bogle,Leeds,DEF,45,Crystal Palace,True,a,2.899339
5,453,Harvey_Barnes,Barnes,Newcastle,MID,60,Hull City,True,a,2.8922863
5,10,Benjamin_White,White,Arsenal,DEF,55,Brighton,False,a,2.870828
5,565,Mamadou_Sangaré,M.Sangaré,Brentford,MID,57,Chelsea,True,a,2.8701618
5,67,Rayan Vitor_Simplício Rocha,Rayan,Bournemouth,MID,65,Liverpool,True,a,2.8541405
5,109,Bart_Verbruggen,Verbruggen,Brighton,GK,45,Arsenal,True,a,2.8499753
5,28,Emiliano_Martínez Romero,Martinez,Chelsea,GK,50,Brentford,False,a,2.8458488
5,514,Mathys_Tel,Tel,Spurs,MID,59,Aston Villa,True,a,2.8432255
5,362,Jeremy_Jacquet,Jacquet,Liverpool,DEF,50,Bournemouth,False,a,2.838579
5,224,Eddie_Nketiah,Nketiah,Crystal Palace,FWD,55,Leeds,False,a,2.773403
5,277,John_Egan,Egan,Hull City,DEF,40,Newcastle,False,a,2.770321
5,210,Adam_Wharton,Wharton,Crystal Palace,MID,55,Leeds,False,a,2.7655096
5,71,Lewis_Cook,Cook,Bournemouth,MID,50,Liverpool,True,a,2.7612941
5,15,Martin_Ødegaard,Ødegaard,Arsenal,MID,66,Brighton,False,a,2.753333
5,427,Bryan_Mbeumo,Mbeumo,Man Utd,MID,80,Fulham,False,a,2.7514062
5,198,Dean_Henderson,Henderson,Crystal Palace,GK,50,Leeds,False,a,2.7504058
5,47,Boubacar_Kamara,Kamara,Aston Villa,MID,50,Spurs,False,a,2.7441692
5,286,Mohamed_Belloumi,Belloumi,Hull City,MID,50,Newcastle,False,a,2.7404103
5,156,Pedro_Lomba Neto,Neto,Chelsea,MID,65,Brentford,False,a,2.7220533
5,242,Tyrique_George,George,Everton,MID,55,Ipswich Town,True,a,2.7189353
5,474,Jair_Paula da Cunha Filho,Jair Cunha,Nott'm Forest,DEF,45,Coventry City,True,a,2.6951492
5,320,Chuba_Akpom,Akpom,Ipswich Town,FWD,50,Everton,False,a,2.6918662
5,491,Igor Jesus_Maciel da Cruz,Igor Jesus,Nott'm Forest,FWD,59,Coventry City,True,a,2.687483
5,553,Wilson_Isidor,Isidor,Sunderland,FWD,55,Man City,False,a,2.65601
5,116,Lewis_Dunk,Dunk,Brighton,DEF,45,Arsenal,True,a,2.65042
5,36,Ian_Maatsen,Maatsen,Aston Villa,DEF,45,Spurs,False,a,2.6410913
5,34,Pau_Torres,Pau,Aston Villa,DEF,45,Spurs,False,a,2.6331103
5,265,Sander_Berge,Berge,Fulham,MID,50,Man Utd,True,a,2.6239893
5,166,Nicolas_Jackson,N.Jackson,Aston Villa,FWD,65,Spurs,False,a,2.616787
5,412,Senne_Lammens,Lammens,Man Utd,GK,50,Fulham,False,a,2.6057527
5,522,Archie_Gray,Gray,Spurs,MID,50,Aston Villa,True,a,2.6028335
5,460,Joe_Willock,Willock,Newcastle,MID,50,Hull City,True,a,2.5943158
5,504,Luka_Vušković,Vuskovic,Brighton,DEF,50,Arsenal,True,a,2.590757
5,167,Liam_Delap,Delap,Nott'm Forest,FWD,55,Coventry City,True,a,2.590159
5,46,Ross_Barkley,Barkley,Aston Villa,MID,50,Spurs,False,a,2.5856776
5,264,Oscar_Bobb,Bobb,Fulham,MID,55,Man Utd,True,a,2.5810912
5,357,Jeremie_Frimpong,Frimpong,Liverpool,DEF,55,Bournemouth,False,a,2.5687115
5,593,Amar_Dedic,Dedić,Newcastle,DEF,45,Hull City,True,a,2.5672786
5,290,Regan_Slater,Slater,Hull City,MID,45,Newcastle,False,a,2.5622718
5,246,Merlin_Röhl,Röhl,Everton,MID,50,Ipswich Town,True,a,2.5570602
5,295,Oli_McBurnie,McBurnie,Hull City,FWD,55,Newcastle,False,a,2.5565758
5,279,Semi_Ajayi,Ajayi,Hull City,DEF,41,Newcastle,False,a,2.5413918
5,214,Daichi_Kamada,Kamada,Crystal Palace,MID,50,Leeds,False,a,2.5382788
5,502,Andrew_Robertson,Robertson,Spurs,DEF,45,Aston Villa,True,a,2.5367727
5,605,Malick_Yalcouyé,Yalcouyé,Brighton,MID,45,Arsenal,True,a,2.5362968
5,372,Alexis_Mac Allister,Mac Allister,Liverpool,MID,55,Bournemouth,False,a,2.49366
5,211,Yéremy_Pino Santos,Yeremy,Crystal Palace,MID,55,Leeds,False,a,2.470346
5,570,César_Palacios,Palacios,Fulham,MID,55,Man Utd,True,a,2.4553022
5,64,Adam_Smith,Smith,Bournemouth,DEF,45,Liverpool,True,a,2.4442382
5,7,Myles_Lewis-Skelly,Lewis-Skelly,Arsenal,MID,55,Brighton,False,a,2.4290142
5,105,Jaidon_Anthony,Anthony,Brentford,MID,60,Chelsea,True,a,2.4269488
5,200,Maxence_Lacroix,Lacroix,Chelsea,DEF,60,Brentford,False,a,2.357249
5,358,Milos_Kerkez,Kerkez,Liverpool,DEF,55,Bournemouth,False,a,2.3477583
5,13,Declan_Rice,Rice,Arsenal,MID,75,Brighton,False,a,2.3434453
5,138,Charalampos_Kostoulas,Kostoulas,Brighton,FWD,55,Arsenal,True,a,2.3369224
5,173,Bobby_Thomas,Thomas,Coventry City,DEF,40,Nott'm Forest,False,a,2.3348196
5,516,Rodrigo_Bentancur,Bentancur,Spurs,MID,55,Aston Villa,True,a,2.3232002
5,371,Ryan_Gravenberch,Gravenberch,Liverpool,MID,60,Bournemouth,False,a,2.3156855
5,459,Lewis_Miley,L.Miley,Newcastle,MID,55,Hull City,True,a,2.2870708
5,336,Noah_Okafor,Okafor,Leeds,MID,59,Crystal Palace,True,a,2.2813253
5,95,Dango_Ouattara,O.Dango,Brentford,MID,65,Chelsea,True,a,2.2634978
5,558,Xaver_Schlager,Schlager,Nott'm Forest,MID,50,Coventry City,True,a,2.2588577
5,202,Chris_Richards,Richards,Crystal Palace,DEF,50,Leeds,False,a,2.2558444
5,253,Joachim_Andersen,Andersen,Fulham,DEF,50,Man Utd,True,a,2.2360399
5,114,Olivier_Boscagli,Boscagli,Brighton,DEF,45,Arsenal,True,a,2.2304742
5,545,Noah_Sadiki,Sadiki,Sunderland,MID,50,Man City,False,a,2.197831
5,315,Abdul_Fatawu,Fatawu,Ipswich Town,MID,55,Everton,False,a,2.1897402
5,529,Robin_Roefs,Roefs,Sunderland,GK,50,Man City,False,a,2.1810899
5,161,Roméo_Lavia,Lavia,Chelsea,MID,50,Brentford,False,a,2.1636844
5,184,Matt_Grimes,Grimes,Coventry City,MID,50,Nott'm Forest,False,a,2.1546643
5,96,Mikkel_Damsgaard,Damsgaard,Brentford,MID,55,Chelsea,True,a,2.1450505
5,267,Saša_Lukić,Lukić,Ipswich Town,MID,50,Everton,False,a,2.1368766
5,259,Issa_Diop,Diop,Ipswich Town,DEF,40,Everton,False,a,2.1293256
5,337,Brenden_Aaronson,Aaronson,Leeds,MID,55,Crystal Palace,True,a,2.1050646
5,144,Malo_Gusto,Gusto,Chelsea,DEF,50,Brentford,False,a,2.0960095
5,155,Enzo_Fernández,Enzo,Man City,MID,69,Sunderland,True,a,2.0821555
5,525,Mateus_Fernandes,Fernandes,Spurs,MID,59,Aston Villa,True,a,2.0568511
5,316,Emersonn_Correia da Silva,Emersonn,Ipswich Town,FWD,55,Everton,False,a,2.0458374
5,282,Ryan_Giles,Giles,Hull City,DEF,40,Newcastle,False,a,2.0220294
5,37,Victor_Lindelöf,Lindelöf,Aston Villa,DEF,45,Spurs,False,a,2.010079
5,239,James_Garner,Garner,Everton,MID,60,Ipswich Town,True,a,1.9618044
5,455,Sandro_Tonali,Tonali,Spurs,MID,54,Aston Villa,True,a,1.9554676
5,190,Loum_Tchaouna,Tchaouna,Coventry City,MID,55,Nott'm Forest,False,a,1.954639
5,503,Micky_van de Ven,Van de Ven,Spurs,DEF,50,Aston Villa,True,a,1.9262408
5,194,Brandon_Thomas-Asante,Thomas-Asante,Coventry City,FWD,50,Nott'm Forest,False,a,1.9182727
5,222,Jørgen_Strand Larsen,Strand Larsen,Crystal Palace,FWD,60,Leeds,False,a,1.8984501
5,238,Jack_Grealish,Grealish,Everton,MID,65,Ipswich Town,True,a,1.8949544
5,611,Aaron_Wan-Bissaka,Wan-Bissaka,Aston Villa,DEF,45,Spurs,False,a,1.8940367
5,247,Hayden_Hackney,Hackney,Everton,MID,55,Ipswich Town,True,a,1.8867123
5,405,Nico_González Iglesias,N.Gonzalez,Newcastle,MID,55,Hull City,True,a,1.8841321
5,562,Daizen_Maeda,Maeda,Ipswich Town,MID,55,Everton,False,a,1.8682861
5,533,Nordi_Mukiele,Mukiele,Sunderland,DEF,55,Man City,False,a,1.8598171
5,551,Nilson_Angulo,N.Angulo,Sunderland,MID,50,Man City,False,a,1.8593224
5,536,Reinildo_Mandava,Reinildo,Sunderland,DEF,45,Man City,False,a,1.8545616
5,110,Carl_Rushworth,Rushworth,Coventry City,GK,45,Nott'm Forest,False,a,1.8500305
5,575,Caleb_Yirenkyi,Yirenkyi,Coventry City,MID,50,Nott'm Forest,False,a,1.8290776
5,31,Ezri_Konsa Ngoyo,Konsa,Arsenal,DEF,44,Brighton,False,a,1.8259238
5,564,Kjell_Scherpen,Scherpen,Ipswich Town,GK,45,Everton,False,a,1.8230577
5,417,Diogo_Dalot Teixeira,Dalot,Man Utd,DEF,50,Fulham,False,a,1.7533803
5,309,Marcelino_Núñez,Núñez,Ipswich Town,MID,50,Everton,False,a,1.7466245
5,183,Jack_Rudoni,Rudoni,Coventry City,MID,50,Nott'm Forest,False,a,1.7408088
5,576,Elliot_Stroud,Stroud,Hull City,MID,50,Newcastle,False,a,1.7405157
5,419,Lisandro_Martínez,Martinez,Man Utd,DEF,50,Fulham,False,a,1.7217876
5,148,Jorrel_Hato,Hato,Chelsea,DEF,45,Brentford,False,a,1.7164431
5,439,Benjamin_Sesko,Šeško,Man Utd,FWD,70,Fulham,False,a,1.7124232
5,201,Daniel_Muñoz Mejía,Muñoz,Nott'm Forest,DEF,54,Coventry City,True,a,1.688268
5,204,Tyrick_Mitchell,Mitchell,Crystal Palace,DEF,45,Leeds,False,a,1.6568195
5,112,Jan Paul_van Hecke,Van Hecke,Spurs,DEF,49,Aston Villa,True,a,1.637392
5,113,Ferdi_Kadıoğlu,F.Kadıoğlu,Brighton,DEF,44,Arsenal,True,a,1.574911
5,203,Jaydee_Canvot,Canvot,Crystal Palace,DEF,49,Leeds,False,a,1.5741605
5,541,Thomas_Meunier,Meunier,Sunderland,DEF,45,Man City,False,a,1.5651565
5,586,Nobel_Mendy,Mendy,Hull City,DEF,40,Newcastle,False,a,1.5576895
5,552,Brian_Brobbey,Brobbey,Sunderland,FWD,59,Man City,False,a,1.5468739
5,73,Tyler_Adams,Adams,Bournemouth,MID,50,Liverpool,True,a,1.5467658
5,534,Trai_Hume,Hume,Sunderland,DEF,45,Man City,False,a,1.5341578
5,305,Leif_Davis,Davis,Ipswich Town,DEF,40,Everton,False,a,1.5333114
5,345,Tanaka_Ao,Tanaka,Leeds,MID,49,Crystal Palace,True,a,1.52746
5,492,Taiwo_Awoniyi,Awoniyi,Coventry City,FWD,55,Nott'm Forest,False,a,1.5111986
5,241,Dwight_McNeil,McNeil,Crystal Palace,MID,55,Leeds,False,a,1.5065308
5,506,Destiny_Udogie,Udogie,Spurs,DEF,45,Aston Villa,True,a,1.4946783
5,418,Harry_Maguire,Maguire,Man Utd,DEF,50,Fulham,False,a,1.4760658
5,588,Anan_Khalaili,Khalaili,Crystal Palace,DEF,50,Leeds,False,a,1.4601018
5,255,Jorge_Cuenca Barreno,J.Cuenca,Fulham,DEF,45,Man Utd,True,a,1.4540339
5,209,Brennan_Johnson,Johnson,Everton,MID,59,Ipswich Town,True,a,1.4379011
5,195,Ellis_Simms,Simms,Coventry City,FWD,50,Nott'm Forest,False,a,1.4373128
5,175,Milan_van Ewijk,van Ewijk,Coventry City,DEF,40,Nott'm Forest,False,a,1.426746
5,29,Marco_Bizot,M.Bizot,Aston Villa,GK,45,Spurs,False,a,1.4156547
5,151,Josh_Acheampong,Acheampong,Chelsea,DEF,45,Brentford,False,a,1.4090155
5,149,Levi_Samuels Colwill,Colwill,Chelsea,DEF,50,Brentford,False,a,1.4058312
5,512,Mohammed_Kudus,Kudus,Spurs,MID,65,Aston Villa,True,a,1.4037993
5,162,Andrey_Nascimento dos Santos,Andrey Santos,Man Utd,MID,49,Fulham,False,a,1.4035047
5,176,Jay_Dasilva,Dasilva,Coventry City,DEF,40,Nott'm Forest,False,a,1.403121
5,123,Jack_Hinshelwood,Hinshelwood,Brighton,MID,60,Arsenal,True,d,1.3897649
5,532,Daniel_Ballard,Ballard,Sunderland,DEF,50,Man City,False,a,1.3652363
5,108,Callum_Wilson,Wilson,Brentford,FWD,55,Chelsea,True,a,1.3578159
5,142,Reece_James,James,Chelsea,DEF,55,Brentford,False,a,1.3281516
5,304,Dara_O'Shea,O'Shea,Ipswich Town,DEF,40,Everton,False,a,1.3249272
5,616,Ayyoub_Bouaddi,Bouaddi,Man City,MID,55,Sunderland,True,a,1.3204999
5,422,Noussair_Mazraoui,Mazraoui,Man Utd,DEF,45,Fulham,False,a,1.3179435
5,269,Ryan_Sessegnon,Sessegnon,Fulham,DEF,45,Man Utd,True,a,1.3052412
5,580,Shea_Charles,Charles,Fulham,MID,50,Man Utd,True,a,1.3032001
5,14,Eberechi_Eze,Eze,Arsenal,MID,64,Brighton,False,a,1.2906827
5,42,Evann_Guessand,Guessand,Crystal Palace,MID,55,Leeds,False,a,1.2882346
5,395,Rico_Lewis,Lewis,Man City,DEF,45,Sunderland,True,a,1.2867931
5,598,Nico_Elvedi,Elvedi,Leeds,DEF,45,Crystal Palace,True,a,1.2530216
5,526,Dominic_Solanke-Mitchell,Solanke,Spurs,FWD,59,Aston Villa,True,a,1.240653
5,182,Aurèle_Amenda,Amenda,Coventry City,DEF,40,Nott'm Forest,False,a,1.2377654
5,188,Victor_Torp,Torp,Coventry City,MID,54,Nott'm Forest,False,a,1.2342976
5,237,Iliman_Ndiaye,Ndiaye,Man City,MID,60,Sunderland,True,a,1.2318761
5,160,Alejandro_Garnacho Ferreyra,Garnacho,Aston Villa,MID,59,Spurs,False,a,1.23173
5,145,Wesley_Fofana,Fofana,Chelsea,DEF,50,Brentford,False,a,1.2185564
5,125,Georginio_Rutter,Georginio,Brighton,FWD,55,Arsenal,True,d,1.2057236
5,498,Marcos_Senesi Barón,Senesi,Spurs,DEF,59,Aston Villa,True,a,1.2035527
5,186,Ephron_Mason-Clark,Mason-Clark,Coventry City,MID,54,Nott'm Forest,False,a,1.2003753
5,583,Pep_Chavarría,Chavarria,Chelsea,DEF,50,Brentford,False,a,1.1981851
5,520,Lucas_Bergvall,Bergvall,Spurs,MID,54,Aston Villa,True,a,1.1966457
5,343,Daniel_James,James,Leeds,MID,50,Crystal Palace,True,a,1.1952192
5,33,Tyrone_Mings,Mings,Aston Villa,DEF,45,Spurs,False,a,1.1943976
5,102,Yehor_Yarmoliuk,Yarmoliuk,Brentford,MID,49,Chelsea,True,a,1.1943302
5,17,Mikel_Merino Zazón,Merino,Arsenal,MID,59,Brighton,False,a,1.1746814
5,260,Harry_Wilson,Wilson,Leeds,MID,64,Crystal Palace,True,a,1.1705645
5,364,Kostas_Tsimikas,Tsimikas,Liverpool,DEF,50,Bournemouth,False,a,1.1532127
5,104,Frank_Onyeka,Onyeka,Coventry City,MID,50,Nott'm Forest,False,a,1.144331
5,621,Ryan_McAidoo,McAidoo,Man City,MID,45,Sunderland,True,a,1.1310811
5,306,Jacob_Greaves,Greaves,Ipswich Town,DEF,40,Everton,False,a,1.1272082
5,90,Aaron_Hickey,Hickey,Brentford,DEF,45,Chelsea,True,a,1.1239071
5,421,Ayden_Heaven,Heaven,Man Utd,DEF,45,Fulham,False,a,1.122666
5,619,Exequiel_Palacios,Palacios,Ipswich Town,MID,50,Everton,False,a,1.1187238
5,406,Mateo_Kovačić,Kovačić,Man City,MID,55,Sunderland,True,a,1.1161636
5,262,Emile_Smith Rowe,Smith Rowe,Fulham,MID,55,Man Utd,True,a,1.1094992
5,263,Kevin_Santos Lopes de Macedo,Kevin,Fulham,MID,54,Man Utd,True,a,1.1045036
5,129,Yasin_Ayari,Ayari,Brighton,MID,54,Arsenal,True,d,1.1008172
5,462,Sean_Steur,Steur,Newcastle,MID,50,Hull City,True,a,1.1005523
5,584,Gustavo_Hamer,Hamer,Coventry City,MID,55,Nott'm Forest,False,a,1.093747
5,457,Jacob_Murphy,J.Murphy,Newcastle,MID,59,Hull City,True,a,1.0899736
5,577,Takehiro_Tomiyasu,Tomiyasu,Crystal Palace,DEF,45,Leeds,False,a,1.087787
5,519,Conor_Gallagher,Gallagher,Spurs,MID,54,Aston Villa,True,a,1.0853845
5,490,Chris_Wood,Wood,Nott'm Forest,FWD,59,Coventry City,True,a,1.0850884
5,600,Ibrahim_Osman,Osman,Brighton,MID,50,Arsenal,True,a,1.0689596
5,456,Jacob_Ramsey,J.Ramsey,Newcastle,MID,50,Hull City,True,a,1.0625663
5,19,Martín_Zubimendi Ibáñez,Zubimendi,Arsenal,MID,54,Brighton,False,a,1.0619813
5,289,Matt_Crooks,Crooks,Hull City,MID,45,Newcastle,False,d,1.0590992
5,11,Cristhian_Mosquera,Mosquera,Arsenal,DEF,55,Brighton,False,d,1.0524949
5,389,Matheus_Nunes,Matheus N.,Man City,DEF,59,Sunderland,True,a,1.0523287
5,347,Lukas_Nmecha,Nmecha,Leeds,FWD,55,Crystal Palace,True,a,1.0516324
5,323,Kasey_McAteer,McAteer,Ipswich Town,MID,45,Everton,False,a,1.0373479
5,119,João Pedro_Loureiro da Costa,Costinha,Brighton,DEF,45,Arsenal,True,a,1.0344002
5,478,Luca_Netz,Netz,Nott'm Forest,DEF,45,Coventry City,True,a,1.029989
5,415,Patrick_Dorgu,Dorgu,Man Utd,MID,59,Fulham,False,a,1.0175346
5,420,Leny_Yoro,Yoro,Man Utd,DEF,49,Fulham,False,a,1.0055285
5,35,Lamare_Bogarde,Bogarde,Aston Villa,MID,50,Spurs,False,a,1.003027
5,280,Lewie_Coyle,Coyle,Hull City,DEF,40,Newcastle,False,d,1.0009665
5,369,Rio_Ngumoha,Ngumoha,Liverpool,MID,59,Bournemouth,False,a,0.9728095
5,313,Jack_Clarke,Clarke,Ipswich Town,MID,55,Everton,False,a,0.96668696
5,52,Alysson Edward Franco_da Rocha dos Santos,Alysson,Aston Villa,MID,50,Spurs,False,a,0.9386445
5,557,Christos_Tzolis,Tzolis,Arsenal,MID,65,Brighton,False,a,0.9366712
5,403,Sávio_Moreira de Oliveira,Sávio,Spurs,MID,65,Aston Villa,True,a,0.9360282
5,589,Lucas_Gourna-Douath,Gourna-Douath,Hull City,MID,50,Newcastle,False,a,0.9283013
5,16,Noni_Madueke,Madueke,Arsenal,MID,63,Brighton,False,a,0.9256761
5,452,Bruno_Guimarães Rodriguez Moura,Bruno G.,Arsenal,MID,68,Brighton,False,d,0.9218199
5,488,Ibrahim_Sangaré,I.Sangaré,Nott'm Forest,MID,49,Coventry City,True,a,0.9165138
5,563,Hidemasa_Morita,Morita,Hull City,MID,50,Newcastle,False,a,0.90810186
5,185,Tatsuhiro_Sakamoto,Sakamoto,Coventry City,MID,49,Nott'm Forest,False,a,0.87444973
5,321,Sindre_Walle Egeli,Walle Egeli,Ipswich Town,FWD,45,Everton,False,a,0.8701504
5,579,Ronald_Araujo,Araujo,Liverpool,DEF,54,Bournemouth,False,a,0.8692039
5,542,Enzo_Le Fée,E.Le Fée,Sunderland,MID,59,Man City,False,a,0.86865443
5,617,Mohamed-Ali_Cho,Cho,Hull City,MID,50,Newcastle,False,a,0.8520051
5,548,Chris_Rigg,Rigg,Sunderland,MID,50,Man City,False,a,0.8368493
5,423,Luke_Shaw,Shaw,Man Utd,DEF,45,Fulham,False,a,0.8347127
5,608,Daniel_Jebbison,Jebbison,Bournemouth,FWD,50,Liverpool,True,a,0.8310713
5,549,Chemsdine_Talbi,Talbi,Sunderland,MID,54,Man City,False,a,0.8309673
5,515,James_Maddison,Maddison,Spurs,MID,64,Aston Villa,True,d,0.8260093
5,622,Kaden_Braithwaite,Braithwaite,Man City,DEF,40,Sunderland,True,a,0.79964113
5,585,Lucas_Herrington,Herrington,Hull City,DEF,40,Newcastle,False,a,0.7918914
5,243,Carlos_Alcaraz Durán,Alcaraz,Everton,MID,50,Ipswich Town,True,a,0.78157294
5,595,Zavier_Gozo,Gozo,Crystal Palace,MID,50,Leeds,False,a,0.78108203
5,74,David_Brooks,Brooks,Bournemouth,MID,50,Liverpool,True,a,0.7805605
5,482,Callum_Hudson-Odoi,Hudson-Odoi,Nott'm Forest,MID,59,Coventry City,True,a,0.77719164
5,56,Tammy_Abraham,Abraham,Aston Villa,FWD,55,Spurs,False,a,0.77445626
5,535,Omar_Alderete,Alderete,Sunderland,DEF,50,Man City,False,a,0.7739999
5,157,Estêvão_Almeida de Oliveira Gonçalves,Estêvão,Chelsea,MID,64,Brentford,False,a,0.77393526
5,596,Matteo_Ruggeri,Ruggeri,Aston Villa,DEF,45,Spurs,False,a,0.77162474
5,9,Piero_Hincapié,Hincapie,Arsenal,DEF,54,Brighton,False,a,0.771318
5,547,Romaine_Mundle,Mundle,Sunderland,MID,50,Man City,False,a,0.7708687
5,592,Abdoul_Ouattara,Ouattara,Ipswich Town,DEF,40,Everton,False,a,0.75745964
5,339,Sean_Longstaff,Longstaff,Leeds,MID,50,Crystal Palace,True,a,0.70879716
5,568,Valentín_Barco,Barco,Chelsea,MID,55,Brentford,False,a,0.7053068
5,539,Luke_O'Nien,O'Nien,Sunderland,DEF,40,Man City,False,a,0.6880752
5,76,Alex_Tóth,Tóth.A,Bournemouth,MID,50,Liverpool,True,a,0.67714775
5,381,Lewis_Koumas,Koumas,Liverpool,MID,50,Bournemouth,False,a,0.6760636
5,153,Axel_Disasi,Disasi,Crystal Palace,DEF,45,Leeds,False,a,0.64424133
5,375,Trey_Nyoni,Nyoni,Liverpool,MID,50,Bournemouth,False,a,0.6411084
5,446,Fabian_Schär,Schär,Newcastle,DEF,50,Hull City,True,a,0.6331071
5,135,Zadok_Yohanna,Yohanna,Brighton,MID,50,Arsenal,True,a,0.62366205
5,487,Nicolás_Domínguez,Dominguez,Nott'm Forest,MID,50,Coventry City,True,a,0.5987317
5,435,Shea_Lacey,Lacey,Man Utd,MID,50,Fulham,False,a,0.58916914
5,207,Oscar_Mingueza,Mingueza,Crystal Palace,DEF,44,Leeds,False,a,0.5885353
5,559,Aladji_Bamba,Bamba,Newcastle,MID,50,Hull City,True,a,0.56088376
5,271,Rodrigo_Muniz Carvalho,Muniz,Fulham,FWD,55,Man Utd,True,a,0.5500926
5,164,Geovany_Quenda,Quenda,Chelsea,MID,54,Brentford,False,a,0.54902476
5,75,Ryan_Christie,Christie,Bournemouth,MID,50,Liverpool,True,a,0.5484672
5,631,Ibrahim_Mbaye,Mbaye,Aston Villa,MID,60,Spurs,False,a,0.5190492
5,497,Martin_Dubravka,Dubravka,Spurs,GK,40,Aston Villa,True,a,0.50578976
5,461,Bazoumana_Touré,Touré,Newcastle,MID,59,Hull City,True,a,0.50000703
5,159,Moisés_Caicedo Corozo,Caicedo,Chelsea,MID,54,Brentford,False,d,0.49385858
5,618,Leon_Goretzka,Goretzka,Aston Villa,MID,60,Spurs,False,a,0.49369124
5,81,Álvaro_Rodríguez,Rodríguez,Bournemouth,FWD,60,Liverpool,True,a,0.4869653
5,91,Ethan_Pinnock,Pinnock,Coventry City,DEF,45,Nott'm Forest,False,a,0.47068945
5,89,Rico_Henry,Henry,Brentford,DEF,45,Chelsea,True,a,0.4598738
5,594,Promise_David,David,Brighton,FWD,60,Arsenal,True,a,0.4596302
5,620,El Hadji Malick_Diouf,Diouf,Brentford,DEF,45,Chelsea,True,a,0.44275236
5,489,Ryan_Yates,Yates,Nott'm Forest,MID,45,Coventry City,True,a,0.44022727
5,308,Darnell_Furlong,Furlong,Ipswich Town,DEF,40,Everton,False,a,0.4313131
5,578,Mykhailo_Mudryk,Mudryk,Spurs,MID,54,Aston Villa,True,a,0.39329788
5,72,Ben_Gannon-Doak,Gannon-Doak,Bournemouth,MID,50,Liverpool,True,a,0.37537685
5,111,Jason_Steele,Steele,Brighton,GK,40,Arsenal,True,a,0.36275724
5,25,Viktor_Gyökeres,Gyökeres,Arsenal,FWD,73,Brighton,False,a,0.34786582
5,581,Ousmane_Diomande,Diomande,Nott'm Forest,DEF,54,Coventry City,True,a,0.3383955
5,232,Jake_O'Brien,O'Brien,Everton,DEF,49,Ipswich Town,True,a,0.3344255
5,331,Gabriel_Gudmundsson,Gudmundsson,Leeds,DEF,45,Crystal Palace,True,a,0.33137104
5,240,Tim_Iroegbunam,Iroegbunam,Hull City,MID,50,Newcastle,False,a,0.32721114
5,328,Pascal_Struijk,Struijk,Brighton,DEF,50,Arsenal,True,a,0.3228002
5,396,Vitor_de Oliveira Nunes dos Reis,Vitor Reis,Man City,DEF,45,Sunderland,True,a,0.30343366
5,392,Rayan_Aït-Nouri,Aït-Nouri,Man City,DEF,54,Sunderland,True,a,0.2971979
5,38,Andrés_García,A.García,Aston Villa,DEF,40,Spurs,False,a,0.29017928
5,301,Alex_Palmer,Palmer,Ipswich Town,GK,40,Everton,False,a,0.28984627
5,626,Macauley_Zepa,Zepa,Fulham,MID,45,Man Utd,True,a,0.28172344
5,212,Will_Hughes,Hughes,Crystal Palace,MID,45,Leeds,False,a,0.2750103
5,493,Arnaud_Kalimuendo,Kalimuendo,Nott'm Forest,FWD,54,Coventry City,True,a,0.2738224
5,231,Michael_Keane,Keane,Everton,DEF,49,Ipswich Town,True,a,0.2600774
5,285,Paddy_McNair,McNair,Hull City,DEF,40,Newcastle,False,a,0.2495195
5,136,Danny_Welbeck,Welbeck,Chelsea,FWD,59,Brentford,False,a,0.23421066
5,58,Fraser_Forster,Forster,Bournemouth,GK,40,Liverpool,True,a,0.23280758
5,442,Nick_Pope,Pope,Newcastle,GK,50,Hull City,True,a,0.23060934
5,147,Tosin_Adarabioyo,Tosin,Spurs,DEF,45,Aston Villa,True,a,0.2289234
5,50,Bradley_Burrowes,Burrowes,Aston Villa,MID,45,Spurs,False,a,0.22531511
5,556,Matt_Targett,Targett,Hull City,DEF,40,Newcastle,False,a,0.2201501
5,62,Bafodé_Diakité,Diakité,Bournemouth,DEF,50,Liverpool,True,a,0.21578604
5,630,Taylor_Harwood-Bellis,Harwood-Bellis,Aston Villa,DEF,45,Spurs,False,a,0.20340858
5,601,Luca_Williams-Barnett,Williams-Barnett,Spurs,MID,45,Aston Villa,True,a,0.2000235
5,272,Jonah_Kusi-Asare,Kusi-Asare,Fulham,FWD,45,Man Utd,True,a,0.19764733
5,158,Jamie_Bynoe-Gittens,Gittens,Chelsea,MID,59,Brentford,False,a,0.18335448
5,5,Jurriën_Timber,J.Timber,Arsenal,DEF,65,Brighton,False,d,0.18196535
5,647,Darío_Osorio,Osorio,Crystal Palace,MID,55,Leeds,False,a,0.17595163
5,606,Triston_Rowe,Rowe,Aston Villa,DEF,40,Spurs,False,a,0.17479618
5,495,Brandon_Austin,Austin,Spurs,GK,40,Aston Villa,True,a,0.17130284
5,256,Kenny_Tete,Tete,Fulham,DEF,45,Man Utd,True,a,0.17128882
5,508,Ben_Davies,Davies,Spurs,DEF,40,Aston Villa,True,a,0.16705765
5,101,Jordan_Henderson,Henderson,Chelsea,MID,50,Brentford,False,d,0.16110319
5,648,Jean-Mattéo_Bahoya,Bahoya,Leeds,MID,50,Crystal Palace,True,a,0.15554447
5,351,Giorgi_Mamardashvili,Mamardashvili,Liverpool,GK,49,Bournemouth,False,a,0.15551278
5,344,Ilia_Gruev,Gruev,Leeds,MID,50,Crystal Palace,True,d,0.15268071
5,524,Callum_Olusesi,Olusesi,Spurs,MID,45,Aston Villa,True,a,0.15209992
5,501,Kevin_Danso,Danso,Sunderland,DEF,50,Man City,False,a,0.15093294
5,325,Karl_Darlow,Darlow,Man Utd,GK,45,Fulham,False,a,0.14858039
5,107,Kaye_Furo,Furo,Brentford,FWD,45,Chelsea,True,a,0.14548868
5,120,Michael_Svoboda,Svoboda,Brighton,DEF,50,Arsenal,True,a,0.14502068
5,571,Florentino Ibrain_Morris Luís,Florentino,Ipswich Town,MID,49,Everton,False,a,0.14357749
5,152,Marco_Palestra,Palestra,Chelsea,DEF,54,Brentford,False,d,0.14272621
5,623,Dan_Bentley,Bentley,Coventry City,GK,40,Nott'm Forest,False,a,0.1413398
5,643,Ben_Chilwell,Chilwell,Crystal Palace,DEF,45,Leeds,False,a,0.14055511
5,245,Tyler_Dibling,Dibling,Everton,MID,54,Ipswich Town,True,a,0.13923298
5,213,Jefferson_Lerma Solís,Lerma,Crystal Palace,MID,49,Leeds,False,a,0.13754523
5,646,Malick_Fofana,Fofana,Sunderland,MID,55,Man City,False,a,0.13547903
5,633,Honest_Ahanor,Ahanor,Crystal Palace,DEF,45,Leeds,False,a,0.13528803
5,604,Alfie_Cresswell,Cresswell,Leeds,MID,45,Crystal Palace,True,a,0.1311946
5,613,Jules_Ahoka,Ahoka,Sunderland,MID,45,Man City,False,a,0.13051338
5,641,Melvin_Bard,Bard,Leeds,DEF,45,Crystal Palace,True,a,0.12762624
5,644,Quinten_Timber,Timber,Crystal Palace,MID,50,Leeds,False,a,0.12685215
5,629,Michael_Zetterer,Zetterer,Leeds,GK,40,Crystal Palace,True,a,0.12286099
5,628,Allan_Andrade Elias,Allan,Man City,MID,60,Sunderland,True,a,0.1226029
5,219,Jesurun_Rak-Sakyi,J.Rak-Sakyi,Crystal Palace,MID,50,Leeds,False,a,0.12188443
5,634,Matias_Fernandez-Pardo,Fernandez-Pardo,Newcastle,FWD,60,Hull City,True,a,0.120807126
5,218,Cheick_Doucouré,Doucouré,Crystal Palace,MID,49,Leeds,False,a,0.12066792
5,217,Matheus_França de Oliveira,M.França,Crystal Palace,MID,49,Leeds,False,a,0.11887587
5,352,Freddie_Woodman,Woodman,Liverpool,GK,40,Bournemouth,False,a,0.11668103
5,555,Remi_Matthews,Matthews,Crystal Palace,GK,40,Leeds,False,a,0.11622301
5,510,James_Rowswell,Rowswell,Spurs,DEF,40,Aston Villa,True,a,0.11587993
5,509,Jun'ai_Byfield,Byfield,Spurs,DEF,40,Aston Villa,True,a,0.114657335
5,561,Aaron_Anselmino,Anselmino,Chelsea,DEF,45,Brentford,False,a,0.11459514
5,270,Harrison_Reed,Reed,Fulham,MID,45,Man Utd,True,a,0.1118028
5,430,Mason_Mount,Mount,Man Utd,MID,54,Fulham,False,d,0.11120503
5,126,Matt_O'Riley,O'Riley,Brighton,MID,55,Arsenal,True,a,0.107995965
5,302,David_Button,Button,Ipswich Town,GK,40,Everton,False,a,0.10389724
5,639,José María_Andrés Baixauli,Andrés,Brighton,MID,55,Arsenal,True,a,0.10245707
5,642,Sorba_Thomas,Thomas,Hull City,MID,55,Newcastle,False,a,0.09902821
5,625,Alex_Cairns,Cairns,Leeds,GK,40,Crystal Palace,True,a,0.09856218
5,187,Josh_Eccles,Eccles,Coventry City,MID,49,Nott'm Forest,False,a,0.097978204
5,640,Zian_Flemming,Flemming,Ipswich Town,FWD,55,Everton,False,a,0.09726572
5,300,Christian_Walton,Walton,Ipswich Town,GK,45,Everton,False,a,0.09555659
5,649,Ainsley_Maitland-Niles,Maitland-Niles,Everton,DEF,45,Ipswich Town,True,a,0.094770424
5,2,Kepa_Arrizabalaga Revuelta,Arrizabalaga,Arsenal,GK,50,Brighton,False,a,0.0945175
5,587,Gerónimo_Rulli,Rulli,Man City,GK,50,Sunderland,True,a,0.094459414
5,650,David_Affengruber,Affengruber,Fulham,DEF,45,Man Utd,True,a,0.0941679
5,573,Juanlu_Sánchez,Sanchez,Bournemouth,DEF,45,Liverpool,True,a,0.09403039
5,227,Mark_Travers,Travers,Everton,GK,50,Ipswich Town,True,a,0.09363164
5,560,Mike_Penders,Penders,Chelsea,GK,45,Brentford,False,a,0.093366794
5,172,Ben_Wilson,Wilson,Coventry City,GK,45,Nott'm Forest,False,a,0.093178555
5,3,Illan_Meslier,Meslier,Arsenal,GK,50,Brighton,False,a,0.092552006
5,374,Endo_Wataru,Endo,Liverpool,MID,50,Bournemouth,False,a,0.09226951
5,609,Leo_Shahar,Shahar,Newcastle,DEF,40,Hull City,True,a,0.091025576
5,117,Diego_Coppola,Coppola,Brighton,DEF,45,Arsenal,True,a,0.090791844
5,440,Joshua_Zirkzee,Zirkzee,Man Utd,FWD,54,Fulham,False,a,0.09025545
5,468,John Victor_Maciel Furtado,John,Nott'm Forest,GK,45,Coventry City,True,a,0.089034855
5,614,Jaouen_Hadjam,Hadjam,Brighton,DEF,45,Arsenal,True,a,0.08875288
5,590,Steven_Benda,Benda,Nott'm Forest,GK,45,Coventry City,True,a,0.08753691
5,324,Anis_Mehmeti,Mehmeti,Ipswich Town,MID,49,Everton,False,a,0.08608154
5,635,Hugo_Larsson,Larsson,Fulham,MID,50,Man Utd,True,a,0.0859282
5,636,Manuel Ángel_Morán Ibáñez,Ángel,Fulham,MID,50,Man Utd,True,a,0.08466327
5,434,Jack_Fletcher,J.Fletcher,Man Utd,MID,50,Fulham,False,a,0.083948456
5,93,Jannik_Schuster,Schuster,Brentford,DEF,45,Chelsea,True,a,0.08382383
5,92,Kim_Ji-soo,Ji-soo,Brentford,DEF,45,Chelsea,True,a,0.0830879
5,20,Max_Dowman,Dowman,Arsenal,MID,54,Brighton,False,a,0.08159422
5,603,Jayden_Lienou,Lienou,Leeds,DEF,40,Crystal Palace,True,a,0.0805883
5,251,Benjamin_Lecomte,Lecomte,Fulham,GK,40,Man Utd,True,a,0.07812148
5,221,Joél_Drakes-Thomas,Drakes-Thomas,Crystal Palace,MID,45,Leeds,False,a,0.07740405
5,66,Julio_Soler Barreto,Soler,Bournemouth,DEF,40,Liverpool,True,a,0.07730984
5,100,Fábio_Freitas Gouveia Carvalho,Carvalho,Brentford,MID,50,Chelsea,True,a,0.076933876
5,441,Chido_Obi,Obi,Man Utd,FWD,45,Fulham,False,a,0.07685783
5,476,Omar_Richards,O.Richards,Nott'm Forest,DEF,40,Coventry City,True,a,0.076259345
5,189,George_Shepherd,Shepherd,Coventry City,MID,45,Nott'm Forest,False,a,0.07575917
5,199,Walter_Benítez,Benitez,Crystal Palace,GK,45,Leeds,False,a,0.07421159
5,612,Dayann_Méthalie,Methalie,Sunderland,DEF,45,Man City,False,a,0.073445916
5,550,Djiamgone Jocelin Ta_Bi,Jocelin.T,Sunderland,MID,50,Man City,False,a,0.07121276
5,178,Jake_Bidwell,Bidwell,Coventry City,DEF,40,Nott'm Forest,False,a,0.0698477
5,599,Sidiki_Cherif,Cherif,Coventry City,FWD,50,Nott'm Forest,False,a,0.06832114
5,179,Joel_Latibeaudiere,Latibeaudiere,Coventry City,DEF,40,Nott'm Forest,False,a,0.06728467
5,615,Michele_Di Gregorio,Di Gregorio,Bournemouth,GK,45,Liverpool,True,a,0.0669497
5,296,David_Akintola,Akintola,Hull City,MID,50,Newcastle,False,a,0.06644107
5,303,Cédric_Kipré,Kipré,Ipswich Town,DEF,40,Everton,False,a,0.06635998
5,83,Hákon Rafn_Valdimarsson,Valdimarsson,Brentford,GK,45,Chelsea,True,a,0.06585876
5,651,Juan_Angulo,J.Angulo,Sunderland,FWD,45,Man City,False,a,0.06572701
5,424,Harry_Amass,Amass,Man Utd,DEF,40,Fulham,False,a,0.06534794
5,228,Tom_King,King,Everton,GK,45,Ipswich Town,True,a,0.06396716
5,610,Luc_De Fougerolles,De Fougerolles,Fulham,DEF,40,Man Utd,True,d,0.06386619
5,574,Jens_Hjertø-Dahl,Hjertø-Dahl,Hull City,MID,50,Newcastle,False,a,0.06294176
5,645,Christos_Mouzakitis,Mouzakitis,Hull City,MID,50,Newcastle,False,a,0.06221228
5,361,Wellity_Lucky,Lucky,Liverpool,DEF,40,Bournemouth,False,a,0.062000357
5,386,Marcus_Bettinelli,Bettinelli,Man City,GK,45,Sunderland,True,a,0.06195174
5,438,Tyler_Fletcher,Fletcher,Man Utd,MID,45,Fulham,False,a,0.061861187
5,340,Joe_Gelhardt,Gelhardt,Hull City,MID,50,Newcastle,False,a,0.06166974
5,437,Bendito_Mantato,Bendito Mantato,Man Utd,MID,45,Fulham,False,a,0.061574433
5,134,Nehemiah_Oriola,Oriola,Brighton,MID,45,Arsenal,True,a,0.05889702
5,443,Mark_Gillespie,Gillespie,Newcastle,GK,45,Hull City,True,a,0.05691955
5,444,Ewen_Jaouen,Jaouen,Newcastle,GK,45,Hull City,True,a,0.05668207
5,292,Abdülkadir_Ömür,Ömür,Hull City,MID,49,Newcastle,False,a,0.05659904
5,288,Kieran_Dowell,Dowell,Hull City,MID,45,Newcastle,False,a,0.05525927
5,378,James_McConnell,McConnell,Liverpool,MID,45,Bournemouth,False,a,0.054650284
5,273,Dillon_Phillips,Phillips,Hull City,GK,40,Newcastle,False,a,0.053946085
5,355,Harvey_Davies,Davies,Liverpool,GK,40,Bournemouth,False,a,0.053751215
5,531,Melker_Ellborg,Ellborg,Sunderland,GK,45,Man City,False,a,0.050774105
5,638,Brooke_Norton-Cuffy,Norton-Cuffy,Hull City,DEF,40,Newcastle,False,a,0.050724383
5,170,Emmanuel_Emegha,Emegha,Chelsea,FWD,50,Brentford,False,a,0.045091234
5,632,Ilyas_Ansah,Ansah,Hull City,FWD,50,Newcastle,False,a,0.044146832
5,637,Robinio_Vaz,Vaz,Hull City,FWD,50,Newcastle,False,a,0.042480633
5,169,Shumaira_Mheuka,Mheuka,Chelsea,FWD,45,Brentford,False,a,0.042233422
5,284,Cathal_McCarthy,McCarthy,Hull City,DEF,40,Newcastle,False,a,0.037218224
5,382,Jayden_Danns,Danns,Liverpool,FWD,45,Bournemouth,False,a,0.031048952
5,6,William_Saliba,Saliba,Arsenal,DEF,60,Brighton,False,i,0.0
5,18,Gabriel_Martinelli Silva,Martinelli,Arsenal,MID,63,Brighton,False,u,0.0
5,21,Christian_Nørgaard,Nørgaard,Everton,MID,49,Ipswich Town,True,i,0.0
5,22,Ethan_Nwaneri,Nwaneri,Arsenal,MID,54,Brighton,False,u,0.0
5,23,Fábio_Ferreira Vieira,Fábio Vieira,Arsenal,MID,55,Brighton,False,u,0.0
5,24,Reiss_Nelson,Nelson,Arsenal,MID,55,Brighton,False,u,0.0
5,27,Gabriel_Fernando de Jesus,G.Jesus,Arsenal,FWD,59,Brighton,False,u,0.0
5,30,Lucas_Digne,Digne,Aston Villa,DEF,45,Spurs,False,u,0.0
5,39,Kosta_Nedeljkovic,Nedeljkovic,Aston Villa,DEF,40,Spurs,False,u,0.0
5,44,Leon_Bailey,Bailey,Aston Villa,MID,54,Spurs,False,u,0.0
5,48,Amadou_Onana,Onana,Aston Villa,MID,50,Spurs,False,i,0.0
5,49,Samuel_Iling-Junior,Iling Jr,Aston Villa,MID,50,Spurs,False,u,0.0
5,53,Johan_Manzambi,Manzambi,Aston Villa,MID,59,Spurs,False,i,0.0
5,54,Joao_Gomes,Gomes,Aston Villa,MID,55,Spurs,False,s,0.0
5,55,Ollie_Watkins,Watkins,Aston Villa,FWD,78,Spurs,False,u,0.0
5,59,Will_Dennis,Dennis,Bournemouth,GK,40,Liverpool,True,u,0.0
5,63,Veljko_Milosavljevic,Milosavljević,Bournemouth,DEF,50,Liverpool,True,i,0.0
5,65,Julián_Araujo Zúñiga,J.Araujo,Bournemouth,DEF,45,Liverpool,True,i,0.0
5,77,Amine_Adli,Adli,Bournemouth,MID,49,Liverpool,True,i,0.0
5,78,Junior_Kroupi,Kroupi.Jr,Bournemouth,MID,74,Liverpool,True,i,0.0
5,80,Enes_Ünal,Enes Ünal,Bournemouth,FWD,55,Liverpool,True,u,0.0
5,85,Sepp_van den Berg,Van den Berg,Brentford,DEF,49,Chelsea,True,i,0.0
5,97,Mathias_Jensen,Jensen,Brentford,MID,55,Chelsea,True,i,0.0
5,99,Antoni_Milambo,Milambo,Brentford,MID,50,Chelsea,True,i,0.0
5,103,Josh_Dasilva,Dasilva,Brentford,MID,50,Chelsea,True,i,0.0
5,118,Igor Julio_dos Santos de Paulo,Igor,Brighton,DEF,45,Arsenal,True,u,0.0
5,121,Mitoma_Kaoru,Mitoma,Brighton,MID,60,Arsenal,True,i,0.0
5,122,Yankuba_Minteh,Minteh,Brighton,MID,59,Arsenal,True,i,0.0
5,128,Facundo_Buonanotte,Buonanotte,Brighton,MID,50,Arsenal,True,u,0.0
5,130,Mats_Wieffer,Wieffer,Brighton,DEF,50,Arsenal,True,i,0.0
5,131,Carlos_Baleba,Baleba,Man Utd,MID,50,Fulham,False,i,0.0
5,132,Harry_Howell,Howell,Brighton,MID,45,Arsenal,True,u,0.0
5,133,Tom_Watson,Watson,Brighton,MID,50,Arsenal,True,u,0.0
5,137,Stefanos_Tzimas,Tzimas,Brighton,FWD,55,Arsenal,True,i,0.0
5,139,Evan_Ferguson,Ferguson,Brighton,FWD,50,Arsenal,True,i,0.0
5,140,Robert_Lynch Sánchez,Sánchez,Chelsea,GK,49,Brentford,False,u,0.0
5,141,Filip_Jörgensen,Jörgensen,Chelsea,GK,50,Brentford,False,u,0.0
5,143,Trevoh_Chalobah,Chalobah,Chelsea,DEF,55,Brentford,False,u,0.0
5,146,Benoît_Badiashile Mukinayi,B.Badiashile,Chelsea,DEF,45,Brentford,False,u,0.0
5,150,Mamadou_Sarr,M.Sarr,Chelsea,DEF,45,Brentford,False,u,0.0
5,163,Dário_Luís Essugo,D.Essugo,Chelsea,MID,45,Brentford,False,u,0.0
5,168,Marc_Guiu Paz,Marc Guiu,Chelsea,FWD,50,Brentford,False,u,0.0
5,171,Oliver_Dovin,Dovin,Coventry City,GK,40,Nott'm Forest,False,u,0.0
5,174,Liam_Kitching,Kitching,Coventry City,DEF,40,Nott'm Forest,False,u,0.0
5,177,Kaine_Kesler-Hayden,Kesler-Hayden,Coventry City,DEF,40,Nott'm Forest,False,i,0.0
5,180,Luke_Woolfenden,Woolfenden,Coventry City,DEF,40,Nott'm Forest,False,i,0.0
5,181,Miguel_Brau,Brau,Coventry City,DEF,40,Nott'm Forest,False,u,0.0
5,191,Raphael_Borges Rodrigues,Borges Rodrigues,Coventry City,MID,45,Nott'm Forest,False,u,0.0
5,192,Kai_Andrews,Andrews,Coventry City,MID,45,Nott'm Forest,False,u,0.0
5,193,Haji_Wright,Wright,Coventry City,FWD,54,Nott'm Forest,False,i,0.0
5,196,Jahnoah_Markelo,Markelo,Coventry City,FWD,50,Nott'm Forest,False,u,0.0
5,197,Norman_Bassette,Bassette,Coventry City,FWD,45,Nott'm Forest,False,u,0.0
5,205,Borna_Sosa,Sosa,Crystal Palace,DEF,45,Leeds,False,u,0.0
5,206,Chadi_Riad Dnanou,Chadi Riad,Crystal Palace,DEF,44,Leeds,False,i,0.0
5,208,Ismaïla_Sarr,Sarr,Crystal Palace,MID,63,Leeds,False,i,0.0
5,215,Justin_Devenny,Devenny,Crystal Palace,MID,50,Leeds,False,u,0.0
5,216,Romain_Esse,Esse,Crystal Palace,MID,50,Leeds,False,u,0.0
5,220,Rio_Cardines,Cardines,Crystal Palace,DEF,45,Leeds,False,u,0.0
5,223,Jean-Philippe_Mateta,Mateta,Crystal Palace,FWD,64,Leeds,False,i,0.0
5,225,Christantus_Uche,Uche,Crystal Palace,FWD,50,Leeds,False,u,0.0
5,234,Nathan_Patterson,Patterson,Everton,DEF,45,Ipswich Town,True,u,0.0
5,235,Adam_Aznou,Aznou,Everton,DEF,40,Ipswich Town,True,u,0.0
5,248,Norberto Bercique_Gomes Betuncal,Beto,Everton,FWD,54,Ipswich Town,True,u,0.0
5,252,Alfie_McNally,McNally,Fulham,GK,40,Man Utd,True,u,0.0
5,266,Tom_Cairney,Cairney,Fulham,MID,50,Man Utd,True,i,0.0
5,274,Jack_Butland,Butland,Hull City,GK,45,Newcastle,False,i,0.0
5,275,Harvey_Cartwright,Cartwright,Hull City,GK,40,Newcastle,False,u,0.0
5,276,Thimothée_Lo-Tutala,Lo-Tutala,Hull City,GK,40,Newcastle,False,u,0.0
5,278,Charlie_Hughes,Hughes,Hull City,DEF,40,Newcastle,False,i,0.0
5,281,Cody_Drameh,Drameh,Hull City,DEF,40,Newcastle,False,u,0.0
5,283,Matty_Jacob,Jacob,Hull City,DEF,40,Newcastle,False,u,0.0
5,287,Liam_Millar,Millar,Hull City,MID,50,Newcastle,False,u,0.0
5,291,Eliot_Matazo,Matazo,Hull City,MID,45,Newcastle,False,i,0.0
5,293,Abu_Kamara,Kamara,Hull City,MID,50,Newcastle,False,u,0.0
5,294,Óscar_Zambrano,Zambrano,Hull City,MID,45,Newcastle,False,i,0.0
5,297,Darko_Gyabi,Gyabi,Hull City,MID,45,Newcastle,False,i,0.0
5,298,Enis_Destan,Destan,Hull City,FWD,45,Newcastle,False,u,0.0
5,299,Mason_Burstow,Burstow,Hull City,FWD,45,Newcastle,False,u,0.0
5,307,Ben_Johnson,Johnson,Ipswich Town,DEF,40,Everton,False,u,0.0
5,310,Azor_Matusiwa,Matusiwa,Ipswich Town,MID,50,Everton,False,i,0.0
5,311,Wes_Burns,Burns,Ipswich Town,MID,50,Everton,False,u,0.0
5,312,Jack_Taylor,Taylor,Ipswich Town,MID,45,Everton,False,i,0.0
5,314,Chiedozie_Ogbene,Ogbene,Ipswich Town,MID,49,Everton,False,u,0.0
5,317,George_Hirst,Hirst,Ipswich Town,FWD,50,Everton,False,u,0.0
5,318,Jaden_Philogene,Philogene,Ipswich Town,MID,54,Everton,False,i,0.0
5,319,Sam_Szmodics,Szmodics,Ipswich Town,MID,50,Everton,False,u,0.0
5,322,Ali_Al-Hamadi,Al-Hamadi,Ipswich Town,FWD,50,Everton,False,u,0.0
5,326,Lucas Estella_Perri,Perri,Leeds,GK,45,Crystal Palace,True,u,0.0
5,329,Joe_Rodon,Rodon,Leeds,DEF,45,Crystal Palace,True,i,0.0
5,333,Sebastiaan_Bornauw,Bornauw,Leeds,DEF,45,Crystal Palace,True,u,0.0
5,341,Wilfried_Gnonto,Gnonto,Leeds,MID,50,Crystal Palace,True,u,0.0
5,342,Jack_Harrison,Harrison,Leeds,MID,50,Crystal Palace,True,u,0.0
5,348,Joël_Piroe,Piroe,Leeds,FWD,50,Crystal Palace,True,u,0.0
5,349,Mateo_Joseph Fernández-Regatillo,Mateo Joseph,Leeds,FWD,45,Crystal Palace,True,i,0.0
5,353,Armin_Pecsi,Pecsi,Liverpool,GK,40,Bournemouth,False,u,0.0
5,354,Vitezslav_Jaros,Jaros,Liverpool,GK,40,Bournemouth,False,i,0.0
5,359,Joe_Gomez,Gomez,Liverpool,DEF,50,Bournemouth,False,i,0.0
5,360,Conor_Bradley,Bradley,Liverpool,DEF,50,Bournemouth,False,i,0.0
5,363,Giovanni_Leoni,Leoni,Liverpool,DEF,40,Bournemouth,False,i,0.0
5,365,Calvin_Ramsay,Ramsay,Liverpool,DEF,40,Bournemouth,False,u,0.0
5,370,Federico_Chiesa,Chiesa,Liverpool,MID,54,Bournemouth,False,i,0.0
5,373,Curtis_Jones,C.Jones,Liverpool,MID,55,Bournemouth,False,u,0.0
5,376,Stefan_Bajčetić Maquieira,Bajcetic,Liverpool,MID,50,Bournemouth,False,u,0.0
5,380,Hugo_Ekitiké,Ekitiké,Liverpool,FWD,75,Bournemouth,False,i,0.0
5,383,Harvey_Elliott,Elliott,Liverpool,MID,54,Bournemouth,False,u,0.0
5,394,Max_Alleyne,Alleyne,Man City,DEF,50,Sunderland,True,u,0.0
5,400,Jérémy_Doku,Doku,Man City,MID,74,Sunderland,True,i,0.0
5,402,Rodrigo 'Rodri'_Hernandez Cascante,Rodrigo,Man City,MID,65,Sunderland,True,u,0.0
5,404,Tijjani_Reijnders,Reijnders,Man City,MID,60,Sunderland,True,u,0.0
5,407,Claudio_Echeverri,Echeverri,Man City,MID,49,Sunderland,True,u,0.0
5,408,Kalvin_Phillips,Phillips,Man City,MID,50,Sunderland,True,u,0.0
5,409,Divine_Mukasa,Mukasa,Man City,MID,45,Sunderland,True,u,0.0
5,410,Jeremy_Monga,Monga,Man City,MID,49,Sunderland,True,u,0.0
5,413,Altay_Bayındır,Bayindir,Man Utd,GK,45,Fulham,False,u,0.0
5,414,Tom_Heaton,Heaton,Man Utd,GK,40,Fulham,False,i,0.0
5,416,Matthijs_de Ligt,De Ligt,Man Utd,DEF,50,Fulham,False,i,0.0
5,425,Tyler_Fredricson,Fredricson,Man Utd,DEF,40,Fulham,False,u,0.0
5,431,Amad_Diallo,Amad,Man Utd,MID,58,Fulham,False,i,0.0
5,433,Manuel_Ugarte Ribeiro,Ugarte,Man Utd,MID,50,Fulham,False,i,0.0
5,436,Toby_Collyer,Collyer,Man Utd,MID,50,Fulham,False,u,0.0
5,448,Dan_Burn,Burn,Newcastle,DEF,49,Hull City,True,i,0.0
5,450,Tino_Livramento,Livramento,Newcastle,DEF,49,Hull City,True,i,0.0
5,451,Alex_Murphy,A.Murphy,Newcastle,DEF,40,Hull City,True,u,0.0
5,458,Joelinton Cássio_Apolinário de Lira,Joelinton,Newcastle,MID,54,Hull City,True,i,0.0
5,463,Nick_Woltemade,Woltemade,Newcastle,FWD,59,Hull City,True,u,0.0
5,465,William_Osula,Osula,Newcastle,FWD,59,Hull City,True,i,0.0
5,466,Sean_Neave,Neave,Newcastle,FWD,45,Hull City,True,u,0.0
5,470,Felipe_Rodrigues da Silva,Morato,Nott'm Forest,DEF,50,Coventry City,True,u,0.0
5,475,Nicolò_Savona,Savona,Nott'm Forest,DEF,45,Coventry City,True,i,0.0
5,477,Zach_Abbott,Abbott,Nott'm Forest,DEF,40,Coventry City,True,u,0.0
5,479,Tyler_Bindon,Bindon,Nott'm Forest,DEF,40,Coventry City,True,u,0.0
5,484,Omari_Hutchinson,Hutchinson,Nott'm Forest,MID,54,Coventry City,True,u,0.0
5,485,Dilane_Bakwa,Bakwa,Nott'm Forest,MID,55,Coventry City,True,u,0.0
5,494,Guglielmo_Vicario,Vicario,Spurs,GK,45,Aston Villa,True,u,0.0
5,500,Cristian_Romero,Romero,Spurs,DEF,50,Aston Villa,True,u,0.0
5,505,Djed_Spence,Spence,Spurs,DEF,45,Aston Villa,True,u,0.0
5,507,Ashley_Phillips,Phillips,Spurs,DEF,45,Aston Villa,True,u,0.0
5,511,João Victor_de Souza Menezes,Souza,Spurs,DEF,40,Aston Villa,True,u,0.0
5,513,Xavi_Simons,Xavi,Spurs,MID,60,Aston Villa,True,i,0.0
5,517,Wilson_Odobert,Odobert,Spurs,MID,55,Aston Villa,True,i,0.0
5,518,Pape Matar_Sarr,P.M.Sarr,Spurs,MID,49,Aston Villa,True,u,0.0
5,521,Dejan_Kulusevski,Kulusevski,Spurs,MID,65,Aston Villa,True,i,0.0
5,523,Mikey_Moore,Moore,Spurs,MID,50,Aston Villa,True,u,0.0
5,527,Richarlison_de Andrade,Richarlison,Spurs,FWD,59,Aston Villa,True,u,0.0
5,528,Dane_Scarlett,Scarlett,Spurs,FWD,45,Aston Villa,True,u,0.0
5,530,Anthony_Patterson,Patterson,Sunderland,GK,40,Man City,False,u,0.0
5,537,Jenson_Seelt,Seelt,Sunderland,DEF,45,Man City,False,u,0.0
5,538,Leo Fuhr_Hjelde,Hjelde,Sunderland,DEF,40,Man City,False,u,0.0
5,540,Arthur_Masuaku,Masuaku,Sunderland,DEF,40,Man City,False,u,0.0
5,543,Habib_Diarra,Diarra,Sunderland,MID,55,Man City,False,i,0.0
5,546,Simon_Adingra,Adingra,Sunderland,MID,49,Man City,False,u,0.0
5,554,Kayne_van Oevelen,Van Oevelen,Ipswich Town,GK,45,Everton,False,u,0.0
5,582,Brian_Madjo,Madjo,Aston Villa,FWD,55,Spurs,False,i,0.0
5,602,Cameron_Humphreys,Humphreys,Ipswich Town,MID,45,Everton,False,u,0.0
5,607,Luka_Lynch,Lynch,Aston Villa,MID,45,Spurs,False,u,0.0
5,624,Amario_Cozier-Duberry,Cozier-Duberry,Brighton,MID,50,Arsenal,True,u,0.0
5,652,Femi_Azeez,Azeez,Brighton,MID,55,Arsenal,True,i,0.0
6,411,Erling_Haaland,Haaland,Man City,FWD,155,Liverpool,False,a,6.7643247
6,426,Bruno_Borges Fernandes,B.Fernandes,Man Utd,MID,120,Spurs,True,a,6.730303
6,165,João Pedro_Junqueira de Jesus,João Pedro,Chelsea,FWD,77,Bournemouth,True,a,5.1743364
6,12,Bukayo_Saka,Saka,Arsenal,MID,95,Leeds,True,a,5.168003
6,40,Morgan_Rogers,Rogers,Chelsea,MID,75,Bournemouth,True,a,5.0409904
6,379,Alexander_Isak,Isak,Liverpool,FWD,90,Man City,True,a,4.9778605
6,398,Phil_Foden,Foden,Man City,MID,70,Liverpool,False,a,4.831309
6,480,Morgan_Gibbs-White,Gibbs-White,Nott'm Forest,MID,79,Crystal Palace,False,a,4.7370586
6,591,Julio_Enciso,Enciso,Ipswich Town,MID,55,Fulham,True,a,4.7370043
6,388,Marc_Guéhi,Guéhi,Man City,DEF,60,Liverpool,False,a,4.614467
6,154,Cole_Palmer,Palmer,Chelsea,MID,96,Bournemouth,True,a,4.5056725
6,399,Rayan_Cherki,Cherki,Man City,MID,77,Liverpool,False,a,4.3903112
6,428,Matheus_Santos Carneiro da Cunha,Cunha,Man Utd,MID,80,Spurs,True,a,4.3690515
6,356,Virgil_van Dijk,Virgil,Liverpool,DEF,65,Man City,True,a,4.355367
6,368,Dominik_Szoboszlai,Szoboszlai,Liverpool,MID,70,Man City,True,a,4.307965
6,86,Keane_Lewis-Potter,Lewis-Potter,Brentford,MID,55,Aston Villa,False,a,4.2740808
6,94,Kevin_Schade,Schade,Brentford,MID,60,Aston Villa,False,a,4.200118
6,464,Yoane_Wissa,Wissa,Newcastle,FWD,61,Coventry City,False,a,4.111135
6,367,Cody_Gakpo,Gakpo,Liverpool,MID,71,Man City,True,a,4.0588284
6,249,Thierno_Barry,Barry,Everton,FWD,55,Hull City,False,a,4.04315
6,384,Gianluigi_Donnarumma,Donnarumma,Man City,GK,55,Liverpool,False,a,3.9359322
6,366,Florian_Wirtz,Wirtz,Liverpool,MID,75,Man City,True,a,3.882027
6,4,Gabriel_dos Santos Magalhães,Gabriel,Arsenal,DEF,80,Leeds,True,a,3.8536725
6,454,Anthony_Elanga,Elanga,Newcastle,MID,61,Coventry City,False,a,3.8406343
6,82,Caoimhín_Kelleher,Kelleher,Brentford,GK,50,Aston Villa,False,a,3.8388007
6,198,Dean_Henderson,Henderson,Crystal Palace,GK,50,Nott'm Forest,True,a,3.8050704
6,569,Gonzalo_García,Gonzalo,Fulham,FWD,60,Ipswich Town,False,a,3.8029869
6,445,Malick_Thiaw,Thiaw,Newcastle,DEF,50,Coventry City,False,a,3.7694292
6,350,Alisson_Becker,A.Becker,Liverpool,GK,55,Man City,True,a,3.746568
6,483,Dan_Ndoye,Ndoye,Nott'm Forest,MID,55,Crystal Palace,False,a,3.7288637
6,127,Diego_Gómez Amarilla,Gomez,Brighton,MID,50,Sunderland,False,a,3.7282143
6,627,Bradley_Barcola,Barcola,Liverpool,MID,80,Man City,True,a,3.72744
6,115,Maxim_De Cuyper,De Cuyper,Brighton,DEF,47,Sunderland,False,a,3.7090127
6,567,Lukás_Hornícek,Horníček,Newcastle,GK,50,Coventry City,False,a,3.6963208
6,69,Alex_Scott,Scott,Bournemouth,MID,60,Chelsea,False,a,3.6823
6,79,Francisco Evanilson_de Lima Barbosa,Evanilson,Bournemouth,FWD,60,Chelsea,False,a,3.6735606
6,87,Kristoffer_Ajer,Ajer,Brentford,DEF,45,Aston Villa,False,a,3.6714115
6,449,Lewis_Hall,Hall,Newcastle,DEF,51,Coventry City,False,a,3.6710024
6,544,Granit_Xhaka,Xhaka,Sunderland,MID,55,Brighton,True,a,3.6585872
6,84,Nathan_Collins,Collins,Brentford,DEF,55,Aston Villa,False,a,3.60939
6,43,Youri_Tielemans,Tielemans,Man Utd,MID,59,Spurs,True,a,3.5948405
6,68,Marcus_Tavernier,Tavernier,Bournemouth,MID,60,Chelsea,False,a,3.5675094
6,377,Victor_Munoz,Munoz,Liverpool,MID,65,Man City,True,a,3.5569806
6,88,Michael_Kayode,Kayode,Brentford,DEF,46,Aston Villa,False,a,3.551324
6,98,Vitaly_Janelt,Janelt,Brentford,MID,50,Aston Villa,False,a,3.5428593
6,8,Riccardo_Calafiori,Calafiori,Arsenal,DEF,57,Leeds,True,a,3.5119836
6,391,Joško_Gvardiol,Gvardiol,Man City,DEF,56,Liverpool,False,a,3.507375
6,202,Chris_Richards,Richards,Crystal Palace,DEF,50,Nott'm Forest,True,a,3.4786868
6,429,Marcus_Rashford,Rashford,Man Utd,MID,70,Spurs,True,a,3.4266965
6,447,Sven_Botman,Botman,Newcastle,DEF,50,Coventry City,False,a,3.4220245
6,432,Kobbie_Mainoo,Mainoo,Man Utd,MID,55,Spurs,True,a,3.410873
6,469,Neco_Williams,N.Williams,Nott'm Forest,DEF,50,Crystal Palace,False,a,3.3644354
6,210,Adam_Wharton,Wharton,Crystal Palace,MID,55,Nott'm Forest,True,a,3.3306584
6,224,Eddie_Nketiah,Nketiah,Crystal Palace,FWD,55,Nott'm Forest,True,a,3.327632
6,572,Konstantinos_Tzolakis,Tzolakis,Hull City,GK,46,Everton,True,a,3.3095624
6,472,Murillo_Costa dos Santos,Murillo,Nott'm Forest,DEF,55,Crystal Palace,False,a,3.2934546
6,593,Amar_Dedic,Dedić,Newcastle,DEF,45,Coventry City,False,a,3.2873611
6,1,David_Raya Martín,Raya,Arsenal,GK,60,Leeds,True,a,3.286412
6,250,Bernd_Leno,Leno,Fulham,GK,45,Ipswich Town,False,a,3.2610753
6,156,Pedro_Lomba Neto,Neto,Chelsea,MID,65,Bournemouth,True,a,3.2569525
6,390,Rúben_dos Santos Gato Alves Dias,Rúben,Man City,DEF,55,Liverpool,False,a,3.2368155
6,565,Mamadou_Sangaré,M.Sangaré,Brentford,MID,57,Aston Villa,False,a,3.2357028
6,453,Harvey_Barnes,Barnes,Newcastle,MID,60,Coventry City,False,a,3.2346728
6,109,Bart_Verbruggen,Verbruggen,Brighton,GK,45,Sunderland,False,a,3.2326028
6,286,Mohamed_Belloumi,Belloumi,Hull City,MID,50,Everton,True,a,3.218164
6,268,Josh_King,King,Fulham,MID,55,Ipswich Town,False,a,3.216141
6,28,Emiliano_Martínez Romero,Martinez,Chelsea,GK,50,Bournemouth,True,a,3.1967185
6,41,Emiliano_Buendía Stati,Buendía,Aston Villa,MID,60,Brentford,True,a,3.1955397
6,387,Nico_O'Reilly,O'Reilly,Man City,DEF,65,Liverpool,False,a,3.19012
6,26,Kai_Havertz,Havertz,Arsenal,FWD,75,Leeds,True,a,3.1886294
6,124,Pascal_Groß,Groß,Brighton,MID,55,Sunderland,False,a,3.1796293
6,277,John_Egan,Egan,Hull City,DEF,40,Everton,True,a,3.141136
6,258,Timothy_Castagne,Castagne,Fulham,DEF,45,Ipswich Town,False,a,3.1204066
6,290,Regan_Slater,Slater,Hull City,MID,45,Everton,True,a,3.1153603
6,397,Antoine_Semenyo,Semenyo,Man City,MID,85,Liverpool,False,a,3.112351
6,236,Kiernan_Dewsbury-Hall,Dewsbury-Hall,Everton,MID,65,Hull City,False,a,3.0855248
6,57,Đorđe_Petrović,Petrović,Bournemouth,GK,45,Chelsea,False,a,3.0678525
6,148,Jorrel_Hato,Hato,Chelsea,DEF,45,Bournemouth,True,a,3.0508263
6,214,Daichi_Kamada,Kamada,Crystal Palace,MID,50,Nott'm Forest,True,a,3.0483944
6,259,Issa_Diop,Diop,Ipswich Town,DEF,40,Fulham,True,a,3.0446286
6,10,Benjamin_White,White,Arsenal,DEF,55,Leeds,True,a,3.008546
6,211,Yéremy_Pino Santos,Yeremy,Crystal Palace,MID,55,Nott'm Forest,True,a,3.0039833
6,295,Oli_McBurnie,McBurnie,Hull City,FWD,55,Everton,True,a,2.9792788
6,393,Abdukodir_Khusanov,Khusanov,Man City,DEF,55,Liverpool,False,a,2.9616284
6,261,Alex_Iwobi,Iwobi,Fulham,MID,55,Ipswich Town,False,a,2.954086
6,362,Jeremy_Jacquet,Jacquet,Liverpool,DEF,50,Man City,True,a,2.9473445
6,116,Lewis_Dunk,Dunk,Brighton,DEF,45,Sunderland,False,a,2.9457006
6,279,Semi_Ajayi,Ajayi,Hull City,DEF,41,Everton,True,a,2.9236507
6,60,James_Hill,Hill,Bournemouth,DEF,55,Chelsea,False,a,2.9200149
6,15,Martin_Ødegaard,Ødegaard,Arsenal,MID,66,Leeds,True,a,2.918654
6,45,John_McGinn,McGinn,Aston Villa,MID,54,Brentford,True,a,2.8744574
6,144,Malo_Gusto,Gusto,Chelsea,DEF,50,Bournemouth,True,a,2.8699398
6,106,Igor Thiago_Nascimento Rodrigues,Thiago,Brentford,FWD,80,Aston Villa,False,a,2.8593647
6,533,Nordi_Mukiele,Mukiele,Sunderland,DEF,55,Brighton,True,a,2.851225
6,467,Matz_Sels,Sels,Nott'm Forest,GK,50,Crystal Palace,False,a,2.8467302
6,471,Nikola_Milenković,Milenković,Nott'm Forest,DEF,55,Crystal Palace,False,a,2.8429143
6,597,Zion_Suzuki,Suzuki,Aston Villa,GK,50,Brentford,True,a,2.7962604
6,481,Elliot_Anderson,Anderson,Man City,MID,64,Liverpool,False,a,2.7563467
6,305,Leif_Davis,Davis,Ipswich Town,DEF,40,Fulham,True,a,2.7492867
6,226,Jordan_Pickford,Pickford,Everton,GK,55,Hull City,False,a,2.7427542
6,499,Pedro_Porro Sauceda,Pedro Porro,Spurs,DEF,55,Man Utd,False,a,2.7311308
6,427,Bryan_Mbeumo,Mbeumo,Man Utd,MID,80,Spurs,True,a,2.7264485
6,385,James_Trafford,Trafford,Leeds,GK,50,Arsenal,False,a,2.7183354
6,229,James_Tarkowski,Tarkowski,Everton,DEF,60,Hull City,False,a,2.7133043
6,200,Maxence_Lacroix,Lacroix,Chelsea,DEF,60,Bournemouth,True,a,2.7119226
6,61,Adrien_Truffert,Truffert,Bournemouth,DEF,55,Chelsea,False,a,2.7051523
6,282,Ryan_Giles,Giles,Hull City,DEF,40,Everton,True,a,2.7015421
6,346,Dominic_Calvert-Lewin,Calvert-Lewin,Leeds,FWD,60,Arsenal,False,a,2.7004974
6,315,Abdul_Fatawu,Fatawu,Ipswich Town,MID,55,Fulham,True,a,2.695446
6,161,Roméo_Lavia,Lavia,Chelsea,MID,50,Bournemouth,True,a,2.6790013
6,460,Joe_Willock,Willock,Newcastle,MID,50,Coventry City,False,a,2.670536
6,504,Luka_Vušković,Vuskovic,Brighton,DEF,50,Sunderland,False,a,2.6631768
6,605,Malick_Yalcouyé,Yalcouyé,Brighton,MID,45,Sunderland,False,a,2.6629462
6,401,Omar_Marmoush,Marmoush,Spurs,FWD,70,Man Utd,False,a,2.6463223
6,7,Myles_Lewis-Skelly,Lewis-Skelly,Arsenal,MID,55,Leeds,True,a,2.6430655
6,564,Kjell_Scherpen,Scherpen,Ipswich Town,GK,45,Fulham,True,a,2.6208494
6,473,Ola_Aina,Aina,Nott'm Forest,DEF,45,Crystal Palace,False,a,2.5983791
6,545,Noah_Sadiki,Sadiki,Sunderland,MID,50,Brighton,True,a,2.586515
6,486,James_McAtee,McAtee,Nott'm Forest,MID,55,Crystal Palace,False,a,2.5844743
6,47,Boubacar_Kamara,Kamara,Aston Villa,MID,50,Brentford,True,a,2.579323
6,138,Charalampos_Kostoulas,Kostoulas,Brighton,FWD,55,Sunderland,False,a,2.579309
6,203,Jaydee_Canvot,Canvot,Crystal Palace,DEF,49,Nott'm Forest,True,a,2.562468
6,412,Senne_Lammens,Lammens,Man Utd,GK,50,Spurs,True,a,2.5621445
6,70,Justin_Kluivert,Kluivert,Bournemouth,MID,60,Chelsea,False,a,2.5365124
6,372,Alexis_Mac Allister,Mac Allister,Liverpool,MID,55,Man City,True,a,2.5200143
6,254,Antonee_Robinson,Robinson,Fulham,DEF,45,Ipswich Town,False,a,2.5000386
6,320,Chuba_Akpom,Akpom,Ipswich Town,FWD,50,Fulham,True,a,2.4987752
6,267,Saša_Lukić,Lukić,Ipswich Town,MID,50,Fulham,True,a,2.4976535
6,13,Declan_Rice,Rice,Arsenal,MID,75,Leeds,True,a,2.4787827
6,335,Anton_Stach,Stach,Leeds,MID,60,Arsenal,False,a,2.4762714
6,551,Nilson_Angulo,N.Angulo,Sunderland,MID,50,Brighton,True,a,2.4550066
6,459,Lewis_Miley,L.Miley,Newcastle,MID,55,Coventry City,False,a,2.4533515
6,529,Robin_Roefs,Roefs,Sunderland,GK,50,Brighton,True,a,2.4530861
6,166,Nicolas_Jackson,N.Jackson,Aston Villa,FWD,65,Brentford,True,a,2.4529915
6,46,Ross_Barkley,Barkley,Aston Villa,MID,50,Brentford,True,a,2.438393
6,371,Ryan_Gravenberch,Gravenberch,Liverpool,MID,60,Man City,True,a,2.4353566
6,265,Sander_Berge,Berge,Fulham,MID,50,Ipswich Town,False,a,2.4270544
6,553,Wilson_Isidor,Isidor,Sunderland,FWD,55,Brighton,True,a,2.410497
6,51,George_Hemmings,George Hemmings,Aston Villa,MID,45,Brentford,True,a,2.410183
6,357,Jeremie_Frimpong,Frimpong,Liverpool,DEF,55,Man City,True,a,2.4008253
6,491,Igor Jesus_Maciel da Cruz,Igor Jesus,Nott'm Forest,FWD,59,Crystal Palace,False,a,2.3968296
6,264,Oscar_Bobb,Bobb,Fulham,MID,55,Ipswich Town,False,a,2.3904011
6,257,Calvin_Bassey,Bassey,Fulham,DEF,45,Ipswich Town,False,a,2.3834095
6,230,Jarrad_Branthwaite,Branthwaite,Everton,DEF,55,Hull City,False,a,2.3596249
6,32,Matty_Cash,Cash,Aston Villa,DEF,45,Brentford,True,a,2.3502257
6,67,Rayan Vitor_Simplício Rocha,Rayan,Bournemouth,MID,65,Chelsea,False,a,2.3353627
6,204,Tyrick_Mitchell,Mitchell,Crystal Palace,DEF,45,Nott'm Forest,True,a,2.3323257
6,514,Mathys_Tel,Tel,Spurs,MID,59,Man Utd,False,a,2.3303306
6,566,António João_Pereira de Albuquerque Tavares da Silva,Silva,Bournemouth,DEF,50,Chelsea,False,a,2.3001878
6,105,Jaidon_Anthony,Anthony,Brentford,MID,60,Aston Villa,False,a,2.2987423
6,522,Archie_Gray,Gray,Spurs,MID,50,Man Utd,False,a,2.2980077
6,244,Harrison_Armstrong,Armstrong,Everton,MID,50,Hull City,False,a,2.2882128
6,173,Bobby_Thomas,Thomas,Coventry City,DEF,40,Newcastle,True,a,2.28792
6,536,Reinildo_Mandava,Reinildo,Sunderland,DEF,45,Brighton,True,a,2.283579
6,496,Antonín_Kinský,Kinsky,Spurs,GK,45,Man Utd,False,a,2.2701476
6,541,Thomas_Meunier,Meunier,Sunderland,DEF,45,Brighton,True,a,2.264585
6,338,Ethan_Ampadu,Ampadu,Leeds,MID,55,Arsenal,False,a,2.2486093
6,167,Liam_Delap,Delap,Nott'm Forest,FWD,55,Crystal Palace,False,a,2.246329
6,358,Milos_Kerkez,Kerkez,Liverpool,DEF,55,Man City,True,a,2.2351172
6,184,Matt_Grimes,Grimes,Coventry City,MID,50,Newcastle,True,a,2.2245202
6,71,Lewis_Cook,Cook,Bournemouth,MID,50,Chelsea,False,a,2.1661975
6,586,Nobel_Mendy,Mendy,Hull City,DEF,40,Everton,True,a,2.1468565
6,114,Olivier_Boscagli,Boscagli,Brighton,DEF,45,Sunderland,False,a,2.1334004
6,516,Rodrigo_Bentancur,Bentancur,Spurs,MID,55,Man Utd,False,a,2.1302452
6,190,Loum_Tchaouna,Tchaouna,Coventry City,MID,55,Newcastle,True,a,2.1285295
6,309,Marcelino_Núñez,Núñez,Ipswich Town,MID,50,Fulham,True,a,2.1192238
6,588,Anan_Khalaili,Khalaili,Crystal Palace,DEF,50,Nott'm Forest,True,a,2.1136508
6,233,Vitalii_Mykolenko,Mykolenko,Everton,DEF,45,Hull City,False,a,2.0796204
6,36,Ian_Maatsen,Maatsen,Aston Villa,DEF,45,Brentford,True,a,2.0780303
6,570,César_Palacios,Palacios,Fulham,MID,55,Ipswich Town,False,a,2.068443
6,316,Emersonn_Correia da Silva,Emersonn,Ipswich Town,FWD,55,Fulham,True,a,2.0602906
6,222,Jørgen_Strand Larsen,Strand Larsen,Crystal Palace,FWD,60,Nott'm Forest,True,a,2.0588856
6,455,Sandro_Tonali,Tonali,Spurs,MID,54,Man Utd,False,a,2.0565345
6,474,Jair_Paula da Cunha Filho,Jair Cunha,Nott'm Forest,DEF,45,Crystal Palace,False,a,2.0194547
6,95,Dango_Ouattara,O.Dango,Brentford,MID,65,Aston Villa,False,a,2.0125296
6,304,Dara_O'Shea,O'Shea,Ipswich Town,DEF,40,Fulham,True,a,2.011117
6,239,James_Garner,Garner,Everton,MID,60,Hull City,False,a,1.9961783
6,155,Enzo_Fernández,Enzo,Man City,MID,69,Liverpool,False,a,1.9884449
6,34,Pau_Torres,Pau,Aston Villa,DEF,45,Brentford,True,a,1.9599411
6,31,Ezri_Konsa Ngoyo,Konsa,Arsenal,DEF,44,Leeds,True,a,1.9343951
6,562,Daizen_Maeda,Maeda,Ipswich Town,MID,55,Fulham,True,a,1.9251229
6,242,Tyrique_George,George,Everton,MID,55,Hull City,False,a,1.9171871
6,194,Brandon_Thomas-Asante,Thomas-Asante,Coventry City,FWD,50,Newcastle,True,a,1.9111018
6,183,Jack_Rudoni,Rudoni,Coventry City,MID,50,Newcastle,True,a,1.897834
6,151,Josh_Acheampong,Acheampong,Chelsea,DEF,45,Bournemouth,True,a,1.8794782
6,525,Mateus_Fernandes,Fernandes,Spurs,MID,59,Man Utd,False,a,1.86265
6,253,Joachim_Andersen,Andersen,Fulham,DEF,50,Ipswich Town,False,a,1.8626208
6,405,Nico_González Iglesias,N.Gonzalez,Newcastle,MID,55,Coventry City,False,a,1.8544687
6,334,Tarik_Muharemović,Muharemović,Leeds,DEF,50,Arsenal,False,a,1.8482294
6,534,Trai_Hume,Hume,Sunderland,DEF,45,Brighton,True,a,1.8481079
6,417,Diogo_Dalot Teixeira,Dalot,Man Utd,DEF,50,Spurs,True,a,1.820998
6,503,Micky_van de Ven,Van de Ven,Spurs,DEF,50,Man Utd,False,a,1.8200974
6,575,Caleb_Yirenkyi,Yirenkyi,Coventry City,MID,50,Newcastle,True,a,1.8180631
6,110,Carl_Rushworth,Rushworth,Coventry City,GK,45,Newcastle,True,a,1.8138248
6,552,Brian_Brobbey,Brobbey,Sunderland,FWD,59,Brighton,True,a,1.7982913
6,241,Dwight_McNeil,McNeil,Crystal Palace,MID,55,Nott'm Forest,True,a,1.7894013
6,149,Levi_Samuels Colwill,Colwill,Chelsea,DEF,50,Bournemouth,True,a,1.7666694
6,246,Merlin_Röhl,Röhl,Everton,MID,50,Hull City,False,a,1.7386113
6,96,Mikkel_Damsgaard,Damsgaard,Brentford,MID,55,Aston Villa,False,a,1.7304163
6,532,Daniel_Ballard,Ballard,Sunderland,DEF,50,Brighton,True,a,1.7276044
6,502,Andrew_Robertson,Robertson,Spurs,DEF,45,Man Utd,False,a,1.7204494
6,332,James_Justin,Justin,Leeds,DEF,45,Arsenal,False,a,1.7009364
6,576,Elliot_Stroud,Stroud,Hull City,MID,50,Everton,True,a,1.7000508
6,419,Lisandro_Martínez,Martinez,Man Utd,DEF,50,Spurs,True,a,1.6967609
6,558,Xaver_Schlager,Schlager,Nott'm Forest,MID,50,Crystal Palace,False,a,1.6679994
6,577,Takehiro_Tomiyasu,Tomiyasu,Crystal Palace,DEF,45,Nott'm Forest,True,a,1.659932
6,337,Brenden_Aaronson,Aaronson,Leeds,MID,55,Arsenal,False,a,1.6554924
6,142,Reece_James,James,Chelsea,DEF,55,Bournemouth,True,a,1.6427624
6,439,Benjamin_Sesko,Šeško,Man Utd,FWD,70,Spurs,True,a,1.6270822
6,327,Jaka_Bijol,Bijol,Leeds,DEF,50,Arsenal,False,a,1.5692707
6,418,Harry_Maguire,Maguire,Man Utd,DEF,50,Spurs,True,a,1.5299039
6,145,Wesley_Fofana,Fofana,Chelsea,DEF,50,Bournemouth,True,a,1.5293701
6,306,Jacob_Greaves,Greaves,Ipswich Town,DEF,40,Fulham,True,a,1.5212232
6,113,Ferdi_Kadıoğlu,F.Kadıoğlu,Brighton,DEF,44,Sunderland,False,a,1.5156399
6,583,Pep_Chavarría,Chavarria,Chelsea,DEF,50,Bournemouth,True,a,1.5090008
6,64,Adam_Smith,Smith,Bournemouth,DEF,45,Chelsea,False,a,1.5025698
6,330,Jayden_Bogle,Bogle,Leeds,DEF,45,Arsenal,False,a,1.496301
6,201,Daniel_Muñoz Mejía,Muñoz,Nott'm Forest,DEF,54,Crystal Palace,False,a,1.4676987
6,14,Eberechi_Eze,Eze,Arsenal,MID,64,Leeds,True,a,1.4545984
6,112,Jan Paul_van Hecke,Van Hecke,Spurs,DEF,49,Man Utd,False,a,1.4346882
6,611,Aaron_Wan-Bissaka,Wan-Bissaka,Aston Villa,DEF,45,Brentford,True,a,1.4243219
6,526,Dominic_Solanke-Mitchell,Solanke,Spurs,FWD,59,Man Utd,False,a,1.4058318
6,37,Victor_Lindelöf,Lindelöf,Aston Villa,DEF,45,Brentford,True,a,1.3944091
6,512,Mohammed_Kudus,Kudus,Spurs,MID,65,Man Utd,False,a,1.3925931
6,422,Noussair_Mazraoui,Mazraoui,Man Utd,DEF,45,Spurs,True,a,1.380277
6,42,Evann_Guessand,Guessand,Crystal Palace,MID,55,Nott'm Forest,True,a,1.3686844
6,176,Jay_Dasilva,Dasilva,Coventry City,DEF,40,Newcastle,True,a,1.3667748
6,162,Andrey_Nascimento dos Santos,Andrey Santos,Man Utd,MID,49,Spurs,True,a,1.3497212
6,123,Jack_Hinshelwood,Hinshelwood,Brighton,MID,60,Sunderland,False,d,1.3440877
6,125,Georginio_Rutter,Georginio,Brighton,FWD,55,Sunderland,False,d,1.3433577
6,160,Alejandro_Garnacho Ferreyra,Garnacho,Aston Villa,MID,59,Brentford,True,a,1.3396981
6,492,Taiwo_Awoniyi,Awoniyi,Coventry City,FWD,55,Newcastle,True,a,1.3359293
6,104,Frank_Onyeka,Onyeka,Coventry City,MID,50,Newcastle,True,a,1.3358307
6,336,Noah_Okafor,Okafor,Leeds,MID,59,Arsenal,False,a,1.333182
6,195,Ellis_Simms,Simms,Coventry City,FWD,50,Newcastle,True,a,1.3151876
6,175,Milan_van Ewijk,van Ewijk,Coventry City,DEF,40,Newcastle,True,a,1.298987
6,73,Tyler_Adams,Adams,Bournemouth,MID,50,Chelsea,False,a,1.2988962
6,247,Hayden_Hackney,Hackney,Everton,MID,55,Hull City,False,a,1.2956738
6,280,Lewie_Coyle,Coyle,Hull City,DEF,40,Everton,True,d,1.2533479
6,11,Cristhian_Mosquera,Mosquera,Arsenal,DEF,55,Leeds,True,d,1.2418939
6,29,Marco_Bizot,M.Bizot,Aston Villa,GK,45,Brentford,True,a,1.2346745
6,182,Aurèle_Amenda,Amenda,Coventry City,DEF,40,Newcastle,True,a,1.2126151
6,238,Jack_Grealish,Grealish,Everton,MID,65,Hull City,False,a,1.2124989
6,421,Ayden_Heaven,Heaven,Man Utd,DEF,45,Spurs,True,a,1.201285
6,420,Leny_Yoro,Yoro,Man Utd,DEF,49,Spurs,True,a,1.200449
6,19,Martín_Zubimendi Ibáñez,Zubimendi,Arsenal,MID,54,Leeds,True,a,1.1960359
6,580,Shea_Charles,Charles,Fulham,MID,50,Ipswich Town,False,a,1.181803
6,186,Ephron_Mason-Clark,Mason-Clark,Coventry City,MID,54,Newcastle,True,a,1.1816114
6,188,Victor_Torp,Torp,Coventry City,MID,54,Newcastle,True,a,1.181069
6,403,Sávio_Moreira de Oliveira,Sávio,Spurs,MID,65,Man Utd,False,a,1.1773145
6,364,Kostas_Tsimikas,Tsimikas,Liverpool,DEF,50,Man City,True,a,1.1700909
6,209,Brennan_Johnson,Johnson,Everton,MID,59,Hull City,False,a,1.1581175
6,619,Exequiel_Palacios,Palacios,Ipswich Town,MID,50,Fulham,True,a,1.1454842
6,520,Lucas_Bergvall,Bergvall,Spurs,MID,54,Man Utd,False,a,1.1426203
6,584,Gustavo_Hamer,Hamer,Coventry City,MID,55,Newcastle,True,a,1.1360737
6,17,Mikel_Merino Zazón,Merino,Arsenal,MID,59,Leeds,True,a,1.1353178
6,616,Ayyoub_Bouaddi,Bouaddi,Man City,MID,55,Liverpool,False,a,1.1273999
6,462,Sean_Steur,Steur,Newcastle,MID,50,Coventry City,False,a,1.125304
6,237,Iliman_Ndiaye,Ndiaye,Man City,MID,60,Liverpool,False,a,1.1164197
6,506,Destiny_Udogie,Udogie,Spurs,DEF,45,Man Utd,False,a,1.1115519
6,255,Jorge_Cuenca Barreno,J.Cuenca,Fulham,DEF,45,Ipswich Town,False,a,1.0915536
6,129,Yasin_Ayari,Ayari,Brighton,MID,54,Sunderland,False,d,1.0899982
6,452,Bruno_Guimarães Rodriguez Moura,Bruno G.,Arsenal,MID,68,Leeds,True,d,1.0784816
6,369,Rio_Ngumoha,Ngumoha,Liverpool,MID,59,Man City,True,a,1.0770884
6,262,Emile_Smith Rowe,Smith Rowe,Fulham,MID,55,Ipswich Town,False,a,1.076927
6,269,Ryan_Sessegnon,Sessegnon,Fulham,DEF,45,Ipswich Town,False,a,1.0709755
6,542,Enzo_Le Fée,E.Le Fée,Sunderland,MID,59,Brighton,True,a,1.0688546
6,102,Yehor_Yarmoliuk,Yarmoliuk,Brentford,MID,49,Aston Villa,False,a,1.0668592
6,347,Lukas_Nmecha,Nmecha,Leeds,FWD,55,Arsenal,False,a,1.046894
6,498,Marcos_Senesi Barón,Senesi,Spurs,DEF,59,Man Utd,False,a,1.0373145
6,406,Mateo_Kovačić,Kovačić,Man City,MID,55,Liverpool,False,a,1.0297706
6,16,Noni_Madueke,Madueke,Arsenal,MID,63,Leeds,True,a,1.0292703
6,389,Matheus_Nunes,Matheus N.,Man City,DEF,59,Liverpool,False,a,1.0271134
6,395,Rico_Lewis,Lewis,Man City,DEF,45,Liverpool,False,a,1.0227998
6,119,João Pedro_Loureiro da Costa,Costinha,Brighton,DEF,45,Sunderland,False,a,1.0213144
6,263,Kevin_Santos Lopes de Macedo,Kevin,Fulham,MID,54,Ipswich Town,False,a,1.0185701
6,35,Lamare_Bogarde,Bogarde,Aston Villa,MID,50,Brentford,True,a,1.011434
6,323,Kasey_McAteer,McAteer,Ipswich Town,MID,45,Fulham,True,a,1.0104457
6,157,Estêvão_Almeida de Oliveira Gonçalves,Estêvão,Chelsea,MID,64,Bournemouth,True,a,1.0095705
6,549,Chemsdine_Talbi,Talbi,Sunderland,MID,54,Brighton,True,a,1.0091369
6,423,Luke_Shaw,Shaw,Man Utd,DEF,45,Spurs,True,a,1.0035862
6,490,Chris_Wood,Wood,Nott'm Forest,FWD,59,Crystal Palace,False,a,0.99017096
6,600,Ibrahim_Osman,Osman,Brighton,MID,50,Sunderland,False,a,0.98980373
6,90,Aaron_Hickey,Hickey,Brentford,DEF,45,Aston Villa,False,a,0.98541075
6,108,Callum_Wilson,Wilson,Brentford,FWD,55,Aston Villa,False,a,0.98313224
6,535,Omar_Alderete,Alderete,Sunderland,DEF,50,Brighton,True,a,0.97412944
6,579,Ronald_Araujo,Araujo,Liverpool,DEF,54,Man City,True,a,0.96782655
6,457,Jacob_Murphy,J.Murphy,Newcastle,MID,59,Coventry City,False,a,0.96250755
6,519,Conor_Gallagher,Gallagher,Spurs,MID,54,Man Utd,False,a,0.9603349
6,592,Abdoul_Ouattara,Ouattara,Ipswich Town,DEF,40,Fulham,True,a,0.95895666
6,9,Piero_Hincapié,Hincapie,Arsenal,DEF,54,Leeds,True,a,0.9512491
6,52,Alysson Edward Franco_da Rocha dos Santos,Alysson,Aston Villa,MID,50,Brentford,True,a,0.9481908
6,289,Matt_Crooks,Crooks,Hull City,MID,45,Everton,True,d,0.93951094
6,456,Jacob_Ramsey,J.Ramsey,Newcastle,MID,50,Coventry City,False,a,0.93925977
6,482,Callum_Hudson-Odoi,Hudson-Odoi,Nott'm Forest,MID,59,Crystal Palace,False,a,0.92446214
6,345,Tanaka_Ao,Tanaka,Leeds,MID,49,Arsenal,False,a,0.9214193
6,548,Chris_Rigg,Rigg,Sunderland,MID,50,Brighton,True,a,0.92017466
6,260,Harry_Wilson,Wilson,Leeds,MID,64,Arsenal,False,a,0.9197366
6,621,Ryan_McAidoo,McAidoo,Man City,MID,45,Liverpool,False,a,0.9065961
6,488,Ibrahim_Sangaré,I.Sangaré,Nott'm Forest,MID,49,Crystal Palace,False,a,0.9051842
6,185,Tatsuhiro_Sakamoto,Sakamoto,Coventry City,MID,49,Newcastle,True,a,0.8870214
6,153,Axel_Disasi,Disasi,Crystal Palace,DEF,45,Nott'm Forest,True,a,0.87957644
6,478,Luca_Netz,Netz,Nott'm Forest,DEF,45,Crystal Palace,False,a,0.8727338
6,343,Daniel_James,James,Leeds,MID,50,Arsenal,False,a,0.86801726
6,595,Zavier_Gozo,Gozo,Crystal Palace,MID,50,Nott'm Forest,True,a,0.85971075
6,33,Tyrone_Mings,Mings,Aston Villa,DEF,45,Brentford,True,a,0.8540713
6,415,Patrick_Dorgu,Dorgu,Man Utd,MID,59,Spurs,True,a,0.843869
6,159,Moisés_Caicedo Corozo,Caicedo,Chelsea,MID,54,Bournemouth,True,d,0.8413498
6,313,Jack_Clarke,Clarke,Ipswich Town,MID,55,Fulham,True,a,0.82625085
6,589,Lucas_Gourna-Douath,Gourna-Douath,Hull City,MID,50,Everton,True,a,0.8231751
6,617,Mohamed-Ali_Cho,Cho,Hull City,MID,50,Everton,True,a,0.8189747
6,563,Hidemasa_Morita,Morita,Hull City,MID,50,Everton,True,a,0.8088267
6,515,James_Maddison,Maddison,Spurs,MID,64,Man Utd,False,d,0.8055686
6,585,Lucas_Herrington,Herrington,Hull City,DEF,40,Everton,True,a,0.7880492
6,446,Fabian_Schär,Schär,Newcastle,DEF,50,Coventry City,False,a,0.7773216
6,557,Christos_Tzolis,Tzolis,Arsenal,MID,65,Leeds,True,a,0.76415235
6,56,Tammy_Abraham,Abraham,Aston Villa,FWD,55,Brentford,True,a,0.7620471
6,135,Zadok_Yohanna,Yohanna,Brighton,MID,50,Sunderland,False,a,0.7411676
6,207,Oscar_Mingueza,Mingueza,Crystal Palace,DEF,44,Nott'm Forest,True,a,0.7208872
6,461,Bazoumana_Touré,Touré,Newcastle,MID,59,Coventry City,False,a,0.7176396
6,381,Lewis_Koumas,Koumas,Liverpool,MID,50,Man City,True,a,0.69962394
6,74,David_Brooks,Brooks,Bournemouth,MID,50,Chelsea,False,a,0.6958214
6,559,Aladji_Bamba,Bamba,Newcastle,MID,50,Coventry City,False,a,0.69018924
6,568,Valentín_Barco,Barco,Chelsea,MID,55,Bournemouth,True,a,0.677997
6,243,Carlos_Alcaraz Durán,Alcaraz,Everton,MID,50,Hull City,False,a,0.6738505
6,622,Kaden_Braithwaite,Braithwaite,Man City,DEF,40,Liverpool,False,a,0.6661339
6,539,Luke_O'Nien,O'Nien,Sunderland,DEF,40,Brighton,True,a,0.66424733
6,321,Sindre_Walle Egeli,Walle Egeli,Ipswich Town,FWD,45,Fulham,True,a,0.6639611
6,487,Nicolás_Domínguez,Dominguez,Nott'm Forest,MID,50,Crystal Palace,False,a,0.66068995
6,598,Nico_Elvedi,Elvedi,Leeds,DEF,45,Arsenal,False,a,0.640532
6,620,El Hadji Malick_Diouf,Diouf,Brentford,DEF,45,Aston Villa,False,a,0.640067
6,375,Trey_Nyoni,Nyoni,Liverpool,MID,50,Man City,True,a,0.6187153
6,435,Shea_Lacey,Lacey,Man Utd,MID,50,Spurs,True,a,0.6170345
6,594,Promise_David,David,Brighton,FWD,60,Sunderland,False,a,0.61171174
6,596,Matteo_Ruggeri,Ruggeri,Aston Villa,DEF,45,Brentford,True,a,0.60718817
6,76,Alex_Tóth,Tóth.A,Bournemouth,MID,50,Chelsea,False,a,0.6039339
6,608,Daniel_Jebbison,Jebbison,Bournemouth,FWD,50,Chelsea,False,a,0.584439
6,271,Rodrigo_Muniz Carvalho,Muniz,Fulham,FWD,55,Ipswich Town,False,a,0.5719369
6,547,Romaine_Mundle,Mundle,Sunderland,MID,50,Brighton,True,a,0.57144094
6,89,Rico_Henry,Henry,Brentford,DEF,45,Aston Villa,False,a,0.56993294
6,164,Geovany_Quenda,Quenda,Chelsea,MID,54,Bournemouth,True,a,0.5521152
6,75,Ryan_Christie,Christie,Bournemouth,MID,50,Chelsea,False,a,0.5466322
6,81,Álvaro_Rodríguez,Rodríguez,Bournemouth,FWD,60,Chelsea,False,a,0.5385282
6,339,Sean_Longstaff,Longstaff,Leeds,MID,50,Arsenal,False,a,0.51521254
6,631,Ibrahim_Mbaye,Mbaye,Aston Villa,MID,60,Brentford,True,a,0.51370376
6,212,Will_Hughes,Hughes,Crystal Palace,MID,45,Nott'm Forest,True,a,0.505071
6,240,Tim_Iroegbunam,Iroegbunam,Hull City,MID,50,Everton,True,a,0.49948826
6,25,Viktor_Gyökeres,Gyökeres,Arsenal,FWD,73,Leeds,True,a,0.49528167
6,618,Leon_Goretzka,Goretzka,Aston Villa,MID,60,Brentford,True,a,0.49433318
6,91,Ethan_Pinnock,Pinnock,Coventry City,DEF,45,Newcastle,True,a,0.45443144
6,308,Darnell_Furlong,Furlong,Ipswich Town,DEF,40,Fulham,True,a,0.44212422
6,111,Jason_Steele,Steele,Brighton,GK,40,Sunderland,False,a,0.4303093
6,581,Ousmane_Diomande,Diomande,Nott'm Forest,DEF,54,Crystal Palace,False,a,0.38795507
6,328,Pascal_Struijk,Struijk,Brighton,DEF,50,Sunderland,False,a,0.38755566
6,578,Mykhailo_Mudryk,Mudryk,Spurs,MID,54,Man Utd,False,a,0.37442586
6,497,Martin_Dubravka,Dubravka,Spurs,GK,40,Man Utd,False,a,0.36269903
6,72,Ben_Gannon-Doak,Gannon-Doak,Bournemouth,MID,50,Chelsea,False,a,0.3612472
6,136,Danny_Welbeck,Welbeck,Chelsea,FWD,59,Bournemouth,True,a,0.3533527
6,392,Rayan_Aït-Nouri,Aït-Nouri,Man City,DEF,54,Liverpool,False,a,0.34703112
6,442,Nick_Pope,Pope,Newcastle,GK,50,Coventry City,False,a,0.34045914
6,232,Jake_O'Brien,O'Brien,Everton,DEF,49,Hull City,False,a,0.32291508
6,493,Arnaud_Kalimuendo,Kalimuendo,Nott'm Forest,FWD,54,Crystal Palace,False,a,0.31497896
6,396,Vitor_de Oliveira Nunes dos Reis,Vitor Reis,Man City,DEF,45,Liverpool,False,a,0.307714
6,5,Jurriën_Timber,J.Timber,Arsenal,DEF,65,Leeds,True,d,0.30694646
6,58,Fraser_Forster,Forster,Bournemouth,GK,40,Chelsea,False,a,0.29297426
6,301,Alex_Palmer,Palmer,Ipswich Town,GK,40,Fulham,True,a,0.28562453
6,556,Matt_Targett,Targett,Hull City,DEF,40,Everton,True,a,0.27941424
6,489,Ryan_Yates,Yates,Nott'm Forest,MID,45,Crystal Palace,False,a,0.27736133
6,152,Marco_Palestra,Palestra,Chelsea,DEF,54,Bournemouth,True,d,0.26041248
6,647,Darío_Osorio,Osorio,Crystal Palace,MID,55,Nott'm Forest,True,a,0.2583132
6,62,Bafodé_Diakité,Diakité,Bournemouth,DEF,50,Chelsea,False,a,0.254313
6,285,Paddy_McNair,McNair,Hull City,DEF,40,Everton,True,a,0.2542435
6,231,Michael_Keane,Keane,Everton,DEF,49,Hull City,False,a,0.24577042
6,626,Macauley_Zepa,Zepa,Fulham,MID,45,Ipswich Town,False,a,0.24541788
6,38,Andrés_García,A.García,Aston Villa,DEF,40,Brentford,True,a,0.23521212
6,213,Jefferson_Lerma Solís,Lerma,Crystal Palace,MID,49,Nott'm Forest,True,a,0.23440488
6,501,Kevin_Danso,Danso,Sunderland,DEF,50,Brighton,True,a,0.22760214
6,158,Jamie_Bynoe-Gittens,Gittens,Chelsea,MID,59,Bournemouth,True,a,0.20667939
6,331,Gabriel_Gudmundsson,Gudmundsson,Leeds,DEF,45,Arsenal,False,a,0.2001775
6,634,Matias_Fernandez-Pardo,Fernandez-Pardo,Newcastle,FWD,60,Coventry City,False,a,0.19975686
6,120,Michael_Svoboda,Svoboda,Brighton,DEF,50,Sunderland,False,a,0.19775487
6,101,Jordan_Henderson,Henderson,Chelsea,MID,50,Bournemouth,True,d,0.19746628
6,430,Mason_Mount,Mount,Man Utd,MID,54,Spurs,True,d,0.18934947
6,628,Allan_Andrade Elias,Allan,Man City,MID,60,Liverpool,False,a,0.18829365
6,147,Tosin_Adarabioyo,Tosin,Spurs,DEF,45,Man Utd,False,a,0.17842734
6,325,Karl_Darlow,Darlow,Man Utd,GK,45,Spurs,True,a,0.17647868
6,644,Quinten_Timber,Timber,Crystal Palace,MID,50,Nott'm Forest,True,a,0.17361875
6,646,Malick_Fofana,Fofana,Sunderland,MID,55,Brighton,True,a,0.17275792
6,272,Jonah_Kusi-Asare,Kusi-Asare,Fulham,FWD,45,Ipswich Town,False,a,0.17141615
6,571,Florentino Ibrain_Morris Luís,Florentino,Ipswich Town,MID,49,Fulham,True,a,0.17046812
6,630,Taylor_Harwood-Bellis,Harwood-Bellis,Aston Villa,DEF,45,Brentford,True,a,0.17043139
6,256,Kenny_Tete,Tete,Fulham,DEF,45,Ipswich Town,False,a,0.16777653
6,623,Dan_Bentley,Bentley,Coventry City,GK,40,Newcastle,True,a,0.1675968
6,643,Ben_Chilwell,Chilwell,Crystal Palace,DEF,45,Nott'm Forest,True,a,0.16600084
6,219,Jesurun_Rak-Sakyi,J.Rak-Sakyi,Crystal Palace,MID,50,Nott'm Forest,True,a,0.16538598
6,50,Bradley_Burrowes,Burrowes,Aston Villa,MID,45,Brentford,True,a,0.16208592
6,218,Cheick_Doucouré,Doucouré,Crystal Palace,MID,49,Nott'm Forest,True,a,0.16165292
6,440,Joshua_Zirkzee,Zirkzee,Man Utd,FWD,54,Spurs,True,a,0.15960951
6,633,Honest_Ahanor,Ahanor,Crystal Palace,DEF,45,Nott'm Forest,True,a,0.15915869
6,217,Matheus_França de Oliveira,M.França,Crystal Palace,MID,49,Nott'm Forest,True,a,0.15895577
6,245,Tyler_Dibling,Dibling,Everton,MID,54,Hull City,False,a,0.1528294
6,126,Matt_O'Riley,O'Riley,Brighton,MID,55,Sunderland,False,a,0.149372
6,613,Jules_Ahoka,Ahoka,Sunderland,MID,45,Brighton,True,a,0.14725499
6,606,Triston_Rowe,Rowe,Aston Villa,DEF,40,Brentford,True,a,0.14610364
6,639,José María_Andrés Baixauli,Andrés,Brighton,MID,55,Sunderland,False,a,0.14271511
6,642,Sorba_Thomas,Thomas,Hull City,MID,55,Everton,True,a,0.14066878
6,187,Josh_Eccles,Eccles,Coventry City,MID,49,Newcastle,True,a,0.14043391
6,495,Brandon_Austin,Austin,Spurs,GK,40,Man Utd,False,a,0.13730372
6,609,Leo_Shahar,Shahar,Newcastle,DEF,40,Coventry City,False,a,0.13244022
6,107,Kaye_Furo,Furo,Brentford,FWD,45,Aston Villa,False,a,0.13185391
6,100,Fábio_Freitas Gouveia Carvalho,Carvalho,Brentford,MID,50,Aston Villa,False,a,0.13062525
6,555,Remi_Matthews,Matthews,Crystal Palace,GK,40,Nott'm Forest,True,a,0.12614605
6,344,Ilia_Gruev,Gruev,Leeds,MID,50,Arsenal,False,d,0.12551868
6,601,Luca_Williams-Barnett,Williams-Barnett,Spurs,MID,45,Man Utd,False,a,0.12362587
6,434,Jack_Fletcher,J.Fletcher,Man Utd,MID,50,Spurs,True,a,0.12336929
6,441,Chido_Obi,Obi,Man Utd,FWD,45,Spurs,True,a,0.123179816
6,351,Giorgi_Mamardashvili,Mamardashvili,Liverpool,GK,49,Man City,True,a,0.12054805
6,20,Max_Dowman,Dowman,Arsenal,MID,54,Leeds,True,a,0.120491505
6,587,Gerónimo_Rulli,Rulli,Man City,GK,50,Liverpool,False,a,0.12041449
6,561,Aaron_Anselmino,Anselmino,Chelsea,DEF,45,Bournemouth,True,a,0.119397044
6,172,Ben_Wilson,Wilson,Coventry City,GK,45,Newcastle,True,a,0.119014174
6,117,Diego_Coppola,Coppola,Brighton,DEF,45,Sunderland,False,a,0.11827675
6,614,Jaouen_Hadjam,Hadjam,Brighton,DEF,45,Sunderland,False,a,0.11808065
6,650,David_Affengruber,Affengruber,Fulham,DEF,45,Ipswich Town,False,a,0.11740059
6,635,Hugo_Larsson,Larsson,Fulham,MID,50,Ipswich Town,False,a,0.11493053
6,636,Manuel Ángel_Morán Ibáñez,Ángel,Fulham,MID,50,Ipswich Town,False,a,0.11348712
6,93,Jannik_Schuster,Schuster,Brentford,DEF,45,Aston Villa,False,a,0.112465665
6,92,Kim_Ji-soo,Ji-soo,Brentford,DEF,45,Aston Villa,False,a,0.11142679
6,573,Juanlu_Sánchez,Sanchez,Bournemouth,DEF,45,Chelsea,False,a,0.1105899
6,270,Harrison_Reed,Reed,Fulham,MID,45,Ipswich Town,False,a,0.10935404
6,300,Christian_Walton,Walton,Ipswich Town,GK,45,Fulham,True,a,0.107307084
6,612,Dayann_Méthalie,Methalie,Sunderland,DEF,45,Brighton,True,a,0.10520805
6,590,Steven_Benda,Benda,Nott'm Forest,GK,45,Crystal Palace,False,a,0.104700714
6,302,David_Button,Button,Ipswich Town,GK,40,Fulham,True,a,0.10466212
6,508,Ben_Davies,Davies,Spurs,DEF,40,Man Utd,False,a,0.10369777
6,189,George_Shepherd,Shepherd,Coventry City,MID,45,Newcastle,True,a,0.102115095
6,251,Benjamin_Lecomte,Lecomte,Fulham,GK,40,Ipswich Town,False,a,0.1000984
6,324,Anis_Mehmeti,Mehmeti,Ipswich Town,MID,49,Fulham,True,a,0.10009249
6,468,John Victor_Maciel Furtado,John,Nott'm Forest,GK,45,Crystal Palace,False,a,0.099939585
6,524,Callum_Olusesi,Olusesi,Spurs,MID,45,Man Utd,False,a,0.09927537
6,648,Jean-Mattéo_Bahoya,Bahoya,Leeds,MID,50,Arsenal,False,a,0.0990932
6,227,Mark_Travers,Travers,Everton,GK,50,Hull City,False,a,0.09790994
6,560,Mike_Penders,Penders,Chelsea,GK,45,Bournemouth,True,a,0.097344615
6,640,Zian_Flemming,Flemming,Ipswich Town,FWD,55,Fulham,True,a,0.09728081
6,374,Endo_Wataru,Endo,Liverpool,MID,50,Man City,True,a,0.096312575
6,83,Hákon Rafn_Valdimarsson,Valdimarsson,Brentford,GK,45,Aston Villa,False,a,0.093630604
6,550,Djiamgone Jocelin Ta_Bi,Jocelin.T,Sunderland,MID,50,Brighton,True,a,0.09328893
6,221,Joél_Drakes-Thomas,Drakes-Thomas,Crystal Palace,MID,45,Nott'm Forest,True,a,0.092913166
6,178,Jake_Bidwell,Bidwell,Coventry City,DEF,40,Newcastle,True,a,0.09267762
6,296,David_Akintola,Akintola,Hull City,MID,50,Everton,True,a,0.09201489
6,599,Sidiki_Cherif,Cherif,Coventry City,FWD,50,Newcastle,True,a,0.090876564
6,179,Joel_Latibeaudiere,Latibeaudiere,Coventry City,DEF,40,Newcastle,True,a,0.089968145
6,438,Tyler_Fletcher,Fletcher,Man Utd,MID,45,Spurs,True,a,0.08949446
6,66,Julio_Soler Barreto,Soler,Bournemouth,DEF,40,Chelsea,False,a,0.08864143
6,437,Bendito_Mantato,Bendito Mantato,Man Utd,MID,45,Spurs,True,a,0.08811429
6,443,Mark_Gillespie,Gillespie,Newcastle,GK,45,Coventry City,False,a,0.088089906
6,574,Jens_Hjertø-Dahl,Hjertø-Dahl,Hull City,MID,50,Everton,True,a,0.08789322
6,424,Harry_Amass,Amass,Man Utd,DEF,40,Spurs,True,a,0.08789266
6,444,Ewen_Jaouen,Jaouen,Newcastle,GK,45,Coventry City,False,a,0.0877588
6,645,Christos_Mouzakitis,Mouzakitis,Hull City,MID,50,Everton,True,a,0.08668109
6,340,Joe_Gelhardt,Gelhardt,Hull City,MID,50,Everton,True,a,0.08596744
6,615,Michele_Di Gregorio,Di Gregorio,Bournemouth,GK,45,Chelsea,False,a,0.08575297
6,3,Illan_Meslier,Meslier,Arsenal,GK,50,Leeds,True,a,0.0857182
6,604,Alfie_Cresswell,Cresswell,Leeds,MID,45,Arsenal,False,a,0.08513585
6,303,Cédric_Kipré,Kipré,Ipswich Town,DEF,40,Fulham,True,a,0.08476005
6,649,Ainsley_Maitland-Niles,Maitland-Niles,Everton,DEF,45,Hull City,False,a,0.0837254
6,510,James_Rowswell,Rowswell,Spurs,DEF,40,Man Utd,False,a,0.08334612
6,509,Jun'ai_Byfield,Byfield,Spurs,DEF,40,Man Utd,False,a,0.08246839
6,292,Abdülkadir_Ömür,Ömür,Hull City,MID,49,Everton,True,a,0.07877735
6,352,Freddie_Woodman,Woodman,Liverpool,GK,40,Man City,True,a,0.077904575
6,476,Omar_Richards,O.Richards,Nott'm Forest,DEF,40,Crystal Palace,False,a,0.077751085
6,641,Melvin_Bard,Bard,Leeds,DEF,45,Arsenal,False,a,0.0777407
6,610,Luc_De Fougerolles,De Fougerolles,Fulham,DEF,40,Ipswich Town,False,d,0.077698894
6,134,Nehemiah_Oriola,Oriola,Brighton,MID,45,Sunderland,False,a,0.07736979
6,2,Kepa_Arrizabalaga Revuelta,Arrizabalaga,Arsenal,GK,50,Leeds,True,a,0.07584878
6,288,Kieran_Dowell,Dowell,Hull City,MID,45,Everton,True,a,0.07390125
6,386,Marcus_Bettinelli,Bettinelli,Man City,GK,45,Liverpool,False,a,0.073404126
6,651,Juan_Angulo,J.Angulo,Sunderland,FWD,45,Brighton,True,a,0.07195784
6,361,Wellity_Lucky,Lucky,Liverpool,DEF,40,Man City,True,a,0.06711557
6,629,Michael_Zetterer,Zetterer,Leeds,GK,40,Arsenal,False,a,0.06652561
6,378,James_McConnell,McConnell,Liverpool,MID,45,Man City,True,a,0.06608201
6,199,Walter_Benítez,Benitez,Crystal Palace,GK,45,Nott'm Forest,True,a,0.06587647
6,638,Brooke_Norton-Cuffy,Norton-Cuffy,Hull City,DEF,40,Everton,True,a,0.0645989
6,228,Tom_King,King,Everton,GK,45,Hull City,False,a,0.058179315
6,273,Dillon_Phillips,Phillips,Hull City,GK,40,Everton,True,a,0.05757973
6,625,Alex_Cairns,Cairns,Leeds,GK,40,Arsenal,False,a,0.05665263
6,170,Emmanuel_Emegha,Emegha,Chelsea,FWD,50,Bournemouth,True,a,0.056529183
6,632,Ilyas_Ansah,Ansah,Hull City,FWD,50,Everton,True,a,0.05522838
6,169,Shumaira_Mheuka,Mheuka,Chelsea,FWD,45,Bournemouth,True,a,0.054035556
6,637,Robinio_Vaz,Vaz,Hull City,FWD,50,Everton,True,a,0.053168662
6,603,Jayden_Lienou,Lienou,Leeds,DEF,40,Arsenal,False,a,0.05302858
6,284,Cathal_McCarthy,McCarthy,Hull City,DEF,40,Everton,True,a,0.04964173
6,355,Harvey_Davies,Davies,Liverpool,GK,40,Man City,True,a,0.048624933
6,531,Melker_Ellborg,Ellborg,Sunderland,GK,45,Brighton,True,a,0.047774762
6,382,Jayden_Danns,Danns,Liverpool,FWD,45,Man City,True,a,0.033262055
6,6,William_Saliba,Saliba,Arsenal,DEF,60,Leeds,True,i,0.0
6,18,Gabriel_Martinelli Silva,Martinelli,Arsenal,MID,63,Leeds,True,u,0.0
6,21,Christian_Nørgaard,Nørgaard,Everton,MID,49,Hull City,False,i,0.0
6,22,Ethan_Nwaneri,Nwaneri,Arsenal,MID,54,Leeds,True,u,0.0
6,23,Fábio_Ferreira Vieira,Fábio Vieira,Arsenal,MID,55,Leeds,True,u,0.0
6,24,Reiss_Nelson,Nelson,Arsenal,MID,55,Leeds,True,u,0.0
6,27,Gabriel_Fernando de Jesus,G.Jesus,Arsenal,FWD,59,Leeds,True,u,0.0
6,30,Lucas_Digne,Digne,Aston Villa,DEF,45,Brentford,True,u,0.0
6,39,Kosta_Nedeljkovic,Nedeljkovic,Aston Villa,DEF,40,Brentford,True,u,0.0
6,44,Leon_Bailey,Bailey,Aston Villa,MID,54,Brentford,True,u,0.0
6,48,Amadou_Onana,Onana,Aston Villa,MID,50,Brentford,True,i,0.0
6,49,Samuel_Iling-Junior,Iling Jr,Aston Villa,MID,50,Brentford,True,u,0.0
6,53,Johan_Manzambi,Manzambi,Aston Villa,MID,59,Brentford,True,i,0.0
6,54,Joao_Gomes,Gomes,Aston Villa,MID,55,Brentford,True,s,0.0
6,55,Ollie_Watkins,Watkins,Aston Villa,FWD,78,Brentford,True,u,0.0
6,59,Will_Dennis,Dennis,Bournemouth,GK,40,Chelsea,False,u,0.0
6,63,Veljko_Milosavljevic,Milosavljević,Bournemouth,DEF,50,Chelsea,False,i,0.0
6,65,Julián_Araujo Zúñiga,J.Araujo,Bournemouth,DEF,45,Chelsea,False,i,0.0
6,77,Amine_Adli,Adli,Bournemouth,MID,49,Chelsea,False,i,0.0
6,78,Junior_Kroupi,Kroupi.Jr,Bournemouth,MID,74,Chelsea,False,i,0.0
6,80,Enes_Ünal,Enes Ünal,Bournemouth,FWD,55,Chelsea,False,u,0.0
6,85,Sepp_van den Berg,Van den Berg,Brentford,DEF,49,Aston Villa,False,i,0.0
6,97,Mathias_Jensen,Jensen,Brentford,MID,55,Aston Villa,False,i,0.0
6,99,Antoni_Milambo,Milambo,Brentford,MID,50,Aston Villa,False,i,0.0
6,103,Josh_Dasilva,Dasilva,Brentford,MID,50,Aston Villa,False,i,0.0
6,118,Igor Julio_dos Santos de Paulo,Igor,Brighton,DEF,45,Sunderland,False,u,0.0
6,121,Mitoma_Kaoru,Mitoma,Brighton,MID,60,Sunderland,False,i,0.0
6,122,Yankuba_Minteh,Minteh,Brighton,MID,59,Sunderland,False,i,0.0
6,128,Facundo_Buonanotte,Buonanotte,Brighton,MID,50,Sunderland,False,u,0.0
6,130,Mats_Wieffer,Wieffer,Brighton,DEF,50,Sunderland,False,i,0.0
6,131,Carlos_Baleba,Baleba,Man Utd,MID,50,Spurs,True,i,0.0
6,132,Harry_Howell,Howell,Brighton,MID,45,Sunderland,False,u,0.0
6,133,Tom_Watson,Watson,Brighton,MID,50,Sunderland,False,u,0.0
6,137,Stefanos_Tzimas,Tzimas,Brighton,FWD,55,Sunderland,False,i,0.0
6,139,Evan_Ferguson,Ferguson,Brighton,FWD,50,Sunderland,False,i,0.0
6,140,Robert_Lynch Sánchez,Sánchez,Chelsea,GK,49,Bournemouth,True,u,0.0
6,141,Filip_Jörgensen,Jörgensen,Chelsea,GK,50,Bournemouth,True,u,0.0
6,143,Trevoh_Chalobah,Chalobah,Chelsea,DEF,55,Bournemouth,True,u,0.0
6,146,Benoît_Badiashile Mukinayi,B.Badiashile,Chelsea,DEF,45,Bournemouth,True,u,0.0
6,150,Mamadou_Sarr,M.Sarr,Chelsea,DEF,45,Bournemouth,True,u,0.0
6,163,Dário_Luís Essugo,D.Essugo,Chelsea,MID,45,Bournemouth,True,u,0.0
6,168,Marc_Guiu Paz,Marc Guiu,Chelsea,FWD,50,Bournemouth,True,u,0.0
6,171,Oliver_Dovin,Dovin,Coventry City,GK,40,Newcastle,True,u,0.0
6,174,Liam_Kitching,Kitching,Coventry City,DEF,40,Newcastle,True,u,0.0
6,177,Kaine_Kesler-Hayden,Kesler-Hayden,Coventry City,DEF,40,Newcastle,True,i,0.0
6,180,Luke_Woolfenden,Woolfenden,Coventry City,DEF,40,Newcastle,True,i,0.0
6,181,Miguel_Brau,Brau,Coventry City,DEF,40,Newcastle,True,u,0.0
6,191,Raphael_Borges Rodrigues,Borges Rodrigues,Coventry City,MID,45,Newcastle,True,u,0.0
6,192,Kai_Andrews,Andrews,Coventry City,MID,45,Newcastle,True,u,0.0
6,193,Haji_Wright,Wright,Coventry City,FWD,54,Newcastle,True,i,0.0
6,196,Jahnoah_Markelo,Markelo,Coventry City,FWD,50,Newcastle,True,u,0.0
6,197,Norman_Bassette,Bassette,Coventry City,FWD,45,Newcastle,True,u,0.0
6,205,Borna_Sosa,Sosa,Crystal Palace,DEF,45,Nott'm Forest,True,u,0.0
6,206,Chadi_Riad Dnanou,Chadi Riad,Crystal Palace,DEF,44,Nott'm Forest,True,i,0.0
6,208,Ismaïla_Sarr,Sarr,Crystal Palace,MID,63,Nott'm Forest,True,i,0.0
6,215,Justin_Devenny,Devenny,Crystal Palace,MID,50,Nott'm Forest,True,u,0.0
6,216,Romain_Esse,Esse,Crystal Palace,MID,50,Nott'm Forest,True,u,0.0
6,220,Rio_Cardines,Cardines,Crystal Palace,DEF,45,Nott'm Forest,True,u,0.0
6,223,Jean-Philippe_Mateta,Mateta,Crystal Palace,FWD,64,Nott'm Forest,True,i,0.0
6,225,Christantus_Uche,Uche,Crystal Palace,FWD,50,Nott'm Forest,True,u,0.0
6,234,Nathan_Patterson,Patterson,Everton,DEF,45,Hull City,False,u,0.0
6,235,Adam_Aznou,Aznou,Everton,DEF,40,Hull City,False,u,0.0
6,248,Norberto Bercique_Gomes Betuncal,Beto,Everton,FWD,54,Hull City,False,u,0.0
6,252,Alfie_McNally,McNally,Fulham,GK,40,Ipswich Town,False,u,0.0
6,266,Tom_Cairney,Cairney,Fulham,MID,50,Ipswich Town,False,i,0.0
6,274,Jack_Butland,Butland,Hull City,GK,45,Everton,True,i,0.0
6,275,Harvey_Cartwright,Cartwright,Hull City,GK,40,Everton,True,u,0.0
6,276,Thimothée_Lo-Tutala,Lo-Tutala,Hull City,GK,40,Everton,True,u,0.0
6,278,Charlie_Hughes,Hughes,Hull City,DEF,40,Everton,True,i,0.0
6,281,Cody_Drameh,Drameh,Hull City,DEF,40,Everton,True,u,0.0
6,283,Matty_Jacob,Jacob,Hull City,DEF,40,Everton,True,u,0.0
6,287,Liam_Millar,Millar,Hull City,MID,50,Everton,True,u,0.0
6,291,Eliot_Matazo,Matazo,Hull City,MID,45,Everton,True,i,0.0
6,293,Abu_Kamara,Kamara,Hull City,MID,50,Everton,True,u,0.0
6,294,Óscar_Zambrano,Zambrano,Hull City,MID,45,Everton,True,i,0.0
6,297,Darko_Gyabi,Gyabi,Hull City,MID,45,Everton,True,i,0.0
6,298,Enis_Destan,Destan,Hull City,FWD,45,Everton,True,u,0.0
6,299,Mason_Burstow,Burstow,Hull City,FWD,45,Everton,True,u,0.0
6,307,Ben_Johnson,Johnson,Ipswich Town,DEF,40,Fulham,True,u,0.0
6,310,Azor_Matusiwa,Matusiwa,Ipswich Town,MID,50,Fulham,True,i,0.0
6,311,Wes_Burns,Burns,Ipswich Town,MID,50,Fulham,True,u,0.0
6,312,Jack_Taylor,Taylor,Ipswich Town,MID,45,Fulham,True,i,0.0
6,314,Chiedozie_Ogbene,Ogbene,Ipswich Town,MID,49,Fulham,True,u,0.0
6,317,George_Hirst,Hirst,Ipswich Town,FWD,50,Fulham,True,u,0.0
6,318,Jaden_Philogene,Philogene,Ipswich Town,MID,54,Fulham,True,i,0.0
6,319,Sam_Szmodics,Szmodics,Ipswich Town,MID,50,Fulham,True,u,0.0
6,322,Ali_Al-Hamadi,Al-Hamadi,Ipswich Town,FWD,50,Fulham,True,u,0.0
6,326,Lucas Estella_Perri,Perri,Leeds,GK,45,Arsenal,False,u,0.0
6,329,Joe_Rodon,Rodon,Leeds,DEF,45,Arsenal,False,i,0.0
6,333,Sebastiaan_Bornauw,Bornauw,Leeds,DEF,45,Arsenal,False,u,0.0
6,341,Wilfried_Gnonto,Gnonto,Leeds,MID,50,Arsenal,False,u,0.0
6,342,Jack_Harrison,Harrison,Leeds,MID,50,Arsenal,False,u,0.0
6,348,Joël_Piroe,Piroe,Leeds,FWD,50,Arsenal,False,u,0.0
6,349,Mateo_Joseph Fernández-Regatillo,Mateo Joseph,Leeds,FWD,45,Arsenal,False,i,0.0
6,353,Armin_Pecsi,Pecsi,Liverpool,GK,40,Man City,True,u,0.0
6,354,Vitezslav_Jaros,Jaros,Liverpool,GK,40,Man City,True,i,0.0
6,359,Joe_Gomez,Gomez,Liverpool,DEF,50,Man City,True,i,0.0
6,360,Conor_Bradley,Bradley,Liverpool,DEF,50,Man City,True,i,0.0
6,363,Giovanni_Leoni,Leoni,Liverpool,DEF,40,Man City,True,i,0.0
6,365,Calvin_Ramsay,Ramsay,Liverpool,DEF,40,Man City,True,u,0.0
6,370,Federico_Chiesa,Chiesa,Liverpool,MID,54,Man City,True,i,0.0
6,373,Curtis_Jones,C.Jones,Liverpool,MID,55,Man City,True,u,0.0
6,376,Stefan_Bajčetić Maquieira,Bajcetic,Liverpool,MID,50,Man City,True,u,0.0
6,380,Hugo_Ekitiké,Ekitiké,Liverpool,FWD,75,Man City,True,i,0.0
6,383,Harvey_Elliott,Elliott,Liverpool,MID,54,Man City,True,u,0.0
6,394,Max_Alleyne,Alleyne,Man City,DEF,50,Liverpool,False,u,0.0
6,400,Jérémy_Doku,Doku,Man City,MID,74,Liverpool,False,i,0.0
6,402,Rodrigo 'Rodri'_Hernandez Cascante,Rodrigo,Man City,MID,65,Liverpool,False,u,0.0
6,404,Tijjani_Reijnders,Reijnders,Man City,MID,60,Liverpool,False,u,0.0
6,407,Claudio_Echeverri,Echeverri,Man City,MID,49,Liverpool,False,u,0.0
6,408,Kalvin_Phillips,Phillips,Man City,MID,50,Liverpool,False,u,0.0
6,409,Divine_Mukasa,Mukasa,Man City,MID,45,Liverpool,False,u,0.0
6,410,Jeremy_Monga,Monga,Man City,MID,49,Liverpool,False,u,0.0
6,413,Altay_Bayındır,Bayindir,Man Utd,GK,45,Spurs,True,u,0.0
6,414,Tom_Heaton,Heaton,Man Utd,GK,40,Spurs,True,i,0.0
6,416,Matthijs_de Ligt,De Ligt,Man Utd,DEF,50,Spurs,True,i,0.0
6,425,Tyler_Fredricson,Fredricson,Man Utd,DEF,40,Spurs,True,u,0.0
6,431,Amad_Diallo,Amad,Man Utd,MID,58,Spurs,True,i,0.0
6,433,Manuel_Ugarte Ribeiro,Ugarte,Man Utd,MID,50,Spurs,True,i,0.0
6,436,Toby_Collyer,Collyer,Man Utd,MID,50,Spurs,True,u,0.0
6,448,Dan_Burn,Burn,Newcastle,DEF,49,Coventry City,False,i,0.0
6,450,Tino_Livramento,Livramento,Newcastle,DEF,49,Coventry City,False,i,0.0
6,451,Alex_Murphy,A.Murphy,Newcastle,DEF,40,Coventry City,False,u,0.0
6,458,Joelinton Cássio_Apolinário de Lira,Joelinton,Newcastle,MID,54,Coventry City,False,i,0.0
6,463,Nick_Woltemade,Woltemade,Newcastle,FWD,59,Coventry City,False,u,0.0
6,465,William_Osula,Osula,Newcastle,FWD,59,Coventry City,False,i,0.0
6,466,Sean_Neave,Neave,Newcastle,FWD,45,Coventry City,False,u,0.0
6,470,Felipe_Rodrigues da Silva,Morato,Nott'm Forest,DEF,50,Crystal Palace,False,u,0.0
6,475,Nicolò_Savona,Savona,Nott'm Forest,DEF,45,Crystal Palace,False,i,0.0
6,477,Zach_Abbott,Abbott,Nott'm Forest,DEF,40,Crystal Palace,False,u,0.0
6,479,Tyler_Bindon,Bindon,Nott'm Forest,DEF,40,Crystal Palace,False,u,0.0
6,484,Omari_Hutchinson,Hutchinson,Nott'm Forest,MID,54,Crystal Palace,False,u,0.0
6,485,Dilane_Bakwa,Bakwa,Nott'm Forest,MID,55,Crystal Palace,False,u,0.0
6,494,Guglielmo_Vicario,Vicario,Spurs,GK,45,Man Utd,False,u,0.0
6,500,Cristian_Romero,Romero,Spurs,DEF,50,Man Utd,False,u,0.0
6,505,Djed_Spence,Spence,Spurs,DEF,45,Man Utd,False,u,0.0
6,507,Ashley_Phillips,Phillips,Spurs,DEF,45,Man Utd,False,u,0.0
6,511,João Victor_de Souza Menezes,Souza,Spurs,DEF,40,Man Utd,False,u,0.0
6,513,Xavi_Simons,Xavi,Spurs,MID,60,Man Utd,False,i,0.0
6,517,Wilson_Odobert,Odobert,Spurs,MID,55,Man Utd,False,i,0.0
6,518,Pape Matar_Sarr,P.M.Sarr,Spurs,MID,49,Man Utd,False,u,0.0
6,521,Dejan_Kulusevski,Kulusevski,Spurs,MID,65,Man Utd,False,i,0.0
6,523,Mikey_Moore,Moore,Spurs,MID,50,Man Utd,False,u,0.0
6,527,Richarlison_de Andrade,Richarlison,Spurs,FWD,59,Man Utd,False,u,0.0
6,528,Dane_Scarlett,Scarlett,Spurs,FWD,45,Man Utd,False,u,0.0
6,530,Anthony_Patterson,Patterson,Sunderland,GK,40,Brighton,True,u,0.0
6,537,Jenson_Seelt,Seelt,Sunderland,DEF,45,Brighton,True,u,0.0
6,538,Leo Fuhr_Hjelde,Hjelde,Sunderland,DEF,40,Brighton,True,u,0.0
6,540,Arthur_Masuaku,Masuaku,Sunderland,DEF,40,Brighton,True,u,0.0
6,543,Habib_Diarra,Diarra,Sunderland,MID,55,Brighton,True,i,0.0
6,546,Simon_Adingra,Adingra,Sunderland,MID,49,Brighton,True,u,0.0
6,554,Kayne_van Oevelen,Van Oevelen,Ipswich Town,GK,45,Fulham,True,u,0.0
6,582,Brian_Madjo,Madjo,Aston Villa,FWD,55,Brentford,True,i,0.0
6,602,Cameron_Humphreys,Humphreys,Ipswich Town,MID,45,Fulham,True,u,0.0
6,607,Luka_Lynch,Lynch,Aston Villa,MID,45,Brentford,True,u,0.0
6,624,Amario_Cozier-Duberry,Cozier-Duberry,Brighton,MID,50,Sunderland,False,u,0.0
6,652,Femi_Azeez,Azeez,Brighton,MID,55,Sunderland,False,i,0.0
