gw,element,name,web_name,team_name,position,value,opponent_team_name,was_home,status,pred_decomposed_tuned
4,411,Erling_Haaland,Haaland,Man City,FWD,155,Man Utd,False,a,6.5488224
4,426,Bruno_Borges Fernandes,B.Fernandes,Man Utd,MID,120,Man City,True,a,5.6201215
4,165,João Pedro_Junqueira de Jesus,João Pedro,Chelsea,FWD,77,Hull City,True,a,5.035886
4,379,Alexander_Isak,Isak,Liverpool,FWD,91,Fulham,True,a,4.883982
4,12,Bukayo_Saka,Saka,Arsenal,MID,95,Sunderland,False,a,4.7575064
4,480,Morgan_Gibbs-White,Gibbs-White,Nott'm Forest,MID,79,Aston Villa,False,a,4.650757
4,356,Virgil_van Dijk,Virgil,Liverpool,DEF,65,Fulham,True,a,4.5735645
4,368,Dominik_Szoboszlai,Szoboszlai,Liverpool,MID,70,Fulham,True,a,4.542529
4,4,Gabriel_dos Santos Magalhães,Gabriel,Arsenal,DEF,80,Sunderland,False,a,4.492749
4,427,Bryan_Mbeumo,Mbeumo,Man Utd,MID,79,Man City,True,a,4.440898
4,388,Marc_Guéhi,Guéhi,Man City,DEF,60,Man Utd,False,a,4.3410234
4,249,Thierno_Barry,Barry,Everton,FWD,56,Spurs,False,a,4.256718
4,211,Yéremy_Pino Santos,Yeremy,Crystal Palace,MID,55,Ipswich Town,True,a,4.2010474
4,68,Marcus_Tavernier,Tavernier,Bournemouth,MID,60,Brentford,True,a,4.1189046
4,154,Cole_Palmer,Palmer,Chelsea,MID,97,Hull City,True,a,3.9970863
4,127,Diego_Gómez Amarilla,Gomez,Brighton,MID,50,Coventry City,False,a,3.9676857
4,224,Eddie_Nketiah,Nketiah,Crystal Palace,FWD,55,Ipswich Town,True,a,3.948661
4,86,Keane_Lewis-Potter,Lewis-Potter,Brentford,MID,55,Bournemouth,False,a,3.9167283
4,40,Morgan_Rogers,Rogers,Chelsea,MID,76,Hull City,True,a,3.9163923
4,377,Victor_Munoz,Munoz,Liverpool,MID,65,Fulham,True,a,3.8885343
4,591,Julio_Enciso,Enciso,Ipswich Town,MID,55,Crystal Palace,False,a,3.8623652
4,350,Alisson_Becker,A.Becker,Liverpool,GK,55,Fulham,True,a,3.8428583
4,367,Cody_Gakpo,Gakpo,Liverpool,MID,72,Fulham,True,d,3.811357
4,399,Rayan_Cherki,Cherki,Man City,MID,78,Man Utd,False,a,3.7852173
4,226,Jordan_Pickford,Pickford,Everton,GK,55,Spurs,False,a,3.7845328
4,79,Francisco Evanilson_de Lima Barbosa,Evanilson,Bournemouth,FWD,60,Brentford,True,a,3.7101448
4,236,Kiernan_Dewsbury-Hall,Dewsbury-Hall,Everton,MID,65,Spurs,False,a,3.7029269
4,198,Dean_Henderson,Henderson,Crystal Palace,GK,50,Ipswich Town,True,a,3.672401
4,428,Matheus_Santos Carneiro da Cunha,Cunha,Man Utd,MID,79,Man City,True,a,3.666675
4,335,Anton_Stach,Stach,Leeds,MID,60,Newcastle,True,a,3.6493669
4,230,Jarrad_Branthwaite,Branthwaite,Everton,DEF,55,Spurs,False,a,3.6189795
4,15,Martin_Ødegaard,Ødegaard,Arsenal,MID,67,Sunderland,False,a,3.6025548
4,214,Daichi_Kamada,Kamada,Crystal Palace,MID,50,Ipswich Town,True,a,3.598523
4,115,Maxim_De Cuyper,De Cuyper,Brighton,DEF,48,Coventry City,False,a,3.5956342
4,397,Antoine_Semenyo,Semenyo,Man City,MID,84,Man Utd,False,a,3.587751
4,229,James_Tarkowski,Tarkowski,Everton,DEF,60,Spurs,False,a,3.582824
4,204,Tyrick_Mitchell,Mitchell,Crystal Palace,DEF,45,Ipswich Town,True,a,3.5772614
4,385,James_Trafford,Trafford,Leeds,GK,50,Newcastle,True,a,3.5660245
4,384,Gianluigi_Donnarumma,Donnarumma,Man City,GK,55,Man Utd,False,a,3.5366027
4,31,Ezri_Konsa Ngoyo,Konsa,Arsenal,DEF,44,Sunderland,False,a,3.5248656
4,8,Riccardo_Calafiori,Calafiori,Arsenal,DEF,58,Sunderland,False,a,3.5227613
4,588,Anan_Khalaili,Khalaili,Crystal Palace,DEF,50,Ipswich Town,True,a,3.5077724
4,346,Dominic_Calvert-Lewin,Calvert-Lewin,Leeds,FWD,60,Newcastle,True,a,3.4865575
4,362,Jeremy_Jacquet,Jacquet,Liverpool,DEF,50,Fulham,True,a,3.4592083
4,82,Caoimhín_Kelleher,Kelleher,Brentford,GK,50,Bournemouth,False,a,3.4391327
4,467,Matz_Sels,Sels,Nott'm Forest,GK,50,Aston Villa,False,a,3.4305918
4,597,Zion_Suzuki,Suzuki,Aston Villa,GK,50,Nott'm Forest,True,a,3.4259984
4,567,Lukás_Hornícek,Horníček,Newcastle,GK,50,Leeds,False,a,3.4128647
4,124,Pascal_Groß,Groß,Brighton,MID,56,Coventry City,False,a,3.3763268
4,1,David_Raya Martín,Raya,Arsenal,GK,60,Sunderland,False,a,3.3713033
4,26,Kai_Havertz,Havertz,Arsenal,FWD,75,Sunderland,False,a,3.3470826
4,572,Konstantinos_Tzolakis,Tzolakis,Hull City,GK,46,Chelsea,False,a,3.3464494
4,472,Murillo_Costa dos Santos,Murillo,Nott'm Forest,DEF,55,Aston Villa,False,a,3.3454378
4,69,Alex_Scott,Scott,Bournemouth,MID,61,Brentford,True,a,3.3418581
4,202,Chris_Richards,Richards,Crystal Palace,DEF,50,Ipswich Town,True,a,3.3148816
4,503,Micky_van de Ven,Van de Ven,Spurs,DEF,50,Everton,True,a,3.2760203
4,41,Emiliano_Buendía Stati,Buendía,Aston Villa,MID,59,Nott'm Forest,True,a,3.2724216
4,13,Declan_Rice,Rice,Arsenal,MID,74,Sunderland,False,a,3.2673314
4,268,Josh_King,King,Fulham,MID,55,Liverpool,False,a,3.267126
4,45,John_McGinn,McGinn,Aston Villa,MID,54,Nott'm Forest,True,a,3.2585144
4,499,Pedro_Porro Sauceda,Pedro Porro,Spurs,DEF,55,Everton,True,a,3.2552235
4,366,Florian_Wirtz,Wirtz,Liverpool,MID,74,Fulham,True,a,3.247025
4,210,Adam_Wharton,Wharton,Crystal Palace,MID,55,Ipswich Town,True,a,3.2303498
4,471,Nikola_Milenković,Milenković,Nott'm Forest,DEF,55,Aston Villa,False,a,3.2300377
4,98,Vitaly_Janelt,Janelt,Brentford,MID,50,Bournemouth,False,a,3.220571
4,28,Emiliano_Martínez Romero,Martinez,Chelsea,GK,50,Hull City,True,a,3.2103486
4,116,Lewis_Dunk,Dunk,Brighton,DEF,45,Coventry City,False,a,3.19938
4,579,Ronald_Araujo,Araujo,Liverpool,DEF,54,Fulham,True,a,3.1953855
4,166,Nicolas_Jackson,N.Jackson,Aston Villa,FWD,65,Nott'm Forest,True,a,3.1773067
4,94,Kevin_Schade,Schade,Brentford,MID,60,Bournemouth,False,a,3.168904
4,627,Bradley_Barcola,Barcola,Liverpool,MID,80,Fulham,True,a,3.1656394
4,483,Dan_Ndoye,Ndoye,Nott'm Forest,MID,55,Aston Villa,False,a,3.154105
4,156,Pedro_Lomba Neto,Neto,Chelsea,MID,65,Hull City,True,a,3.150884
4,57,Đorđe_Petrović,Petrović,Bournemouth,GK,45,Brentford,True,a,3.1428583
4,334,Tarik_Muharemović,Muharemović,Leeds,DEF,50,Newcastle,True,a,3.1414592
4,432,Kobbie_Mainoo,Mainoo,Man Utd,MID,55,Man City,True,a,3.1225796
4,233,Vitalii_Mykolenko,Mykolenko,Everton,DEF,45,Spurs,False,a,3.1100702
4,544,Granit_Xhaka,Xhaka,Sunderland,MID,55,Arsenal,True,a,3.106259
4,504,Luka_Vušković,Vuskovic,Brighton,DEF,50,Coventry City,False,a,3.0990808
4,277,John_Egan,Egan,Hull City,DEF,41,Chelsea,False,a,3.060692
4,390,Rúben_dos Santos Gato Alves Dias,Rúben,Man City,DEF,55,Man Utd,False,a,3.05916
4,200,Maxence_Lacroix,Lacroix,Chelsea,DEF,60,Hull City,True,a,3.0520308
4,330,Jayden_Bogle,Bogle,Leeds,DEF,45,Newcastle,True,a,3.043388
4,109,Bart_Verbruggen,Verbruggen,Brighton,GK,45,Coventry City,False,a,3.0292048
4,242,Tyrique_George,George,Everton,MID,55,Spurs,False,a,3.0276384
4,358,Milos_Kerkez,Kerkez,Liverpool,DEF,54,Fulham,True,a,3.0182734
4,60,James_Hill,Hill,Bournemouth,DEF,55,Brentford,True,a,3.0081933
4,469,Neco_Williams,N.Williams,Nott'm Forest,DEF,50,Aston Villa,False,a,3.0048068
4,286,Mohamed_Belloumi,Belloumi,Hull City,MID,50,Chelsea,False,a,3.0017357
4,332,James_Justin,Justin,Leeds,DEF,45,Newcastle,True,a,2.9864647
4,372,Alexis_Mac Allister,Mac Allister,Liverpool,MID,54,Fulham,True,a,2.9855673
4,10,Benjamin_White,White,Arsenal,DEF,55,Sunderland,False,a,2.979315
4,61,Adrien_Truffert,Truffert,Bournemouth,DEF,55,Brentford,True,a,2.977457
4,391,Joško_Gvardiol,Gvardiol,Man City,DEF,56,Man Utd,False,a,2.9687216
4,43,Youri_Tielemans,Tielemans,Man Utd,MID,59,Man City,True,a,2.9564748
4,393,Abdukodir_Khusanov,Khusanov,Man City,DEF,55,Man Utd,False,a,2.9498153
4,453,Harvey_Barnes,Barnes,Newcastle,MID,60,Leeds,False,a,2.915136
4,569,Gonzalo_García,Gonzalo,Fulham,FWD,60,Liverpool,False,a,2.9039502
4,112,Jan Paul_van Hecke,Van Hecke,Spurs,DEF,49,Everton,True,a,2.8992941
4,264,Oscar_Bobb,Bobb,Fulham,MID,55,Liverpool,False,a,2.8940606
4,481,Elliot_Anderson,Anderson,Man City,MID,63,Man Utd,False,a,2.8671126
4,455,Sandro_Tonali,Tonali,Spurs,MID,54,Everton,True,a,2.8595607
4,429,Marcus_Rashford,Rashford,Man Utd,MID,70,Man City,True,a,2.8574278
4,142,Reece_James,James,Chelsea,DEF,54,Hull City,True,a,2.8475058
4,203,Jaydee_Canvot,Canvot,Crystal Palace,DEF,49,Ipswich Town,True,a,2.822725
4,449,Lewis_Hall,Hall,Newcastle,DEF,51,Leeds,False,a,2.8130157
4,445,Malick_Thiaw,Thiaw,Newcastle,DEF,50,Leeds,False,a,2.810706
4,474,Jair_Paula da Cunha Filho,Jair Cunha,Nott'm Forest,DEF,45,Aston Villa,False,a,2.7848399
4,46,Ross_Barkley,Barkley,Aston Villa,MID,50,Nott'm Forest,True,a,2.7819557
4,316,Emersonn_Correia da Silva,Emersonn,Ipswich Town,FWD,55,Crystal Palace,False,a,2.7574966
4,261,Alex_Iwobi,Iwobi,Fulham,MID,54,Liverpool,False,a,2.749427
4,36,Ian_Maatsen,Maatsen,Aston Villa,DEF,45,Nott'm Forest,True,a,2.7326977
4,564,Kjell_Scherpen,Scherpen,Ipswich Town,GK,45,Crystal Palace,False,a,2.7323632
4,67,Rayan Vitor_Simplício Rocha,Rayan,Bournemouth,MID,64,Brentford,True,a,2.7157207
4,279,Semi_Ajayi,Ajayi,Hull City,DEF,41,Chelsea,False,a,2.714349
4,250,Bernd_Leno,Leno,Fulham,GK,45,Liverpool,False,a,2.7087517
4,155,Enzo_Fernández,Enzo,Man City,MID,69,Man Utd,False,a,2.7027137
4,586,Nobel_Mendy,Mendy,Hull City,DEF,41,Chelsea,False,a,2.6906772
4,454,Anthony_Elanga,Elanga,Newcastle,MID,61,Leeds,False,a,2.6837811
4,290,Regan_Slater,Slater,Hull City,MID,45,Chelsea,False,a,2.6807878
4,401,Omar_Marmoush,Marmoush,Spurs,FWD,70,Everton,True,a,2.679624
4,338,Ethan_Ampadu,Ampadu,Leeds,MID,55,Newcastle,True,a,2.6703372
4,282,Ryan_Giles,Giles,Hull City,DEF,40,Chelsea,False,a,2.6618106
4,486,James_McAtee,McAtee,Nott'm Forest,MID,55,Aston Villa,False,a,2.6490386
4,644,Quinten_Timber,Timber,Crystal Palace,MID,50,Ipswich Town,True,a,2.6269794
4,553,Wilson_Isidor,Isidor,Sunderland,FWD,55,Arsenal,True,a,2.6228917
4,244,Harrison_Armstrong,Armstrong,Everton,MID,50,Spurs,False,a,2.6097498
4,542,Enzo_Le Fée,E.Le Fée,Sunderland,MID,59,Arsenal,True,a,2.6016154
4,315,Abdul_Fatawu,Fatawu,Ipswich Town,MID,55,Crystal Palace,False,a,2.5938544
4,605,Malick_Yalcouyé,Yalcouyé,Brighton,MID,45,Coventry City,False,a,2.5860147
4,70,Justin_Kluivert,Kluivert,Bournemouth,MID,60,Brentford,True,a,2.584128
4,295,Oli_McBurnie,McBurnie,Hull City,FWD,55,Chelsea,False,a,2.5754418
4,32,Matty_Cash,Cash,Aston Villa,DEF,45,Nott'm Forest,True,d,2.5740569
4,51,George_Hemmings,George Hemmings,Aston Villa,MID,45,Nott'm Forest,True,a,2.572843
4,529,Robin_Roefs,Roefs,Sunderland,GK,50,Arsenal,True,a,2.5571113
4,496,Antonín_Kinský,Kinsky,Spurs,GK,45,Everton,True,a,2.5562735
4,514,Mathys_Tel,Tel,Spurs,MID,58,Everton,True,a,2.5509996
4,138,Charalampos_Kostoulas,Kostoulas,Brighton,FWD,55,Coventry City,False,a,2.5367353
4,144,Malo_Gusto,Gusto,Chelsea,DEF,50,Hull City,True,a,2.533868
4,464,Yoane_Wissa,Wissa,Newcastle,FWD,62,Leeds,False,a,2.533633
4,114,Olivier_Boscagli,Boscagli,Brighton,DEF,45,Coventry City,False,a,2.5281954
4,545,Noah_Sadiki,Sadiki,Sunderland,MID,49,Arsenal,True,a,2.4749594
4,47,Boubacar_Kamara,Kamara,Aston Villa,MID,50,Nott'm Forest,True,a,2.463941
4,110,Carl_Rushworth,Rushworth,Coventry City,GK,45,Brighton,True,a,2.463082
4,566,António João_Pereira de Albuquerque Tavares da Silva,Silva,Bournemouth,DEF,50,Brentford,True,a,2.4598575
4,148,Jorrel_Hato,Hato,Chelsea,DEF,45,Hull City,True,a,2.4472198
4,516,Rodrigo_Bentancur,Bentancur,Spurs,MID,55,Everton,True,a,2.444001
4,267,Saša_Lukić,Lukić,Ipswich Town,MID,50,Crystal Palace,False,a,2.435821
4,259,Issa_Diop,Diop,Ipswich Town,DEF,40,Crystal Palace,False,a,2.4127579
4,96,Mikkel_Damsgaard,Damsgaard,Brentford,MID,55,Bournemouth,False,a,2.3857129
4,460,Joe_Willock,Willock,Newcastle,MID,50,Leeds,False,a,2.384059
4,145,Wesley_Fofana,Fofana,Chelsea,DEF,50,Hull City,True,a,2.3833082
4,7,Myles_Lewis-Skelly,Lewis-Skelly,Arsenal,MID,55,Sunderland,False,a,2.3719811
4,447,Sven_Botman,Botman,Newcastle,DEF,50,Leeds,False,a,2.370821
4,258,Timothy_Castagne,Castagne,Fulham,DEF,45,Liverpool,False,a,2.370318
4,565,Mamadou_Sangaré,M.Sangaré,Brentford,MID,57,Bournemouth,False,a,2.3533773
4,533,Nordi_Mukiele,Mukiele,Sunderland,DEF,55,Arsenal,True,a,2.350711
4,87,Kristoffer_Ajer,Ajer,Brentford,DEF,45,Bournemouth,False,a,2.3439648
4,184,Matt_Grimes,Grimes,Coventry City,MID,50,Brighton,True,a,2.3404527
4,37,Victor_Lindelöf,Lindelöf,Aston Villa,DEF,45,Nott'm Forest,True,a,2.2770357
4,222,Jørgen_Strand Larsen,Strand Larsen,Crystal Palace,FWD,60,Ipswich Town,True,a,2.2531512
4,643,Ben_Chilwell,Chilwell,Crystal Palace,DEF,45,Ipswich Town,True,a,2.2523806
4,265,Sander_Berge,Berge,Fulham,MID,50,Liverpool,False,a,2.2381454
4,419,Lisandro_Martínez,Martinez,Man Utd,DEF,50,Man City,True,a,2.2353017
4,183,Jack_Rudoni,Rudoni,Coventry City,MID,50,Brighton,True,a,2.210521
4,151,Josh_Acheampong,Acheampong,Chelsea,DEF,45,Hull City,True,a,2.1723437
4,327,Jaka_Bijol,Bijol,Leeds,DEF,50,Newcastle,True,a,2.1672213
4,173,Bobby_Thomas,Thomas,Coventry City,DEF,40,Brighton,True,a,2.1610456
4,576,Elliot_Stroud,Stroud,Hull City,MID,50,Chelsea,False,a,2.1346846
4,570,César_Palacios,Palacios,Fulham,MID,55,Liverpool,False,a,2.1330392
4,88,Michael_Kayode,Kayode,Brentford,DEF,46,Bournemouth,False,a,2.1154644
4,161,Roméo_Lavia,Lavia,Chelsea,MID,50,Hull City,True,a,2.097109
4,305,Leif_Davis,Davis,Ipswich Town,DEF,40,Crystal Palace,False,a,2.090399
4,105,Jaidon_Anthony,Anthony,Brentford,MID,60,Bournemouth,False,a,2.0740314
4,246,Merlin_Röhl,Röhl,Everton,MID,50,Spurs,False,a,2.0493522
4,473,Ola_Aina,Aina,Nott'm Forest,DEF,45,Aston Villa,False,a,2.0129318
4,33,Tyrone_Mings,Mings,Aston Villa,DEF,45,Nott'm Forest,True,a,2.0121086
4,238,Jack_Grealish,Grealish,Everton,MID,65,Spurs,False,a,2.0055783
4,562,Daizen_Maeda,Maeda,Ipswich Town,MID,54,Crystal Palace,False,a,2.0022848
4,459,Lewis_Miley,L.Miley,Newcastle,MID,55,Leeds,False,a,2.0015278
4,167,Liam_Delap,Delap,Nott'm Forest,FWD,55,Aston Villa,False,a,1.9999957
4,593,Amar_Dedic,Dedić,Newcastle,DEF,45,Leeds,False,d,1.9899931
4,336,Noah_Okafor,Okafor,Leeds,MID,59,Newcastle,True,a,1.9856155
4,536,Reinildo_Mandava,Reinildo,Sunderland,DEF,45,Arsenal,True,a,1.9775951
4,64,Adam_Smith,Smith,Bournemouth,DEF,45,Brentford,True,a,1.9514654
4,320,Chuba_Akpom,Akpom,Ipswich Town,FWD,50,Crystal Palace,False,a,1.9378668
4,247,Hayden_Hackney,Hackney,Everton,MID,55,Spurs,False,a,1.9362411
4,257,Calvin_Bassey,Bassey,Fulham,DEF,45,Liverpool,False,a,1.9140995
4,113,Ferdi_Kadıoğlu,F.Kadıoğlu,Brighton,DEF,44,Coventry City,False,a,1.8950441
4,541,Thomas_Meunier,Meunier,Sunderland,DEF,45,Arsenal,True,a,1.8892901
4,439,Benjamin_Sesko,Šeško,Man Utd,FWD,70,Man City,True,a,1.8892887
4,403,Sávio_Moreira de Oliveira,Sávio,Spurs,MID,65,Everton,True,a,1.8843691
4,398,Phil_Foden,Foden,Man City,MID,70,Man Utd,False,a,1.8443918
4,190,Loum_Tchaouna,Tchaouna,Coventry City,MID,54,Brighton,True,a,1.8414912
4,552,Brian_Brobbey,Brobbey,Sunderland,FWD,59,Arsenal,True,a,1.841038
4,95,Dango_Ouattara,O.Dango,Brentford,MID,64,Bournemouth,False,a,1.8231933
4,417,Diogo_Dalot Teixeira,Dalot,Man Utd,DEF,49,Man City,True,a,1.8230141
4,106,Igor Thiago_Nascimento Rodrigues,Thiago,Brentford,FWD,79,Bournemouth,False,a,1.8155053
4,153,Axel_Disasi,Disasi,Crystal Palace,DEF,45,Ipswich Town,True,a,1.8127319
4,253,Joachim_Andersen,Andersen,Fulham,DEF,50,Liverpool,False,a,1.8051845
4,551,Nilson_Angulo,N.Angulo,Sunderland,MID,50,Arsenal,True,a,1.7980267
4,34,Pau_Torres,Pau,Aston Villa,DEF,45,Nott'm Forest,True,a,1.7942637
4,558,Xaver_Schlager,Schlager,Nott'm Forest,MID,50,Aston Villa,False,a,1.7871779
4,239,James_Garner,Garner,Everton,MID,60,Spurs,False,d,1.7846541
4,598,Nico_Elvedi,Elvedi,Leeds,DEF,45,Newcastle,True,a,1.7846004
4,491,Igor Jesus_Maciel da Cruz,Igor Jesus,Nott'm Forest,FWD,59,Aston Villa,False,a,1.781968
4,280,Lewie_Coyle,Coyle,Hull City,DEF,40,Chelsea,False,a,1.7816874
4,304,Dara_O'Shea,O'Shea,Ipswich Town,DEF,40,Crystal Palace,False,a,1.7598307
4,492,Taiwo_Awoniyi,Awoniyi,Coventry City,FWD,55,Brighton,True,a,1.7571527
4,557,Christos_Tzolis,Tzolis,Arsenal,MID,64,Sunderland,False,a,1.7484022
4,337,Brenden_Aaronson,Aaronson,Leeds,MID,54,Newcastle,True,a,1.7301958
4,619,Exequiel_Palacios,Palacios,Ipswich Town,MID,50,Crystal Palace,False,a,1.7143935
4,194,Brandon_Thomas-Asante,Thomas-Asante,Coventry City,FWD,50,Brighton,True,a,1.7016509
4,254,Antonee_Robinson,Robinson,Fulham,DEF,45,Liverpool,False,a,1.6913635
4,456,Jacob_Ramsey,J.Ramsey,Newcastle,MID,49,Leeds,False,a,1.6741983
4,405,Nico_González Iglesias,N.Gonzalez,Newcastle,MID,55,Leeds,False,a,1.6733339
4,73,Tyler_Adams,Adams,Bournemouth,MID,50,Brentford,True,a,1.633147
4,575,Caleb_Yirenkyi,Yirenkyi,Coventry City,MID,49,Brighton,True,a,1.6152247
4,129,Yasin_Ayari,Ayari,Brighton,MID,54,Coventry City,False,a,1.6094259
4,186,Ephron_Mason-Clark,Mason-Clark,Coventry City,MID,54,Brighton,True,a,1.5935646
4,635,Hugo_Larsson,Larsson,Fulham,MID,50,Liverpool,False,a,1.557598
4,371,Ryan_Gravenberch,Gravenberch,Liverpool,MID,59,Fulham,True,a,1.5563965
4,519,Conor_Gallagher,Gallagher,Spurs,MID,54,Everton,True,a,1.55355
4,71,Lewis_Cook,Cook,Bournemouth,MID,50,Brentford,True,a,1.540715
4,522,Archie_Gray,Gray,Spurs,MID,50,Everton,True,a,1.5359323
4,345,Tanaka_Ao,Tanaka,Leeds,MID,49,Newcastle,True,a,1.5338283
4,104,Frank_Onyeka,Onyeka,Coventry City,MID,49,Brighton,True,a,1.5326014
4,176,Jay_Dasilva,Dasilva,Coventry City,DEF,40,Brighton,True,a,1.5170803
4,589,Lucas_Gourna-Douath,Gourna-Douath,Hull City,MID,50,Chelsea,False,a,1.4996552
4,309,Marcelino_Núñez,Núñez,Ipswich Town,MID,50,Crystal Palace,False,a,1.4936242
4,269,Ryan_Sessegnon,Sessegnon,Fulham,DEF,45,Liverpool,False,a,1.4893029
4,237,Iliman_Ndiaye,Ndiaye,Man City,MID,59,Man Utd,False,a,1.4860166
4,195,Ellis_Simms,Simms,Coventry City,FWD,50,Brighton,True,a,1.4424148
4,175,Milan_van Ewijk,van Ewijk,Coventry City,DEF,40,Brighton,True,a,1.440885
4,412,Senne_Lammens,Lammens,Man Utd,GK,50,Man City,True,a,1.4382925
4,580,Shea_Charles,Charles,Fulham,MID,50,Liverpool,False,a,1.4143883
4,583,Pep_Chavarría,Chavarria,Chelsea,DEF,49,Hull City,True,a,1.4120668
4,642,Sorba_Thomas,Thomas,Hull City,MID,55,Chelsea,False,a,1.4030819
4,634,Matias_Fernandez-Pardo,Fernandez-Pardo,Newcastle,FWD,60,Leeds,False,a,1.3987767
4,525,Mateus_Fernandes,Fernandes,Spurs,MID,58,Everton,True,a,1.3973184
4,149,Levi_Samuels Colwill,Colwill,Chelsea,DEF,49,Hull City,True,a,1.3939658
4,182,Aurèle_Amenda,Amenda,Coventry City,DEF,40,Brighton,True,a,1.3616642
4,241,Dwight_McNeil,McNeil,Crystal Palace,MID,54,Ipswich Town,True,a,1.3611017
4,506,Destiny_Udogie,Udogie,Spurs,DEF,45,Everton,True,a,1.3578568
4,512,Mohammed_Kudus,Kudus,Spurs,MID,65,Everton,True,a,1.3349063
4,577,Takehiro_Tomiyasu,Tomiyasu,Crystal Palace,DEF,45,Ipswich Town,True,a,1.3207034
4,306,Jacob_Greaves,Greaves,Ipswich Town,DEF,40,Crystal Palace,False,a,1.3183938
4,331,Gabriel_Gudmundsson,Gudmundsson,Leeds,DEF,45,Newcastle,True,a,1.3114165
4,201,Daniel_Muñoz Mejía,Muñoz,Nott'm Forest,DEF,54,Aston Villa,False,a,1.3065573
4,209,Brennan_Johnson,Johnson,Everton,MID,59,Spurs,False,a,1.3033149
4,9,Piero_Hincapié,Hincapie,Arsenal,DEF,53,Sunderland,False,a,1.2829982
4,119,João Pedro_Loureiro da Costa,Costinha,Brighton,DEF,45,Coventry City,False,a,1.2801074
4,640,Zian_Flemming,Flemming,Ipswich Town,FWD,55,Crystal Palace,False,a,1.2647656
4,347,Lukas_Nmecha,Nmecha,Leeds,FWD,54,Newcastle,True,a,1.2629948
4,649,Ainsley_Maitland-Niles,Maitland-Niles,Everton,DEF,45,Spurs,False,a,1.2621276
4,415,Patrick_Dorgu,Dorgu,Man Utd,MID,58,Man City,True,a,1.251707
4,488,Ibrahim_Sangaré,I.Sangaré,Nott'm Forest,MID,49,Aston Villa,False,a,1.2442067
4,162,Andrey_Nascimento dos Santos,Andrey Santos,Man Utd,MID,49,Man City,True,a,1.2401191
4,93,Jannik_Schuster,Schuster,Brentford,DEF,45,Bournemouth,False,a,1.2345256
4,313,Jack_Clarke,Clarke,Ipswich Town,MID,55,Crystal Palace,False,a,1.2099676
4,490,Chris_Wood,Wood,Nott'm Forest,FWD,59,Aston Villa,False,a,1.2095197
4,532,Daniel_Ballard,Ballard,Sunderland,DEF,49,Arsenal,True,a,1.2082675
4,125,Georginio_Rutter,Georginio,Brighton,FWD,55,Coventry City,False,d,1.2079333
4,616,Ayyoub_Bouaddi,Bouaddi,Man City,MID,55,Man Utd,False,a,1.1929528
4,422,Noussair_Mazraoui,Mazraoui,Man Utd,DEF,44,Man City,True,a,1.1837549
4,389,Matheus_Nunes,Matheus N.,Man City,DEF,59,Man Utd,False,a,1.1790632
4,160,Alejandro_Garnacho Ferreyra,Garnacho,Aston Villa,MID,59,Nott'm Forest,True,a,1.1748956
4,369,Rio_Ngumoha,Ngumoha,Liverpool,MID,58,Fulham,True,a,1.172529
4,526,Dominic_Solanke-Mitchell,Solanke,Spurs,FWD,59,Everton,True,a,1.1571457
4,42,Evann_Guessand,Guessand,Crystal Palace,MID,55,Ipswich Town,True,a,1.152801
4,123,Jack_Hinshelwood,Hinshelwood,Brighton,MID,60,Coventry City,False,d,1.1505885
4,420,Leny_Yoro,Yoro,Man Utd,DEF,49,Man City,True,a,1.1482215
4,584,Gustavo_Hamer,Hamer,Coventry City,MID,54,Brighton,True,a,1.1475977
4,19,Martín_Zubimendi Ibáñez,Zubimendi,Arsenal,MID,54,Sunderland,False,a,1.1415075
4,498,Marcos_Senesi Barón,Senesi,Spurs,DEF,59,Everton,True,a,1.1386974
4,638,Brooke_Norton-Cuffy,Norton-Cuffy,Hull City,DEF,40,Chelsea,False,a,1.1366699
4,501,Kevin_Danso,Danso,Sunderland,DEF,50,Arsenal,True,a,1.1357085
4,611,Aaron_Wan-Bissaka,Wan-Bissaka,Aston Villa,DEF,45,Nott'm Forest,True,a,1.1209483
4,188,Victor_Torp,Torp,Coventry City,MID,54,Brighton,True,a,1.0956881
4,157,Estêvão_Almeida de Oliveira Gonçalves,Estêvão,Chelsea,MID,64,Hull City,True,a,1.093248
4,102,Yehor_Yarmoliuk,Yarmoliuk,Brentford,MID,49,Bournemouth,False,a,1.0927383
4,14,Eberechi_Eze,Eze,Arsenal,MID,64,Sunderland,False,a,1.0850745
4,271,Rodrigo_Muniz Carvalho,Muniz,Fulham,FWD,54,Liverpool,False,a,1.0809774
4,421,Ayden_Heaven,Heaven,Man Utd,DEF,44,Man City,True,a,1.0761803
4,262,Emile_Smith Rowe,Smith Rowe,Fulham,MID,54,Liverpool,False,a,1.0732929
4,646,Malick_Fofana,Fofana,Sunderland,MID,55,Arsenal,True,a,1.0517986
4,17,Mikel_Merino Zazón,Merino,Arsenal,MID,59,Sunderland,False,a,1.044594
4,91,Ethan_Pinnock,Pinnock,Coventry City,DEF,45,Brighton,True,a,1.0346357
4,457,Jacob_Murphy,J.Murphy,Newcastle,MID,59,Leeds,False,a,1.0157773
4,16,Noni_Madueke,Madueke,Arsenal,MID,63,Sunderland,False,a,1.0096503
4,108,Callum_Wilson,Wilson,Brentford,FWD,55,Bournemouth,False,a,1.0095505
4,406,Mateo_Kovačić,Kovačić,Man City,MID,54,Man Utd,False,a,0.99149716
4,90,Aaron_Hickey,Hickey,Brentford,DEF,45,Bournemouth,False,a,0.98233616
4,260,Harry_Wilson,Wilson,Leeds,MID,63,Newcastle,True,a,0.97944826
4,289,Matt_Crooks,Crooks,Hull City,MID,45,Chelsea,False,a,0.9779406
4,502,Andrew_Robertson,Robertson,Spurs,DEF,45,Everton,True,a,0.976223
4,255,Jorge_Cuenca Barreno,J.Cuenca,Fulham,DEF,45,Liverpool,False,a,0.9730508
4,600,Ibrahim_Osman,Osman,Brighton,MID,50,Coventry City,False,a,0.9724259
4,621,Ryan_McAidoo,McAidoo,Man City,MID,45,Man Utd,False,a,0.95589674
4,323,Kasey_McAteer,McAteer,Ipswich Town,MID,45,Crystal Palace,False,a,0.9392936
4,462,Sean_Steur,Steur,Newcastle,MID,49,Leeds,False,a,0.92965794
4,617,Mohamed-Ali_Cho,Cho,Hull City,MID,50,Chelsea,False,a,0.92523783
4,395,Rico_Lewis,Lewis,Man City,DEF,45,Man Utd,False,a,0.91689575
4,52,Alysson Edward Franco_da Rocha dos Santos,Alysson,Aston Villa,MID,50,Nott'm Forest,True,a,0.89688116
4,263,Kevin_Santos Lopes de Macedo,Kevin,Fulham,MID,54,Liverpool,False,a,0.8836319
4,647,Darío_Osorio,Osorio,Crystal Palace,MID,55,Ipswich Town,True,a,0.8812209
4,74,David_Brooks,Brooks,Bournemouth,MID,50,Brentford,True,a,0.87621176
4,381,Lewis_Koumas,Koumas,Liverpool,MID,50,Fulham,True,a,0.8582152
4,375,Trey_Nyoni,Nyoni,Liverpool,MID,49,Fulham,True,a,0.85642076
4,520,Lucas_Bergvall,Bergvall,Spurs,MID,54,Everton,True,a,0.84448785
4,357,Jeremie_Frimpong,Frimpong,Liverpool,DEF,54,Fulham,True,a,0.8408523
4,343,Daniel_James,James,Leeds,MID,50,Newcastle,True,a,0.8302953
4,594,Promise_David,David,Brighton,FWD,60,Coventry City,False,a,0.8297959
4,364,Kostas_Tsimikas,Tsimikas,Liverpool,DEF,49,Fulham,True,a,0.8195358
4,585,Lucas_Herrington,Herrington,Hull City,DEF,40,Chelsea,False,a,0.7911973
4,328,Pascal_Struijk,Struijk,Brighton,DEF,50,Coventry City,False,a,0.7721695
4,608,Daniel_Jebbison,Jebbison,Bournemouth,FWD,50,Brentford,True,a,0.7261176
4,207,Oscar_Mingueza,Mingueza,Crystal Palace,DEF,44,Ipswich Town,True,a,0.72519535
4,75,Ryan_Christie,Christie,Bournemouth,MID,50,Brentford,True,a,0.7236321
4,136,Danny_Welbeck,Welbeck,Chelsea,FWD,59,Hull City,True,a,0.7218584
4,56,Tammy_Abraham,Abraham,Aston Villa,FWD,55,Nott'm Forest,True,a,0.72179943
4,592,Abdoul_Ouattara,Ouattara,Ipswich Town,DEF,40,Crystal Palace,False,a,0.7036332
4,596,Matteo_Ruggeri,Ruggeri,Aston Villa,DEF,45,Nott'm Forest,True,a,0.68874097
4,515,James_Maddison,Maddison,Spurs,MID,63,Everton,True,a,0.6873925
4,25,Viktor_Gyökeres,Gyökeres,Arsenal,FWD,72,Sunderland,False,a,0.6858588
4,212,Will_Hughes,Hughes,Crystal Palace,MID,45,Ipswich Town,True,a,0.6827992
4,185,Tatsuhiro_Sakamoto,Sakamoto,Coventry City,MID,49,Brighton,True,a,0.68025863
4,450,Tino_Livramento,Livramento,Newcastle,DEF,49,Leeds,False,a,0.6731089
4,548,Chris_Rigg,Rigg,Sunderland,MID,49,Arsenal,True,a,0.67063624
4,549,Chemsdine_Talbi,Talbi,Sunderland,MID,54,Arsenal,True,a,0.67007285
4,578,Mykhailo_Mudryk,Mudryk,Spurs,MID,54,Everton,True,a,0.657578
4,535,Omar_Alderete,Alderete,Sunderland,DEF,49,Arsenal,True,a,0.6546793
4,478,Luca_Netz,Netz,Nott'm Forest,DEF,45,Aston Villa,False,a,0.639117
4,581,Ousmane_Diomande,Diomande,Nott'm Forest,DEF,54,Aston Villa,False,a,0.62551093
4,29,Marco_Bizot,M.Bizot,Aston Villa,GK,45,Nott'm Forest,True,a,0.6204279
4,452,Bruno_Guimarães Rodriguez Moura,Bruno G.,Arsenal,MID,68,Sunderland,False,a,0.59288514
4,72,Ben_Gannon-Doak,Gannon-Doak,Bournemouth,MID,49,Brentford,True,a,0.5749887
4,446,Fabian_Schär,Schär,Newcastle,DEF,50,Leeds,False,a,0.5740204
4,243,Carlos_Alcaraz Durán,Alcaraz,Everton,MID,50,Spurs,False,a,0.56687117
4,418,Harry_Maguire,Maguire,Man Utd,DEF,49,Man City,True,a,0.55612904
4,35,Lamare_Bogarde,Bogarde,Aston Villa,MID,50,Nott'm Forest,True,a,0.5513757
4,539,Luke_O'Nien,O'Nien,Sunderland,DEF,40,Arsenal,True,a,0.50500953
4,423,Luke_Shaw,Shaw,Man Utd,DEF,44,Man City,True,d,0.50311565
4,595,Zavier_Gozo,Gozo,Crystal Palace,MID,50,Ipswich Town,True,a,0.49969843
4,534,Trai_Hume,Hume,Sunderland,DEF,44,Arsenal,True,a,0.49284294
4,11,Cristhian_Mosquera,Mosquera,Arsenal,DEF,54,Sunderland,False,d,0.48757195
4,568,Valentín_Barco,Barco,Chelsea,MID,55,Hull City,True,a,0.48103344
4,482,Callum_Hudson-Odoi,Hudson-Odoi,Nott'm Forest,MID,59,Aston Villa,False,a,0.3842788
4,164,Geovany_Quenda,Quenda,Chelsea,MID,54,Hull City,True,a,0.37219444
4,76,Alex_Tóth,Tóth.A,Bournemouth,MID,50,Brentford,True,a,0.3616464
4,321,Sindre_Walle Egeli,Walle Egeli,Ipswich Town,FWD,45,Crystal Palace,False,a,0.35933214
4,111,Jason_Steele,Steele,Brighton,GK,40,Coventry City,False,a,0.3516066
4,461,Bazoumana_Touré,Touré,Newcastle,MID,58,Leeds,False,a,0.32058546
4,89,Rico_Henry,Henry,Brentford,DEF,45,Bournemouth,False,a,0.31250104
4,487,Nicolás_Domínguez,Dominguez,Nott'm Forest,MID,49,Aston Villa,False,a,0.3076942
4,631,Ibrahim_Mbaye,Mbaye,Aston Villa,MID,60,Nott'm Forest,True,a,0.3065236
4,232,Jake_O'Brien,O'Brien,Everton,DEF,49,Spurs,False,a,0.29752094
4,339,Sean_Longstaff,Longstaff,Leeds,MID,49,Newcastle,True,a,0.2970384
4,81,Álvaro_Rodríguez,Rodríguez,Bournemouth,FWD,60,Brentford,True,a,0.29644945
4,231,Michael_Keane,Keane,Everton,DEF,49,Spurs,False,a,0.28416434
4,435,Shea_Lacey,Lacey,Man Utd,MID,49,Man City,True,a,0.26890746
4,387,Nico_O'Reilly,O'Reilly,Man City,DEF,64,Man Utd,False,a,0.26518533
4,623,Dan_Bentley,Bentley,Coventry City,GK,40,Brighton,True,a,0.25667793
4,559,Aladji_Bamba,Bamba,Newcastle,MID,49,Leeds,False,a,0.24211445
4,58,Fraser_Forster,Forster,Bournemouth,GK,40,Brentford,True,a,0.23231186
4,308,Darnell_Furlong,Furlong,Ipswich Town,DEF,40,Crystal Palace,False,a,0.23062027
4,53,Johan_Manzambi,Manzambi,Aston Villa,MID,59,Nott'm Forest,True,d,0.22895214
4,5,Jurriën_Timber,J.Timber,Arsenal,DEF,65,Sunderland,False,d,0.22708102
4,497,Martin_Dubravka,Dubravka,Spurs,GK,40,Everton,True,a,0.22398235
4,392,Rayan_Aït-Nouri,Aït-Nouri,Man City,DEF,53,Man Utd,False,a,0.22255932
4,62,Bafodé_Diakité,Diakité,Bournemouth,DEF,50,Brentford,True,a,0.22187285
4,442,Nick_Pope,Pope,Newcastle,GK,49,Leeds,False,a,0.21672335
4,620,El Hadji Malick_Diouf,Diouf,Brentford,DEF,45,Bournemouth,False,a,0.2050224
4,240,Tim_Iroegbunam,Iroegbunam,Hull City,MID,50,Chelsea,False,a,0.19993748
4,301,Alex_Palmer,Palmer,Ipswich Town,GK,40,Crystal Palace,False,a,0.1886743
4,655,Yann_Gboho,Gboho,Coventry City,MID,55,Brighton,True,a,0.186851
4,574,Jens_Hjertø-Dahl,Hjertø-Dahl,Hull City,MID,49,Chelsea,False,a,0.18632796
4,493,Arnaud_Kalimuendo,Kalimuendo,Nott'm Forest,FWD,54,Aston Villa,False,a,0.18505003
4,120,Michael_Svoboda,Svoboda,Brighton,DEF,50,Coventry City,False,a,0.1840762
4,158,Jamie_Bynoe-Gittens,Gittens,Chelsea,MID,59,Hull City,True,a,0.17261805
4,622,Kaden_Braithwaite,Braithwaite,Man City,DEF,40,Man Utd,False,a,0.16842929
4,256,Kenny_Tete,Tete,Fulham,DEF,44,Liverpool,False,a,0.16174267
4,396,Vitor_de Oliveira Nunes dos Reis,Vitor Reis,Man City,DEF,45,Man Utd,False,a,0.15313274
4,38,Andrés_García,A.García,Aston Villa,DEF,40,Nott'm Forest,True,a,0.15039897
4,285,Paddy_McNair,McNair,Hull City,DEF,40,Chelsea,False,a,0.13778499
4,489,Ryan_Yates,Yates,Nott'm Forest,MID,45,Aston Villa,False,a,0.12947135
4,628,Allan_Andrade Elias,Allan,Man City,MID,60,Man Utd,False,a,0.12775704
4,126,Matt_O'Riley,O'Riley,Brighton,MID,55,Coventry City,False,a,0.12658046
4,50,Bradley_Burrowes,Burrowes,Aston Villa,MID,45,Nott'm Forest,True,a,0.124989875
4,626,Macaulay_Zepa,Zepa,Fulham,MID,45,Liverpool,False,a,0.1246695
4,302,David_Button,Button,Ipswich Town,GK,40,Crystal Palace,False,a,0.12453382
4,213,Jefferson_Lerma Solís,Lerma,Crystal Palace,MID,49,Ipswich Town,True,a,0.12416456
4,630,Taylor_Harwood-Bellis,Harwood-Bellis,Aston Villa,DEF,45,Nott'm Forest,True,a,0.12324989
4,430,Mason_Mount,Mount,Man Utd,MID,54,Man City,True,a,0.12267017
4,227,Mark_Travers,Travers,Everton,GK,50,Spurs,False,a,0.12136262
4,639,José María_Andrés Baixauli,Andrés,Brighton,MID,55,Coventry City,False,a,0.12026465
4,117,Diego_Coppola,Coppola,Brighton,DEF,45,Coventry City,False,a,0.12009893
4,245,Tyler_Dibling,Dibling,Everton,MID,54,Spurs,False,a,0.11879268
4,633,Honest_Ahanor,Ahanor,Crystal Palace,DEF,45,Ipswich Town,True,a,0.11865772
4,556,Matt_Targett,Targett,Hull City,DEF,40,Chelsea,False,a,0.11707226
4,652,Femi_Azeez,Azeez,Brighton,MID,55,Coventry City,False,d,0.116353825
4,147,Tosin_Adarabioyo,Tosin,Spurs,DEF,44,Everton,True,a,0.11617845
4,325,Karl_Darlow,Darlow,Man Utd,GK,45,Man City,True,a,0.11600596
4,654,Braiden_Graham,Graham,Everton,MID,45,Spurs,False,a,0.11275962
4,351,Giorgi_Mamardashvili,Mamardashvili,Liverpool,GK,49,Fulham,True,a,0.1073768
4,651,Juan_Angulo,J.Angulo,Sunderland,FWD,45,Arsenal,True,a,0.10283187
4,614,Jaouen_Hadjam,Hadjam,Brighton,DEF,45,Coventry City,False,a,0.10252307
4,344,Ilia_Gruev,Gruev,Leeds,MID,50,Newcastle,True,d,0.10220722
4,374,Endo_Wataru,Endo,Liverpool,MID,50,Fulham,True,a,0.10113894
4,218,Cheick_Doucouré,Doucouré,Crystal Palace,MID,49,Ipswich Town,True,a,0.10021482
4,573,Juanlu_Sánchez,Sanchez,Bournemouth,DEF,45,Brentford,True,a,0.098719746
4,650,David_Affengruber,Affengruber,Fulham,DEF,45,Liverpool,False,a,0.09871057
4,587,Gerónimo_Rulli,Rulli,Man City,GK,50,Man Utd,False,a,0.098078385
4,561,Aaron_Anselmino,Anselmino,Chelsea,DEF,45,Hull City,True,a,0.09804784
4,20,Max_Dowman,Dowman,Arsenal,MID,53,Sunderland,False,a,0.09770571
4,3,Illan_Meslier,Meslier,Arsenal,GK,49,Sunderland,False,a,0.09601953
4,629,Michael_Zetterer,Zetterer,Leeds,GK,40,Newcastle,True,a,0.095581725
4,318,Jaden_Philogene,Philogene,Ipswich Town,MID,54,Crystal Palace,False,a,0.09334964
4,251,Benjamin_Lecomte,Lecomte,Fulham,GK,40,Liverpool,False,a,0.09246889
4,2,Kepa_Arrizabalaga Revuelta,Arrizabalaga,Arsenal,GK,49,Sunderland,False,a,0.08808025
4,571,Florentino Ibrain_Morris Luís,Florentino,Ipswich Town,MID,49,Crystal Palace,False,a,0.08758025
4,648,Jean-Mattéo_Bahoya,Bahoya,Leeds,MID,50,Newcastle,True,a,0.0873996
4,300,Christian_Walton,Walton,Ipswich Town,GK,45,Crystal Palace,False,a,0.087157555
4,612,Dayann_Méthalie,Methalie,Sunderland,DEF,45,Arsenal,True,a,0.08582906
4,590,Steven_Benda,Benda,Nott'm Forest,GK,45,Aston Villa,False,a,0.08558878
4,601,Luca_Williams-Barnett,Williams-Barnett,Spurs,MID,45,Everton,True,a,0.08462112
4,272,Jonah_Kusi-Asare,Kusi-Asare,Fulham,FWD,45,Liverpool,False,a,0.08434247
4,100,Fábio_Freitas Gouveia Carvalho,Carvalho,Brentford,MID,50,Bournemouth,False,a,0.084316134
4,613,Jules_Ahoka,Ahoka,Sunderland,MID,45,Arsenal,True,a,0.083562866
4,92,Kim_Ji-soo,Ji-soo,Brentford,DEF,45,Bournemouth,False,a,0.08333165
4,606,Triston_Rowe,Rowe,Aston Villa,DEF,40,Nott'm Forest,True,a,0.08278671
4,172,Ben_Wilson,Wilson,Coventry City,GK,45,Brighton,True,a,0.08277704
4,555,Remi_Matthews,Matthews,Crystal Palace,GK,40,Ipswich Town,True,a,0.082204625
4,468,John Victor_Maciel Furtado,John,Nott'm Forest,GK,45,Aston Villa,False,a,0.081649594
4,636,Manuel Ángel_Morán Ibáñez,Ángel,Fulham,MID,50,Liverpool,False,a,0.07955869
4,641,Melvin_Bard,Bard,Leeds,DEF,45,Newcastle,True,a,0.07940579
4,550,Djiamgone Jocelin Ta_Bi,Jocelin.T,Sunderland,MID,50,Arsenal,True,a,0.079244114
4,508,Ben_Davies,Davies,Spurs,DEF,40,Everton,True,a,0.07840631
4,199,Walter_Benítez,Benitez,Crystal Palace,GK,45,Ipswich Town,True,a,0.07805762
4,560,Mike_Penders,Penders,Chelsea,GK,45,Hull City,True,a,0.07717743
4,228,Tom_King,King,Everton,GK,45,Spurs,False,a,0.076373525
4,107,Kaye_Furo,Furo,Brentford,FWD,45,Bournemouth,False,a,0.07505234
4,524,Callum_Olusesi,Olusesi,Spurs,MID,45,Everton,True,a,0.0749314
4,66,Julio_Soler Barreto,Soler,Bournemouth,DEF,40,Brentford,True,a,0.07461596
4,270,Harrison_Reed,Reed,Fulham,MID,45,Liverpool,False,a,0.07424259
4,440,Joshua_Zirkzee,Zirkzee,Man Utd,FWD,54,Man City,True,a,0.074083425
4,645,Christos_Mouzakitis,Mouzakitis,Hull City,MID,50,Chelsea,False,a,0.07314592
4,495,Brandon_Austin,Austin,Spurs,GK,40,Everton,True,a,0.07260931
4,340,Joe_Gelhardt,Gelhardt,Hull City,MID,50,Chelsea,False,a,0.07255526
4,83,Hákon Rafn_Valdimarsson,Valdimarsson,Brentford,GK,45,Bournemouth,False,a,0.07220843
4,324,Anis_Mehmeti,Mehmeti,Ipswich Town,MID,49,Crystal Palace,False,a,0.07157606
4,310,Azor_Matusiwa,Matusiwa,Ipswich Town,MID,49,Crystal Palace,False,a,0.07144106
4,189,George_Shepherd,Shepherd,Coventry City,MID,45,Brighton,True,a,0.07039344
4,434,Jack_Fletcher,J.Fletcher,Man Utd,MID,49,Man City,True,a,0.06915212
4,656,Stephen_Mfuni,Mfuni,Coventry City,DEF,40,Brighton,True,a,0.068701826
4,599,Sidiki_Cherif,Cherif,Coventry City,FWD,50,Brighton,True,a,0.06793049
4,604,Alfie_Cresswell,Cresswell,Leeds,MID,45,Newcastle,True,a,0.066501446
4,178,Jake_Bidwell,Bidwell,Coventry City,DEF,40,Brighton,True,a,0.06644242
4,221,Joél_Drakes-Thomas,Drakes-Thomas,Crystal Palace,MID,45,Ipswich Town,True,a,0.065988496
4,134,Nehemiah_Oriola,Oriola,Brighton,MID,45,Coventry City,False,a,0.065603286
4,303,Cédric_Kipré,Kipré,Ipswich Town,DEF,40,Crystal Palace,False,a,0.06543992
4,292,Abdülkadir_Ömür,Ömür,Hull City,MID,49,Chelsea,False,a,0.06533365
4,443,Mark_Gillespie,Gillespie,Newcastle,GK,45,Leeds,False,a,0.06514055
4,444,Ewen_Jaouen,Jaouen,Newcastle,GK,45,Leeds,False,d,0.065023586
4,352,Freddie_Woodman,Woodman,Liverpool,GK,40,Fulham,True,a,0.06471203
4,179,Joel_Latibeaudiere,Latibeaudiere,Coventry City,DEF,40,Brighton,True,a,0.06392848
4,615,Michele_Di Gregorio,Di Gregorio,Bournemouth,GK,45,Brentford,True,a,0.06368128
4,510,James_Rowswell,Rowswell,Spurs,DEF,40,Everton,True,a,0.063202515
4,386,Marcus_Bettinelli,Bettinelli,Man City,GK,45,Man Utd,False,a,0.06319143
4,509,Jun'ai_Byfield,Byfield,Spurs,DEF,40,Everton,True,a,0.06265705
4,476,Omar_Richards,O.Richards,Nott'm Forest,DEF,40,Aston Villa,False,a,0.06191372
4,361,Wellity_Lucky,Lucky,Liverpool,DEF,40,Fulham,True,a,0.06030626
4,378,James_McConnell,McConnell,Liverpool,MID,45,Fulham,True,a,0.059908766
4,424,Harry_Amass,Amass,Man Utd,DEF,40,Man City,True,a,0.05676828
4,382,Jayden_Danns,Danns,Liverpool,FWD,45,Fulham,True,a,0.056611985
4,637,Robinio_Vaz,Vaz,Hull City,FWD,50,Chelsea,False,a,0.05483564
4,441,Chido_Obi,Obi,Man Utd,FWD,45,Man City,True,a,0.054546095
4,273,Dillon_Phillips,Phillips,Hull City,GK,40,Chelsea,False,a,0.052996684
4,438,Tyler_Fletcher,Fletcher,Man Utd,MID,45,Man City,True,a,0.052606028
4,437,Bendito_Mantato,Bendito Mantato,Man Utd,MID,45,Man City,True,a,0.052100908
4,531,Melker_Ellborg,Ellborg,Sunderland,GK,45,Arsenal,True,a,0.051693566
4,288,Kieran_Dowell,Dowell,Hull City,MID,45,Chelsea,False,a,0.05126106
4,653,Floyd_Samba,Samba,Man City,MID,45,Man Utd,False,a,0.050602887
4,355,Harvey_Davies,Davies,Liverpool,GK,40,Fulham,True,a,0.04738821
4,603,Jayden_Lienou,Lienou,Leeds,DEF,40,Newcastle,True,a,0.04669654
4,294,Óscar_Zambrano,Zambrano,Hull City,MID,45,Chelsea,False,a,0.046158973
4,625,Alex_Cairns,Cairns,Leeds,GK,40,Newcastle,True,a,0.042918336
4,169,Shumaira_Mheuka,Mheuka,Chelsea,FWD,45,Hull City,True,a,0.04074653
4,284,Cathal_McCarthy,McCarthy,Hull City,DEF,40,Chelsea,False,a,0.039075296
4,6,William_Saliba,Saliba,Arsenal,DEF,59,Sunderland,False,i,0.0
4,18,Gabriel_Martinelli Silva,Martinelli,Arsenal,MID,63,Sunderland,False,u,0.0
4,21,Christian_Nørgaard,Nørgaard,Everton,MID,49,Spurs,False,i,0.0
4,22,Ethan_Nwaneri,Nwaneri,Arsenal,MID,54,Sunderland,False,u,0.0
4,23,Fábio_Ferreira Vieira,Fábio Vieira,Arsenal,MID,55,Sunderland,False,u,0.0
4,24,Reiss_Nelson,Nelson,Arsenal,MID,55,Sunderland,False,u,0.0
4,27,Gabriel_Fernando de Jesus,G.Jesus,Arsenal,FWD,59,Sunderland,False,u,0.0
4,30,Lucas_Digne,Digne,Aston Villa,DEF,45,Nott'm Forest,True,u,0.0
4,39,Kosta_Nedeljkovic,Nedeljkovic,Aston Villa,DEF,40,Nott'm Forest,True,u,0.0
4,44,Leon_Bailey,Bailey,Aston Villa,MID,54,Nott'm Forest,True,u,0.0
4,48,Amadou_Onana,Onana,Aston Villa,MID,50,Nott'm Forest,True,i,0.0
4,49,Samuel_Iling-Junior,Iling Jr,Aston Villa,MID,50,Nott'm Forest,True,u,0.0
4,54,Joao_Gomes,Gomes,Aston Villa,MID,55,Nott'm Forest,True,s,0.0
4,55,Ollie_Watkins,Watkins,Aston Villa,FWD,78,Nott'm Forest,True,u,0.0
4,59,Will_Dennis,Dennis,Bournemouth,GK,40,Brentford,True,u,0.0
4,63,Veljko_Milosavljevic,Milosavljević,Bournemouth,DEF,50,Brentford,True,i,0.0
4,65,Julián_Araujo Zúñiga,J.Araujo,Bournemouth,DEF,44,Brentford,True,i,0.0
4,77,Amine_Adli,Adli,Bournemouth,MID,49,Brentford,True,i,0.0
4,78,Junior_Kroupi,Kroupi.Jr,Bournemouth,MID,74,Brentford,True,i,0.0
4,80,Enes_Ünal,Enes Ünal,Bournemouth,FWD,55,Brentford,True,u,0.0
4,84,Nathan_Collins,Collins,Brentford,DEF,55,Bournemouth,False,i,0.0
4,85,Sepp_van den Berg,Van den Berg,Brentford,DEF,49,Bournemouth,False,i,0.0
4,97,Mathias_Jensen,Jensen,Brentford,MID,55,Bournemouth,False,i,0.0
4,99,Antoni_Milambo,Milambo,Brentford,MID,50,Bournemouth,False,i,0.0
4,101,Jordan_Henderson,Henderson,Chelsea,MID,49,Hull City,True,i,0.0
4,103,Josh_Dasilva,Dasilva,Brentford,MID,50,Bournemouth,False,i,0.0
4,118,Igor Julio_dos Santos de Paulo,Igor,Brighton,DEF,45,Coventry City,False,u,0.0
4,121,Mitoma_Kaoru,Mitoma,Brighton,MID,59,Coventry City,False,i,0.0
4,122,Yankuba_Minteh,Minteh,Brighton,MID,59,Coventry City,False,i,0.0
4,128,Facundo_Buonanotte,Buonanotte,Brighton,MID,50,Coventry City,False,u,0.0
4,130,Mats_Wieffer,Wieffer,Brighton,DEF,50,Coventry City,False,i,0.0
4,131,Carlos_Baleba,Baleba,Man Utd,MID,50,Man City,True,i,0.0
4,132,Harry_Howell,Howell,Brighton,MID,45,Coventry City,False,u,0.0
4,133,Tom_Watson,Watson,Brighton,MID,50,Coventry City,False,u,0.0
4,135,Zadok_Yohanna,Yohanna,Brighton,MID,49,Coventry City,False,i,0.0
4,137,Stefanos_Tzimas,Tzimas,Brighton,FWD,55,Coventry City,False,i,0.0
4,139,Evan_Ferguson,Ferguson,Brighton,FWD,50,Coventry City,False,i,0.0
4,140,Robert_Lynch Sánchez,Sánchez,Chelsea,GK,49,Hull City,True,u,0.0
4,141,Filip_Jörgensen,Jörgensen,Chelsea,GK,50,Hull City,True,u,0.0
4,143,Trevoh_Chalobah,Chalobah,Chelsea,DEF,55,Hull City,True,u,0.0
4,146,Benoît_Badiashile Mukinayi,B.Badiashile,Chelsea,DEF,45,Hull City,True,u,0.0
4,150,Mamadou_Sarr,M.Sarr,Chelsea,DEF,45,Hull City,True,u,0.0
4,152,Marco_Palestra,Palestra,Chelsea,DEF,54,Hull City,True,i,0.0
4,159,Moisés_Caicedo Corozo,Caicedo,Chelsea,MID,54,Hull City,True,i,0.0
4,163,Dário_Luís Essugo,D.Essugo,Chelsea,MID,45,Hull City,True,u,0.0
4,168,Marc_Guiu Paz,Marc Guiu,Chelsea,FWD,50,Hull City,True,u,0.0
4,170,Emmanuel_Emegha,Emegha,Chelsea,FWD,50,Hull City,True,i,0.0
4,171,Oliver_Dovin,Dovin,Coventry City,GK,40,Brighton,True,u,0.0
4,174,Liam_Kitching,Kitching,Coventry City,DEF,40,Brighton,True,u,0.0
4,177,Kaine_Kesler-Hayden,Kesler-Hayden,Coventry City,DEF,40,Brighton,True,i,0.0
4,180,Luke_Woolfenden,Woolfenden,Coventry City,DEF,40,Brighton,True,i,0.0
4,181,Miguel_Brau,Brau,Coventry City,DEF,40,Brighton,True,u,0.0
4,187,Josh_Eccles,Eccles,Coventry City,MID,49,Brighton,True,i,0.0
4,191,Raphael_Borges Rodrigues,Borges Rodrigues,Coventry City,MID,45,Brighton,True,u,0.0
4,192,Kai_Andrews,Andrews,Coventry City,MID,45,Brighton,True,u,0.0
4,193,Haji_Wright,Wright,Coventry City,FWD,54,Brighton,True,i,0.0
4,196,Jahnoah_Markelo,Markelo,Coventry City,FWD,50,Brighton,True,u,0.0
4,197,Norman_Bassette,Bassette,Coventry City,FWD,45,Brighton,True,u,0.0
4,205,Borna_Sosa,Sosa,Crystal Palace,DEF,45,Ipswich Town,True,u,0.0
4,206,Chadi_Riad Dnanou,Chadi Riad,Crystal Palace,DEF,44,Ipswich Town,True,i,0.0
4,208,Ismaïla_Sarr,Sarr,Crystal Palace,MID,63,Ipswich Town,True,i,0.0
4,215,Justin_Devenny,Devenny,Crystal Palace,MID,50,Ipswich Town,True,u,0.0
4,216,Romain_Esse,Esse,Crystal Palace,MID,50,Ipswich Town,True,u,0.0
4,217,Matheus_França de Oliveira,M.França,Crystal Palace,MID,49,Ipswich Town,True,u,0.0
4,219,Jesurun_Rak-Sakyi,J.Rak-Sakyi,Crystal Palace,MID,49,Ipswich Town,True,u,0.0
4,220,Rio_Cardines,Cardines,Crystal Palace,DEF,45,Ipswich Town,True,u,0.0
4,223,Jean-Philippe_Mateta,Mateta,Crystal Palace,FWD,64,Ipswich Town,True,i,0.0
4,225,Christantus_Uche,Uche,Crystal Palace,FWD,50,Ipswich Town,True,u,0.0
4,234,Nathan_Patterson,Patterson,Everton,DEF,45,Spurs,False,u,0.0
4,235,Adam_Aznou,Aznou,Everton,DEF,40,Spurs,False,u,0.0
4,248,Norberto Bercique_Gomes Betuncal,Beto,Everton,FWD,54,Spurs,False,u,0.0
4,252,Alfie_McNally,McNally,Fulham,GK,40,Liverpool,False,u,0.0
4,266,Tom_Cairney,Cairney,Fulham,MID,50,Liverpool,False,i,0.0
4,274,Jack_Butland,Butland,Hull City,GK,45,Chelsea,False,i,0.0
4,275,Harvey_Cartwright,Cartwright,Hull City,GK,40,Chelsea,False,u,0.0
4,276,Thimothée_Lo-Tutala,Lo-Tutala,Hull City,GK,40,Chelsea,False,u,0.0
4,278,Charlie_Hughes,Hughes,Hull City,DEF,40,Chelsea,False,i,0.0
4,281,Cody_Drameh,Drameh,Hull City,DEF,40,Chelsea,False,u,0.0
4,283,Matty_Jacob,Jacob,Hull City,DEF,40,Chelsea,False,u,0.0
4,287,Liam_Millar,Millar,Hull City,MID,50,Chelsea,False,u,0.0
4,291,Eliot_Matazo,Matazo,Hull City,MID,45,Chelsea,False,i,0.0
4,293,Abu_Kamara,Kamara,Hull City,MID,50,Chelsea,False,u,0.0
4,296,David_Akintola,Akintola,Hull City,MID,50,Chelsea,False,u,0.0
4,297,Darko_Gyabi,Gyabi,Hull City,MID,45,Chelsea,False,i,0.0
4,298,Enis_Destan,Destan,Hull City,FWD,45,Chelsea,False,u,0.0
4,299,Mason_Burstow,Burstow,Hull City,FWD,45,Chelsea,False,u,0.0
4,307,Ben_Johnson,Johnson,Ipswich Town,DEF,40,Crystal Palace,False,u,0.0
4,311,Wes_Burns,Burns,Ipswich Town,MID,50,Crystal Palace,False,u,0.0
4,312,Jack_Taylor,Taylor,Ipswich Town,MID,45,Crystal Palace,False,i,0.0
4,314,Chiedozie_Ogbene,Ogbene,Ipswich Town,MID,49,Crystal Palace,False,u,0.0
4,317,George_Hirst,Hirst,Ipswich Town,FWD,50,Crystal Palace,False,u,0.0
4,319,Sam_Szmodics,Szmodics,Ipswich Town,MID,50,Crystal Palace,False,u,0.0
4,322,Ali_Al-Hamadi,Al-Hamadi,Ipswich Town,FWD,50,Crystal Palace,False,u,0.0
4,326,Lucas Estella_Perri,Perri,Leeds,GK,45,Newcastle,True,u,0.0
4,329,Joe_Rodon,Rodon,Leeds,DEF,44,Newcastle,True,i,0.0
4,333,Sebastiaan_Bornauw,Bornauw,Leeds,DEF,45,Newcastle,True,u,0.0
4,341,Wilfried_Gnonto,Gnonto,Leeds,MID,50,Newcastle,True,u,0.0
4,342,Jack_Harrison,Harrison,Leeds,MID,50,Newcastle,True,u,0.0
4,348,Joël_Piroe,Piroe,Leeds,FWD,50,Newcastle,True,u,0.0
4,349,Mateo_Joseph Fernández-Regatillo,Mateo Joseph,Leeds,FWD,45,Newcastle,True,i,0.0
4,353,Armin_Pecsi,Pecsi,Liverpool,GK,40,Fulham,True,u,0.0
4,354,Vitezslav_Jaros,Jaros,Liverpool,GK,40,Fulham,True,i,0.0
4,359,Joe_Gomez,Gomez,Liverpool,DEF,50,Fulham,True,i,0.0
4,360,Conor_Bradley,Bradley,Liverpool,DEF,50,Fulham,True,i,0.0
4,363,Giovanni_Leoni,Leoni,Liverpool,DEF,40,Fulham,True,i,0.0
4,365,Calvin_Ramsay,Ramsay,Liverpool,DEF,40,Fulham,True,u,0.0
4,370,Federico_Chiesa,Chiesa,Liverpool,MID,54,Fulham,True,i,0.0
4,373,Curtis_Jones,C.Jones,Liverpool,MID,55,Fulham,True,u,0.0
4,376,Stefan_Bajčetić Maquieira,Bajcetic,Liverpool,MID,50,Fulham,True,u,0.0
4,380,Hugo_Ekitiké,Ekitiké,Liverpool,FWD,74,Fulham,True,i,0.0
4,383,Harvey_Elliott,Elliott,Liverpool,MID,54,Fulham,True,u,0.0
4,394,Max_Alleyne,Alleyne,Man City,DEF,50,Man Utd,False,u,0.0
4,400,Jérémy_Doku,Doku,Man City,MID,74,Man Utd,False,i,0.0
4,402,Rodrigo 'Rodri'_Hernandez Cascante,Rodrigo,Man City,MID,65,Man Utd,False,u,0.0
4,404,Tijjani_Reijnders,Reijnders,Man City,MID,60,Man Utd,False,u,0.0
4,407,Claudio_Echeverri,Echeverri,Man City,MID,49,Man Utd,False,u,0.0
4,408,Kalvin_Phillips,Phillips,Man City,MID,50,Man Utd,False,u,0.0
4,409,Divine_Mukasa,Mukasa,Man City,MID,45,Man Utd,False,u,0.0
4,410,Jeremy_Monga,Monga,Man City,MID,49,Man Utd,False,u,0.0
4,413,Altay_Bayındır,Bayindir,Man Utd,GK,45,Man City,True,u,0.0
4,414,Tom_Heaton,Heaton,Man Utd,GK,40,Man City,True,i,0.0
4,416,Matthijs_de Ligt,De Ligt,Man Utd,DEF,50,Man City,True,i,0.0
4,425,Tyler_Fredricson,Fredricson,Man Utd,DEF,40,Man City,True,u,0.0
4,431,Amad_Diallo,Amad,Man Utd,MID,58,Man City,True,i,0.0
4,433,Manuel_Ugarte Ribeiro,Ugarte,Man Utd,MID,50,Man City,True,i,0.0
4,436,Toby_Collyer,Collyer,Man Utd,MID,50,Man City,True,u,0.0
4,448,Dan_Burn,Burn,Newcastle,DEF,49,Leeds,False,i,0.0
4,451,Alex_Murphy,A.Murphy,Newcastle,DEF,40,Leeds,False,u,0.0
4,458,Joelinton Cássio_Apolinário de Lira,Joelinton,Newcastle,MID,54,Leeds,False,i,0.0
4,463,Nick_Woltemade,Woltemade,Newcastle,FWD,59,Leeds,False,u,0.0
4,465,William_Osula,Osula,Newcastle,FWD,59,Leeds,False,i,0.0
4,466,Sean_Neave,Neave,Newcastle,FWD,45,Leeds,False,u,0.0
4,470,Felipe_Rodrigues da Silva,Morato,Nott'm Forest,DEF,50,Aston Villa,False,u,0.0
4,475,Nicolò_Savona,Savona,Nott'm Forest,DEF,45,Aston Villa,False,i,0.0
4,477,Zach_Abbott,Abbott,Nott'm Forest,DEF,40,Aston Villa,False,u,0.0
4,479,Tyler_Bindon,Bindon,Nott'm Forest,DEF,40,Aston Villa,False,u,0.0
4,484,Omari_Hutchinson,Hutchinson,Nott'm Forest,MID,54,Aston Villa,False,u,0.0
4,485,Dilane_Bakwa,Bakwa,Nott'm Forest,MID,55,Aston Villa,False,u,0.0
4,494,Guglielmo_Vicario,Vicario,Spurs,GK,45,Everton,True,u,0.0
4,500,Cristian_Romero,Romero,Spurs,DEF,50,Everton,True,u,0.0
4,505,Djed_Spence,Spence,Spurs,DEF,45,Everton,True,u,0.0
4,507,Ashley_Phillips,Phillips,Spurs,DEF,45,Everton,True,u,0.0
4,511,João Victor_de Souza Menezes,Souza,Spurs,DEF,40,Everton,True,u,0.0
4,513,Xavi_Simons,Xavi,Spurs,MID,60,Everton,True,i,0.0
4,517,Wilson_Odobert,Odobert,Spurs,MID,55,Everton,True,i,0.0
4,518,Pape Matar_Sarr,P.M.Sarr,Spurs,MID,49,Everton,True,u,0.0
4,521,Dejan_Kulusevski,Kulusevski,Spurs,MID,65,Everton,True,i,0.0
4,523,Mikey_Moore,Moore,Spurs,MID,50,Everton,True,u,0.0
4,527,Richarlison_de Andrade,Richarlison,Spurs,FWD,59,Everton,True,u,0.0
4,528,Dane_Scarlett,Scarlett,Spurs,FWD,45,Everton,True,u,0.0
4,530,Anthony_Patterson,Patterson,Sunderland,GK,40,Arsenal,True,u,0.0
4,537,Jenson_Seelt,Seelt,Sunderland,DEF,45,Arsenal,True,u,0.0
4,538,Leo Fuhr_Hjelde,Hjelde,Sunderland,DEF,40,Arsenal,True,u,0.0
4,540,Arthur_Masuaku,Masuaku,Sunderland,DEF,40,Arsenal,True,u,0.0
4,543,Habib_Diarra,Diarra,Sunderland,MID,54,Arsenal,True,i,0.0
4,546,Simon_Adingra,Adingra,Sunderland,MID,49,Arsenal,True,u,0.0
4,547,Romaine_Mundle,Mundle,Sunderland,MID,49,Arsenal,True,i,0.0
4,554,Kayne_van Oevelen,Van Oevelen,Ipswich Town,GK,45,Crystal Palace,False,u,0.0
4,563,Hidemasa_Morita,Morita,Hull City,MID,50,Chelsea,False,i,0.0
4,582,Brian_Madjo,Madjo,Aston Villa,FWD,55,Nott'm Forest,True,i,0.0
4,602,Cameron_Humphreys,Humphreys,Ipswich Town,MID,45,Crystal Palace,False,u,0.0
4,607,Luka_Lynch,Lynch,Aston Villa,MID,45,Nott'm Forest,True,u,0.0
4,609,Leo_Shahar,Shahar,Newcastle,DEF,40,Leeds,False,u,0.0
4,610,Luc_De Fougerolles,De Fougerolles,Fulham,DEF,40,Liverpool,False,u,0.0
4,618,Leon_Goretzka,Goretzka,Aston Villa,MID,60,Nott'm Forest,True,i,0.0
4,624,Amario_Cozier-Duberry,Cozier-Duberry,Brighton,MID,50,Coventry City,False,u,0.0
4,632,Ilyas_Ansah,Ansah,Hull City,FWD,50,Chelsea,False,i,0.0
5,411,Erling_Haaland,Haaland,Man City,FWD,155,Sunderland,True,a,6.796572
5,426,Bruno_Borges Fernandes,B.Fernandes,Man Utd,MID,120,Fulham,False,a,5.597235
5,388,Marc_Guéhi,Guéhi,Man City,DEF,60,Sunderland,True,a,5.0300717
5,480,Morgan_Gibbs-White,Gibbs-White,Nott'm Forest,MID,79,Coventry City,True,a,5.0176134
5,12,Bukayo_Saka,Saka,Arsenal,MID,95,Brighton,False,a,4.800848
5,165,João Pedro_Junqueira de Jesus,João Pedro,Chelsea,FWD,77,Brentford,False,a,4.7671356
5,86,Keane_Lewis-Potter,Lewis-Potter,Brentford,MID,55,Chelsea,True,a,4.626702
5,249,Thierno_Barry,Barry,Everton,FWD,56,Ipswich Town,True,a,4.6083484
5,379,Alexander_Isak,Isak,Liverpool,FWD,91,Bournemouth,False,a,4.562218
5,427,Bryan_Mbeumo,Mbeumo,Man Utd,MID,79,Fulham,False,a,4.486371
5,4,Gabriel_dos Santos Magalhães,Gabriel,Arsenal,DEF,80,Brighton,False,a,4.4517913
5,68,Marcus_Tavernier,Tavernier,Bournemouth,MID,60,Liverpool,True,a,4.371164
5,236,Kiernan_Dewsbury-Hall,Dewsbury-Hall,Everton,MID,65,Ipswich Town,True,a,4.2908897
5,356,Virgil_van Dijk,Virgil,Liverpool,DEF,65,Bournemouth,False,a,4.183379
5,368,Dominik_Szoboszlai,Szoboszlai,Liverpool,MID,70,Bournemouth,False,a,4.0775833
5,229,James_Tarkowski,Tarkowski,Everton,DEF,60,Ipswich Town,True,a,4.0713444
5,335,Anton_Stach,Stach,Leeds,MID,60,Crystal Palace,True,a,3.9985957
5,399,Rayan_Cherki,Cherki,Man City,MID,78,Sunderland,True,a,3.9801779
5,230,Jarrad_Branthwaite,Branthwaite,Everton,DEF,55,Ipswich Town,True,a,3.960308
5,397,Antoine_Semenyo,Semenyo,Man City,MID,84,Sunderland,True,a,3.93216
5,268,Josh_King,King,Fulham,MID,55,Man Utd,True,a,3.915522
5,79,Francisco Evanilson_de Lima Barbosa,Evanilson,Bournemouth,FWD,60,Liverpool,True,a,3.9066603
5,154,Cole_Palmer,Palmer,Chelsea,MID,97,Brentford,False,a,3.876881
5,350,Alisson_Becker,A.Becker,Liverpool,GK,55,Bournemouth,False,a,3.8464122
5,428,Matheus_Santos Carneiro da Cunha,Cunha,Man Utd,MID,79,Fulham,False,a,3.8160503
5,226,Jordan_Pickford,Pickford,Everton,GK,55,Ipswich Town,True,a,3.8011153
5,94,Kevin_Schade,Schade,Brentford,MID,60,Chelsea,True,a,3.7841897
5,40,Morgan_Rogers,Rogers,Chelsea,MID,76,Brentford,False,a,3.7713912
5,385,James_Trafford,Trafford,Leeds,GK,50,Crystal Palace,True,a,3.7561357
5,384,Gianluigi_Donnarumma,Donnarumma,Man City,GK,55,Sunderland,True,a,3.7374024
5,472,Murillo_Costa dos Santos,Murillo,Nott'm Forest,DEF,55,Coventry City,True,a,3.7342112
5,242,Tyrique_George,George,Everton,MID,55,Ipswich Town,True,a,3.7298353
5,98,Vitaly_Janelt,Janelt,Brentford,MID,50,Chelsea,True,a,3.7251263
5,569,Gonzalo_García,Gonzalo,Fulham,FWD,60,Man Utd,True,a,3.7148843
5,346,Dominic_Calvert-Lewin,Calvert-Lewin,Leeds,FWD,60,Crystal Palace,True,a,3.6886353
5,483,Dan_Ndoye,Ndoye,Nott'm Forest,MID,55,Coventry City,True,a,3.6636276
5,499,Pedro_Porro Sauceda,Pedro Porro,Spurs,DEF,55,Aston Villa,True,a,3.6509213
5,334,Tarik_Muharemović,Muharemović,Leeds,DEF,50,Crystal Palace,True,a,3.6130433
5,503,Micky_van de Ven,Van de Ven,Spurs,DEF,50,Aston Villa,True,a,3.610297
5,471,Nikola_Milenković,Milenković,Nott'm Forest,DEF,55,Coventry City,True,a,3.605045
5,467,Matz_Sels,Sels,Nott'm Forest,GK,50,Coventry City,True,a,3.5927343
5,15,Martin_Ødegaard,Ødegaard,Arsenal,MID,67,Brighton,False,a,3.589415
5,127,Diego_Gómez Amarilla,Gomez,Brighton,MID,50,Arsenal,True,a,3.58281
5,31,Ezri_Konsa Ngoyo,Konsa,Arsenal,DEF,44,Brighton,False,a,3.572229
5,330,Jayden_Bogle,Bogle,Leeds,DEF,45,Crystal Palace,True,a,3.5223036
5,8,Riccardo_Calafiori,Calafiori,Arsenal,DEF,58,Brighton,False,a,3.5159302
5,367,Cody_Gakpo,Gakpo,Liverpool,MID,72,Bournemouth,False,d,3.5102658
5,69,Alex_Scott,Scott,Bournemouth,MID,61,Liverpool,True,a,3.489377
5,233,Vitalii_Mykolenko,Mykolenko,Everton,DEF,45,Ipswich Town,True,a,3.4792535
5,112,Jan Paul_van Hecke,Van Hecke,Spurs,DEF,49,Aston Villa,True,a,3.4756722
5,469,Neco_Williams,N.Williams,Nott'm Forest,DEF,50,Coventry City,True,a,3.4564033
5,82,Caoimhín_Kelleher,Kelleher,Brentford,GK,50,Chelsea,True,a,3.4476671
5,567,Lukás_Hornícek,Horníček,Newcastle,GK,50,Hull City,True,a,3.442945
5,332,James_Justin,Justin,Leeds,DEF,45,Crystal Palace,True,a,3.439518
5,244,Harrison_Armstrong,Armstrong,Everton,MID,50,Ipswich Town,True,a,3.436085
5,258,Timothy_Castagne,Castagne,Fulham,DEF,45,Man Utd,True,a,3.4331763
5,597,Zion_Suzuki,Suzuki,Aston Villa,GK,50,Spurs,False,a,3.4018364
5,26,Kai_Havertz,Havertz,Arsenal,FWD,75,Brighton,False,a,3.380254
5,264,Oscar_Bobb,Bobb,Fulham,MID,55,Man Utd,True,a,3.365662
5,474,Jair_Paula da Cunha Filho,Jair Cunha,Nott'm Forest,DEF,45,Coventry City,True,a,3.3312345
5,250,Bernd_Leno,Leno,Fulham,GK,45,Man Utd,True,a,3.3070922
5,591,Julio_Enciso,Enciso,Ipswich Town,MID,55,Everton,False,a,3.3035104
5,57,Đorđe_Petrović,Petrović,Bournemouth,GK,45,Liverpool,True,a,3.3007205
5,390,Rúben_dos Santos Gato Alves Dias,Rúben,Man City,DEF,55,Sunderland,True,a,3.2847428
5,1,David_Raya Martín,Raya,Arsenal,GK,60,Brighton,False,a,3.2653728
5,432,Kobbie_Mainoo,Mainoo,Man Utd,MID,55,Fulham,False,a,3.2195158
5,393,Abdukodir_Khusanov,Khusanov,Man City,DEF,55,Sunderland,True,a,3.1747634
5,13,Declan_Rice,Rice,Arsenal,MID,74,Brighton,False,a,3.1689093
5,481,Elliot_Anderson,Anderson,Man City,MID,63,Sunderland,True,a,3.1629055
5,572,Konstantinos_Tzolakis,Tzolakis,Hull City,GK,46,Newcastle,False,a,3.1591654
5,28,Emiliano_Martínez Romero,Martinez,Chelsea,GK,50,Brentford,False,a,3.138713
5,60,James_Hill,Hill,Bournemouth,DEF,55,Liverpool,True,a,3.1337538
5,124,Pascal_Groß,Groß,Brighton,MID,56,Arsenal,True,a,3.131408
5,61,Adrien_Truffert,Truffert,Bournemouth,DEF,55,Liverpool,True,a,3.116963
5,261,Alex_Iwobi,Iwobi,Fulham,MID,54,Man Utd,True,a,3.1111455
5,115,Maxim_De Cuyper,De Cuyper,Brighton,DEF,48,Arsenal,True,a,3.0854695
5,579,Ronald_Araujo,Araujo,Liverpool,DEF,54,Bournemouth,False,a,3.0785766
5,401,Omar_Marmoush,Marmoush,Spurs,FWD,70,Aston Villa,True,a,3.0704045
5,155,Enzo_Fernández,Enzo,Man City,MID,69,Sunderland,True,a,3.061819
5,429,Marcus_Rashford,Rashford,Man Utd,MID,70,Fulham,False,a,3.0582447
5,486,James_McAtee,McAtee,Nott'm Forest,MID,55,Coventry City,True,a,3.0551002
5,377,Victor_Munoz,Munoz,Liverpool,MID,65,Bournemouth,False,a,3.0503938
5,455,Sandro_Tonali,Tonali,Spurs,MID,54,Aston Villa,True,a,3.0483084
5,391,Joško_Gvardiol,Gvardiol,Man City,DEF,56,Sunderland,True,a,3.0348663
5,362,Jeremy_Jacquet,Jacquet,Liverpool,DEF,50,Bournemouth,False,a,3.0328915
5,43,Youri_Tielemans,Tielemans,Man Utd,MID,59,Fulham,False,a,2.9857216
5,10,Benjamin_White,White,Arsenal,DEF,55,Brighton,False,a,2.984032
5,96,Mikkel_Damsgaard,Damsgaard,Brentford,MID,55,Chelsea,True,a,2.9727776
5,211,Yéremy_Pino Santos,Yeremy,Crystal Palace,MID,55,Leeds,False,a,2.9684482
5,453,Harvey_Barnes,Barnes,Newcastle,MID,60,Hull City,True,a,2.9649737
5,198,Dean_Henderson,Henderson,Crystal Palace,GK,50,Leeds,False,a,2.9645236
5,496,Antonín_Kinský,Kinsky,Spurs,GK,45,Aston Villa,True,a,2.9478426
5,156,Pedro_Lomba Neto,Neto,Chelsea,MID,65,Brentford,False,a,2.9453568
5,445,Malick_Thiaw,Thiaw,Newcastle,DEF,50,Hull City,True,a,2.9330316
5,449,Lewis_Hall,Hall,Newcastle,DEF,51,Hull City,True,a,2.920135
5,366,Florian_Wirtz,Wirtz,Liverpool,MID,74,Bournemouth,False,a,2.8787043
5,87,Kristoffer_Ajer,Ajer,Brentford,DEF,45,Chelsea,True,a,2.869534
5,277,John_Egan,Egan,Hull City,DEF,41,Newcastle,False,a,2.8627312
5,200,Maxence_Lacroix,Lacroix,Chelsea,DEF,60,Brentford,False,a,2.8545184
5,224,Eddie_Nketiah,Nketiah,Crystal Palace,FWD,55,Leeds,False,a,2.8448944
5,67,Rayan Vitor_Simplício Rocha,Rayan,Bournemouth,MID,64,Liverpool,True,a,2.8396945
5,338,Ethan_Ampadu,Ampadu,Leeds,MID,55,Crystal Palace,True,a,2.8196907
5,166,Nicolas_Jackson,N.Jackson,Aston Villa,FWD,65,Spurs,False,a,2.811431
5,41,Emiliano_Buendía Stati,Buendía,Aston Villa,MID,59,Spurs,False,a,2.7946038
5,358,Milos_Kerkez,Kerkez,Liverpool,DEF,54,Bournemouth,False,a,2.7915063
5,116,Lewis_Dunk,Dunk,Brighton,DEF,45,Arsenal,True,a,2.756333
5,454,Anthony_Elanga,Elanga,Newcastle,MID,61,Hull City,True,a,2.7542515
5,514,Mathys_Tel,Tel,Spurs,MID,58,Aston Villa,True,a,2.7509
5,142,Reece_James,James,Chelsea,DEF,54,Brentford,False,a,2.7413125
5,286,Mohamed_Belloumi,Belloumi,Hull City,MID,50,Newcastle,False,a,2.7369971
5,627,Bradley_Barcola,Barcola,Liverpool,MID,80,Bournemouth,False,a,2.7295427
5,45,John_McGinn,McGinn,Aston Villa,MID,54,Spurs,False,a,2.721886
5,544,Granit_Xhaka,Xhaka,Sunderland,MID,55,Man City,False,a,2.7139256
5,210,Adam_Wharton,Wharton,Crystal Palace,MID,55,Leeds,False,a,2.7118583
5,566,António João_Pereira de Albuquerque Tavares da Silva,Silva,Bournemouth,DEF,50,Liverpool,True,a,2.6868188
5,70,Justin_Kluivert,Kluivert,Bournemouth,MID,60,Liverpool,True,a,2.6496587
5,88,Michael_Kayode,Kayode,Brentford,DEF,46,Chelsea,True,a,2.647902
5,516,Rodrigo_Bentancur,Bentancur,Spurs,MID,55,Aston Villa,True,a,2.6464233
5,464,Yoane_Wissa,Wissa,Newcastle,FWD,62,Hull City,True,a,2.619239
5,109,Bart_Verbruggen,Verbruggen,Brighton,GK,45,Arsenal,True,a,2.6171863
5,372,Alexis_Mac Allister,Mac Allister,Liverpool,MID,54,Bournemouth,False,a,2.616192
5,214,Daichi_Kamada,Kamada,Crystal Palace,MID,50,Leeds,False,a,2.6020164
5,447,Sven_Botman,Botman,Newcastle,DEF,50,Hull City,True,a,2.6013675
5,570,César_Palacios,Palacios,Fulham,MID,55,Man Utd,True,a,2.585349
5,46,Ross_Barkley,Barkley,Aston Villa,MID,50,Spurs,False,a,2.5544875
5,204,Tyrick_Mitchell,Mitchell,Crystal Palace,DEF,45,Leeds,False,a,2.5410118
5,327,Jaka_Bijol,Bijol,Leeds,DEF,50,Crystal Palace,True,a,2.5189934
5,460,Joe_Willock,Willock,Newcastle,MID,50,Hull City,True,a,2.5103118
5,565,Mamadou_Sangaré,M.Sangaré,Brentford,MID,57,Chelsea,True,a,2.5085423
5,257,Calvin_Bassey,Bassey,Fulham,DEF,45,Man Utd,True,a,2.501923
5,279,Semi_Ajayi,Ajayi,Hull City,DEF,41,Newcastle,False,a,2.4952247
5,553,Wilson_Isidor,Isidor,Sunderland,FWD,55,Man City,False,a,2.4922194
5,36,Ian_Maatsen,Maatsen,Aston Villa,DEF,45,Spurs,False,a,2.4897194
5,504,Luka_Vušković,Vuskovic,Brighton,DEF,50,Arsenal,True,a,2.4886663
5,254,Antonee_Robinson,Robinson,Fulham,DEF,45,Man Utd,True,a,2.4843864
5,290,Regan_Slater,Slater,Hull City,MID,45,Newcastle,False,a,2.4826868
5,586,Nobel_Mendy,Mendy,Hull City,DEF,41,Newcastle,False,a,2.4677114
5,51,George_Hemmings,George Hemmings,Aston Villa,MID,45,Spurs,False,a,2.433175
5,605,Malick_Yalcouyé,Yalcouyé,Brighton,MID,45,Arsenal,True,a,2.4269903
5,295,Oli_McBurnie,McBurnie,Hull City,FWD,55,Newcastle,False,a,2.419779
5,316,Emersonn_Correia da Silva,Emersonn,Ipswich Town,FWD,55,Everton,False,a,2.418543
5,202,Chris_Richards,Richards,Crystal Palace,DEF,50,Leeds,False,a,2.4159255
5,47,Boubacar_Kamara,Kamara,Aston Villa,MID,50,Spurs,False,a,2.4087756
5,138,Charalampos_Kostoulas,Kostoulas,Brighton,FWD,55,Arsenal,True,a,2.4080915
5,238,Jack_Grealish,Grealish,Everton,MID,65,Ipswich Town,True,a,2.4030123
5,247,Hayden_Hackney,Hackney,Everton,MID,55,Ipswich Town,True,a,2.392075
5,105,Jaidon_Anthony,Anthony,Brentford,MID,60,Chelsea,True,a,2.386559
5,7,Myles_Lewis-Skelly,Lewis-Skelly,Arsenal,MID,55,Brighton,False,a,2.366949
5,246,Merlin_Röhl,Röhl,Everton,MID,50,Ipswich Town,True,a,2.3605917
5,32,Matty_Cash,Cash,Aston Villa,DEF,45,Spurs,False,d,2.3374226
5,167,Liam_Delap,Delap,Nott'm Forest,FWD,55,Coventry City,True,a,2.3284597
5,545,Noah_Sadiki,Sadiki,Sunderland,MID,49,Man City,False,a,2.3234148
5,315,Abdul_Fatawu,Fatawu,Ipswich Town,MID,55,Everton,False,a,2.3101404
5,473,Ola_Aina,Aina,Nott'm Forest,DEF,45,Coventry City,True,a,2.3055496
5,265,Sander_Berge,Berge,Fulham,MID,50,Man Utd,True,a,2.2990303
5,542,Enzo_Le Fée,E.Le Fée,Sunderland,MID,59,Man City,False,a,2.296933
5,336,Noah_Okafor,Okafor,Leeds,MID,59,Crystal Palace,True,a,2.271317
5,282,Ryan_Giles,Giles,Hull City,DEF,40,Newcastle,False,a,2.2589576
5,558,Xaver_Schlager,Schlager,Nott'm Forest,MID,50,Coventry City,True,a,2.2371888
5,114,Olivier_Boscagli,Boscagli,Brighton,DEF,45,Arsenal,True,a,2.2201366
5,148,Jorrel_Hato,Hato,Chelsea,DEF,45,Brentford,False,a,2.211544
5,439,Benjamin_Sesko,Šeško,Man Utd,FWD,70,Fulham,False,a,2.210489
5,459,Lewis_Miley,L.Miley,Newcastle,MID,55,Hull City,True,a,2.1698813
5,593,Amar_Dedic,Dedić,Newcastle,DEF,45,Hull City,True,d,2.0967429
5,598,Nico_Elvedi,Elvedi,Leeds,DEF,45,Crystal Palace,True,a,2.0948548
5,267,Saša_Lukić,Lukić,Ipswich Town,MID,50,Everton,False,a,2.0911458
5,95,Dango_Ouattara,O.Dango,Brentford,MID,64,Chelsea,True,a,2.0843687
5,239,James_Garner,Garner,Everton,MID,60,Ipswich Town,True,d,2.0778694
5,403,Sávio_Moreira de Oliveira,Sávio,Spurs,MID,65,Aston Villa,True,a,2.076657
5,37,Victor_Lindelöf,Lindelöf,Aston Villa,DEF,45,Spurs,False,a,2.0682607
5,253,Joachim_Andersen,Andersen,Fulham,DEF,50,Man Utd,True,a,2.066308
5,64,Adam_Smith,Smith,Bournemouth,DEF,45,Liverpool,True,a,2.0629034
5,398,Phil_Foden,Foden,Man City,MID,70,Sunderland,True,a,2.055517
5,144,Malo_Gusto,Gusto,Chelsea,DEF,50,Brentford,False,a,2.0540538
5,564,Kjell_Scherpen,Scherpen,Ipswich Town,GK,45,Everton,False,a,2.0497751
5,419,Lisandro_Martínez,Martinez,Man Utd,DEF,50,Fulham,False,a,2.0404756
5,184,Matt_Grimes,Grimes,Coventry City,MID,50,Nott'm Forest,False,a,2.0250614
5,529,Robin_Roefs,Roefs,Sunderland,GK,50,Man City,False,a,2.0184724
5,588,Anan_Khalaili,Khalaili,Crystal Palace,DEF,50,Leeds,False,a,2.014894
5,222,Jørgen_Strand Larsen,Strand Larsen,Crystal Palace,FWD,60,Leeds,False,a,1.9925554
5,259,Issa_Diop,Diop,Ipswich Town,DEF,40,Everton,False,a,1.9872327
5,110,Carl_Rushworth,Rushworth,Coventry City,GK,45,Nott'm Forest,False,a,1.9576086
5,161,Roméo_Lavia,Lavia,Chelsea,MID,50,Brentford,False,a,1.9305283
5,145,Wesley_Fofana,Fofana,Chelsea,DEF,50,Brentford,False,a,1.9194838
5,337,Brenden_Aaronson,Aaronson,Leeds,MID,54,Crystal Palace,True,a,1.9170581
5,183,Jack_Rudoni,Rudoni,Coventry City,MID,50,Nott'm Forest,False,a,1.9123515
5,576,Elliot_Stroud,Stroud,Hull City,MID,50,Newcastle,False,a,1.8813748
5,491,Igor Jesus_Maciel da Cruz,Igor Jesus,Nott'm Forest,FWD,59,Coventry City,True,a,1.8779052
5,106,Igor Thiago_Nascimento Rodrigues,Thiago,Brentford,FWD,79,Chelsea,True,a,1.8736415
5,320,Chuba_Akpom,Akpom,Ipswich Town,FWD,50,Everton,False,a,1.865054
5,562,Daizen_Maeda,Maeda,Ipswich Town,MID,54,Everton,False,a,1.8479586
5,129,Yasin_Ayari,Ayari,Brighton,MID,54,Arsenal,True,a,1.8360023
5,644,Quinten_Timber,Timber,Crystal Palace,MID,50,Leeds,False,a,1.8355073
5,405,Nico_González Iglesias,N.Gonzalez,Newcastle,MID,55,Hull City,True,a,1.8271716
5,113,Ferdi_Kadıoğlu,F.Kadıoğlu,Brighton,DEF,44,Arsenal,True,a,1.8205947
5,203,Jaydee_Canvot,Canvot,Crystal Palace,DEF,49,Leeds,False,a,1.8185343
5,492,Taiwo_Awoniyi,Awoniyi,Coventry City,FWD,55,Nott'm Forest,False,a,1.793894
5,173,Bobby_Thomas,Thomas,Coventry City,DEF,40,Nott'm Forest,False,a,1.7741531
5,190,Loum_Tchaouna,Tchaouna,Coventry City,MID,54,Nott'm Forest,False,a,1.7561679
5,347,Lukas_Nmecha,Nmecha,Leeds,FWD,54,Crystal Palace,True,a,1.7461039
5,533,Nordi_Mukiele,Mukiele,Sunderland,DEF,55,Man City,False,a,1.7435192
5,557,Christos_Tzolis,Tzolis,Arsenal,MID,64,Brighton,False,a,1.7353214
5,552,Brian_Brobbey,Brobbey,Sunderland,FWD,59,Man City,False,a,1.7190073
5,73,Tyler_Adams,Adams,Bournemouth,MID,50,Liverpool,True,a,1.701321
5,345,Tanaka_Ao,Tanaka,Leeds,MID,49,Crystal Palace,True,a,1.6961766
5,456,Jacob_Ramsey,J.Ramsey,Newcastle,MID,49,Hull City,True,a,1.6842638
5,643,Ben_Chilwell,Chilwell,Crystal Palace,DEF,45,Leeds,False,a,1.665189
5,151,Josh_Acheampong,Acheampong,Chelsea,DEF,45,Brentford,False,a,1.6475675
5,237,Iliman_Ndiaye,Ndiaye,Man City,MID,59,Sunderland,True,a,1.6351061
5,269,Ryan_Sessegnon,Sessegnon,Fulham,DEF,45,Man Utd,True,a,1.6239967
5,71,Lewis_Cook,Cook,Bournemouth,MID,50,Liverpool,True,a,1.6151216
5,522,Archie_Gray,Gray,Spurs,MID,50,Aston Villa,True,a,1.6126199
5,331,Gabriel_Gudmundsson,Gudmundsson,Leeds,DEF,45,Crystal Palace,True,a,1.6098596
5,33,Tyrone_Mings,Mings,Aston Villa,DEF,45,Spurs,False,a,1.6021826
5,417,Diogo_Dalot Teixeira,Dalot,Man Utd,DEF,49,Fulham,False,a,1.6006356
5,201,Daniel_Muñoz Mejía,Muñoz,Nott'm Forest,DEF,54,Coventry City,True,a,1.5959277
5,551,Nilson_Angulo,N.Angulo,Sunderland,MID,50,Man City,False,a,1.5947208
5,536,Reinildo_Mandava,Reinildo,Sunderland,DEF,45,Man City,False,a,1.5946538
5,209,Brennan_Johnson,Johnson,Everton,MID,59,Ipswich Town,True,a,1.5925692
5,580,Shea_Charles,Charles,Fulham,MID,50,Man Utd,True,a,1.5839804
5,519,Conor_Gallagher,Gallagher,Spurs,MID,54,Aston Villa,True,a,1.569683
5,34,Pau_Torres,Pau,Aston Villa,DEF,45,Spurs,False,a,1.569015
5,506,Destiny_Udogie,Udogie,Spurs,DEF,45,Aston Villa,True,a,1.5598962
5,194,Brandon_Thomas-Asante,Thomas-Asante,Coventry City,FWD,50,Nott'm Forest,False,a,1.5511482
5,619,Exequiel_Palacios,Palacios,Ipswich Town,MID,50,Everton,False,a,1.5373309
5,575,Caleb_Yirenkyi,Yirenkyi,Coventry City,MID,49,Nott'm Forest,False,a,1.5252265
5,389,Matheus_Nunes,Matheus N.,Man City,DEF,59,Sunderland,True,a,1.524225
5,93,Jannik_Schuster,Schuster,Brentford,DEF,45,Chelsea,True,a,1.5232698
5,412,Senne_Lammens,Lammens,Man Utd,GK,50,Fulham,False,a,1.5174206
5,280,Lewie_Coyle,Coyle,Hull City,DEF,40,Newcastle,False,a,1.5162677
5,305,Leif_Davis,Davis,Ipswich Town,DEF,40,Everton,False,a,1.4914541
5,635,Hugo_Larsson,Larsson,Fulham,MID,50,Man Utd,True,a,1.4609982
5,186,Ephron_Mason-Clark,Mason-Clark,Coventry City,MID,54,Nott'm Forest,False,a,1.4555525
5,525,Mateus_Fernandes,Fernandes,Spurs,MID,58,Aston Villa,True,a,1.4370086
5,541,Thomas_Meunier,Meunier,Sunderland,DEF,45,Man City,False,a,1.4179583
5,589,Lucas_Gourna-Douath,Gourna-Douath,Hull City,MID,50,Newcastle,False,a,1.4081274
5,371,Ryan_Gravenberch,Gravenberch,Liverpool,MID,59,Bournemouth,False,a,1.4050404
5,123,Jack_Hinshelwood,Hinshelwood,Brighton,MID,60,Arsenal,True,d,1.3876926
5,309,Marcelino_Núñez,Núñez,Ipswich Town,MID,50,Everton,False,a,1.3722378
5,512,Mohammed_Kudus,Kudus,Spurs,MID,65,Aston Villa,True,a,1.3720678
5,175,Milan_van Ewijk,van Ewijk,Coventry City,DEF,40,Nott'm Forest,False,a,1.3671157
5,304,Dara_O'Shea,O'Shea,Ipswich Town,DEF,40,Everton,False,a,1.3602728
5,195,Ellis_Simms,Simms,Coventry City,FWD,50,Nott'm Forest,False,a,1.3328865
5,176,Jay_Dasilva,Dasilva,Coventry City,DEF,40,Nott'm Forest,False,a,1.3234353
5,498,Marcos_Senesi Barón,Senesi,Spurs,DEF,59,Aston Villa,True,a,1.3074025
5,642,Sorba_Thomas,Thomas,Hull City,MID,55,Newcastle,False,a,1.3018976
5,104,Frank_Onyeka,Onyeka,Coventry City,MID,49,Nott'm Forest,False,a,1.291714
5,488,Ibrahim_Sangaré,I.Sangaré,Nott'm Forest,MID,49,Coventry City,True,a,1.2854947
5,153,Axel_Disasi,Disasi,Crystal Palace,DEF,45,Leeds,False,a,1.2785338
5,490,Chris_Wood,Wood,Nott'm Forest,FWD,59,Coventry City,True,a,1.2721268
5,649,Ainsley_Maitland-Niles,Maitland-Niles,Everton,DEF,45,Ipswich Town,True,a,1.2655807
5,182,Aurèle_Amenda,Amenda,Coventry City,DEF,40,Nott'm Forest,False,a,1.2592008
5,102,Yehor_Yarmoliuk,Yarmoliuk,Brentford,MID,49,Chelsea,True,a,1.2486659
5,616,Ayyoub_Bouaddi,Bouaddi,Man City,MID,55,Sunderland,True,a,1.244637
5,241,Dwight_McNeil,McNeil,Crystal Palace,MID,54,Leeds,False,a,1.2186555
5,415,Patrick_Dorgu,Dorgu,Man Utd,MID,58,Fulham,False,a,1.2141207
5,162,Andrey_Nascimento dos Santos,Andrey Santos,Man Utd,MID,49,Fulham,False,a,1.2084658
5,9,Piero_Hincapié,Hincapie,Arsenal,DEF,53,Brighton,False,a,1.208098
5,526,Dominic_Solanke-Mitchell,Solanke,Spurs,FWD,59,Aston Villa,True,a,1.2076861
5,634,Matias_Fernandez-Pardo,Fernandez-Pardo,Newcastle,FWD,60,Hull City,True,a,1.2042711
5,90,Aaron_Hickey,Hickey,Brentford,DEF,45,Chelsea,True,a,1.1975654
5,640,Zian_Flemming,Flemming,Ipswich Town,FWD,55,Everton,False,a,1.1831313
5,611,Aaron_Wan-Bissaka,Wan-Bissaka,Aston Villa,DEF,45,Spurs,False,a,1.1809564
5,422,Noussair_Mazraoui,Mazraoui,Man Utd,DEF,44,Fulham,False,a,1.1778182
5,255,Jorge_Cuenca Barreno,J.Cuenca,Fulham,DEF,45,Man Utd,True,a,1.1763299
5,583,Pep_Chavarría,Chavarria,Chelsea,DEF,49,Brentford,False,a,1.1761011
5,149,Levi_Samuels Colwill,Colwill,Chelsea,DEF,49,Brentford,False,a,1.1740222
5,19,Martín_Zubimendi Ibáñez,Zubimendi,Arsenal,MID,54,Brighton,False,a,1.1535732
5,262,Emile_Smith Rowe,Smith Rowe,Fulham,MID,54,Man Utd,True,a,1.1490084
5,457,Jacob_Murphy,J.Murphy,Newcastle,MID,59,Hull City,True,a,1.1439946
5,420,Leny_Yoro,Yoro,Man Utd,DEF,49,Fulham,False,a,1.1320952
5,108,Callum_Wilson,Wilson,Brentford,FWD,55,Chelsea,True,a,1.131229
5,160,Alejandro_Garnacho Ferreyra,Garnacho,Aston Villa,MID,59,Spurs,False,a,1.130925
5,119,João Pedro_Loureiro da Costa,Costinha,Brighton,DEF,45,Arsenal,True,a,1.1232636
5,313,Jack_Clarke,Clarke,Ipswich Town,MID,55,Everton,False,a,1.1177118
5,502,Andrew_Robertson,Robertson,Spurs,DEF,45,Aston Villa,True,a,1.1114296
5,306,Jacob_Greaves,Greaves,Ipswich Town,DEF,40,Everton,False,a,1.1078386
5,14,Eberechi_Eze,Eze,Arsenal,MID,64,Brighton,False,a,1.0911415
5,17,Mikel_Merino Zazón,Merino,Arsenal,MID,59,Brighton,False,a,1.0877551
5,260,Harry_Wilson,Wilson,Leeds,MID,63,Crystal Palace,True,a,1.08589
5,343,Daniel_James,James,Leeds,MID,50,Crystal Palace,True,a,1.0746826
5,462,Sean_Steur,Steur,Newcastle,MID,49,Hull City,True,a,1.0532097
5,532,Daniel_Ballard,Ballard,Sunderland,DEF,49,Man City,False,a,1.0471243
5,421,Ayden_Heaven,Heaven,Man Utd,DEF,44,Fulham,False,a,1.0463357
5,188,Victor_Torp,Torp,Coventry City,MID,54,Nott'm Forest,False,a,1.0450108
5,42,Evann_Guessand,Guessand,Crystal Palace,MID,55,Leeds,False,a,1.0404779
5,406,Mateo_Kovačić,Kovačić,Man City,MID,54,Sunderland,True,a,1.0402513
5,584,Gustavo_Hamer,Hamer,Coventry City,MID,54,Nott'm Forest,False,a,1.0367041
5,621,Ryan_McAidoo,McAidoo,Man City,MID,45,Sunderland,True,a,1.0276837
5,157,Estêvão_Almeida de Oliveira Gonçalves,Estêvão,Chelsea,MID,64,Brentford,False,a,1.0186841
5,638,Brooke_Norton-Cuffy,Norton-Cuffy,Hull City,DEF,40,Newcastle,False,a,1.0102204
5,646,Malick_Fofana,Fofana,Sunderland,MID,55,Man City,False,a,1.0051038
5,263,Kevin_Santos Lopes de Macedo,Kevin,Fulham,MID,54,Man Utd,True,a,1.0034789
5,16,Noni_Madueke,Madueke,Arsenal,MID,63,Brighton,False,a,0.99940604
5,125,Georginio_Rutter,Georginio,Brighton,FWD,55,Arsenal,True,d,0.99745667
5,395,Rico_Lewis,Lewis,Man City,DEF,45,Sunderland,True,a,0.9873923
5,501,Kevin_Danso,Danso,Sunderland,DEF,50,Man City,False,a,0.9706117
5,369,Rio_Ngumoha,Ngumoha,Liverpool,MID,58,Bournemouth,False,a,0.96771324
5,271,Rodrigo_Muniz Carvalho,Muniz,Fulham,FWD,54,Man Utd,True,a,0.9634773
5,323,Kasey_McAteer,McAteer,Ipswich Town,MID,45,Everton,False,a,0.960519
5,289,Matt_Crooks,Crooks,Hull City,MID,45,Newcastle,False,a,0.95947677
5,577,Takehiro_Tomiyasu,Tomiyasu,Crystal Palace,DEF,45,Leeds,False,a,0.95829123
5,617,Mohamed-Ali_Cho,Cho,Hull City,MID,50,Newcastle,False,a,0.94051886
5,520,Lucas_Bergvall,Bergvall,Spurs,MID,54,Aston Villa,True,a,0.9226232
5,52,Alysson Edward Franco_da Rocha dos Santos,Alysson,Aston Villa,MID,50,Spurs,False,a,0.91938454
5,74,David_Brooks,Brooks,Bournemouth,MID,50,Liverpool,True,a,0.90299034
5,600,Ibrahim_Osman,Osman,Brighton,MID,50,Arsenal,True,a,0.90273035
5,647,Darío_Osorio,Osorio,Crystal Palace,MID,55,Leeds,False,a,0.8730853
5,91,Ethan_Pinnock,Pinnock,Coventry City,DEF,45,Nott'm Forest,False,a,0.8495456
5,594,Promise_David,David,Brighton,FWD,60,Arsenal,True,a,0.8066731
5,578,Mykhailo_Mudryk,Mudryk,Spurs,MID,54,Aston Villa,True,a,0.74747676
5,357,Jeremie_Frimpong,Frimpong,Liverpool,DEF,54,Bournemouth,False,a,0.74059683
5,25,Viktor_Gyökeres,Gyökeres,Arsenal,FWD,72,Brighton,False,a,0.7380092
5,585,Lucas_Herrington,Herrington,Hull City,DEF,40,Newcastle,False,a,0.72944605
5,381,Lewis_Koumas,Koumas,Liverpool,MID,50,Bournemouth,False,a,0.72551465
5,328,Pascal_Struijk,Struijk,Brighton,DEF,50,Arsenal,True,a,0.717639
5,596,Matteo_Ruggeri,Ruggeri,Aston Villa,DEF,45,Spurs,False,a,0.7133835
5,375,Trey_Nyoni,Nyoni,Liverpool,MID,49,Bournemouth,False,a,0.70819956
5,75,Ryan_Christie,Christie,Bournemouth,MID,50,Liverpool,True,a,0.7035927
5,478,Luca_Netz,Netz,Nott'm Forest,DEF,45,Coventry City,True,a,0.7031879
5,56,Tammy_Abraham,Abraham,Aston Villa,FWD,55,Spurs,False,a,0.6925113
5,207,Oscar_Mingueza,Mingueza,Crystal Palace,DEF,44,Leeds,False,a,0.68132275
5,515,James_Maddison,Maddison,Spurs,MID,63,Aston Villa,True,a,0.68043655
5,592,Abdoul_Ouattara,Ouattara,Ipswich Town,DEF,40,Everton,False,a,0.67932224
5,608,Daniel_Jebbison,Jebbison,Bournemouth,FWD,50,Liverpool,True,a,0.6752257
5,581,Ousmane_Diomande,Diomande,Nott'm Forest,DEF,54,Coventry City,True,a,0.667315
5,364,Kostas_Tsimikas,Tsimikas,Liverpool,DEF,49,Bournemouth,False,a,0.6576971
5,29,Marco_Bizot,M.Bizot,Aston Villa,GK,45,Spurs,False,a,0.64413273
5,548,Chris_Rigg,Rigg,Sunderland,MID,49,Man City,False,a,0.6424226
5,185,Tatsuhiro_Sakamoto,Sakamoto,Coventry City,MID,49,Nott'm Forest,False,a,0.63694435
5,549,Chemsdine_Talbi,Talbi,Sunderland,MID,54,Man City,False,a,0.6127522
5,450,Tino_Livramento,Livramento,Newcastle,DEF,49,Hull City,True,a,0.6081323
5,136,Danny_Welbeck,Welbeck,Chelsea,FWD,59,Brentford,False,a,0.5894493
5,535,Omar_Alderete,Alderete,Sunderland,DEF,49,Man City,False,a,0.5880513
5,452,Bruno_Guimarães Rodriguez Moura,Bruno G.,Arsenal,MID,68,Brighton,False,a,0.5805243
5,243,Carlos_Alcaraz Durán,Alcaraz,Everton,MID,50,Ipswich Town,True,a,0.57464767
5,418,Harry_Maguire,Maguire,Man Utd,DEF,49,Fulham,False,a,0.57460326
5,72,Ben_Gannon-Doak,Gannon-Doak,Bournemouth,MID,49,Liverpool,True,a,0.5612803
5,423,Luke_Shaw,Shaw,Man Utd,DEF,44,Fulham,False,d,0.5462945
5,482,Callum_Hudson-Odoi,Hudson-Odoi,Nott'm Forest,MID,59,Coventry City,True,a,0.523875
5,446,Fabian_Schär,Schär,Newcastle,DEF,50,Hull City,True,a,0.52308095
5,35,Lamare_Bogarde,Bogarde,Aston Villa,MID,50,Spurs,False,a,0.5158516
5,539,Luke_O'Nien,O'Nien,Sunderland,DEF,40,Man City,False,a,0.49988678
5,212,Will_Hughes,Hughes,Crystal Palace,MID,45,Leeds,False,a,0.49695304
5,568,Valentín_Barco,Barco,Chelsea,MID,55,Brentford,False,a,0.49365982
5,11,Cristhian_Mosquera,Mosquera,Arsenal,DEF,54,Brighton,False,d,0.49239945
5,595,Zavier_Gozo,Gozo,Crystal Palace,MID,50,Leeds,False,a,0.4905023
5,534,Trai_Hume,Hume,Sunderland,DEF,44,Man City,False,a,0.46536243
5,321,Sindre_Walle Egeli,Walle Egeli,Ipswich Town,FWD,45,Everton,False,a,0.44909805
5,232,Jake_O'Brien,O'Brien,Everton,DEF,49,Ipswich Town,True,a,0.415189
5,487,Nicolás_Domínguez,Dominguez,Nott'm Forest,MID,49,Coventry City,True,a,0.3957348
5,164,Geovany_Quenda,Quenda,Chelsea,MID,54,Brentford,False,a,0.3800142
5,339,Sean_Longstaff,Longstaff,Leeds,MID,49,Crystal Palace,True,a,0.34780112
5,76,Alex_Tóth,Tóth.A,Bournemouth,MID,50,Liverpool,True,a,0.34128776
5,461,Bazoumana_Touré,Touré,Newcastle,MID,58,Hull City,True,a,0.33615255
5,89,Rico_Henry,Henry,Brentford,DEF,45,Chelsea,True,a,0.32903436
5,387,Nico_O'Reilly,O'Reilly,Man City,DEF,64,Sunderland,True,a,0.31183422
5,231,Michael_Keane,Keane,Everton,DEF,49,Ipswich Town,True,a,0.30498934
5,631,Ibrahim_Mbaye,Mbaye,Aston Villa,MID,60,Spurs,False,a,0.29153466
5,497,Martin_Dubravka,Dubravka,Spurs,GK,40,Aston Villa,True,a,0.28732824
5,81,Álvaro_Rodríguez,Rodríguez,Bournemouth,FWD,60,Liverpool,True,a,0.28705394
5,559,Aladji_Bamba,Bamba,Newcastle,MID,49,Hull City,True,a,0.2835826
5,392,Rayan_Aït-Nouri,Aït-Nouri,Man City,DEF,53,Sunderland,True,a,0.27148464
5,620,El Hadji Malick_Diouf,Diouf,Brentford,DEF,45,Chelsea,True,a,0.25293562
5,111,Jason_Steele,Steele,Brighton,GK,40,Arsenal,True,a,0.25236174
5,435,Shea_Lacey,Lacey,Man Utd,MID,49,Fulham,False,a,0.2517545
5,308,Darnell_Furlong,Furlong,Ipswich Town,DEF,40,Everton,False,a,0.24410139
5,623,Dan_Bentley,Bentley,Coventry City,GK,40,Nott'm Forest,False,a,0.23821025
5,240,Tim_Iroegbunam,Iroegbunam,Hull City,MID,50,Newcastle,False,a,0.21983188
5,442,Nick_Pope,Pope,Newcastle,GK,49,Hull City,True,a,0.21862681
5,58,Fraser_Forster,Forster,Bournemouth,GK,40,Liverpool,True,a,0.2145944
5,53,Johan_Manzambi,Manzambi,Aston Villa,MID,59,Spurs,False,d,0.2129228
5,5,Jurriën_Timber,J.Timber,Arsenal,DEF,65,Brighton,False,d,0.20845124
5,493,Arnaud_Kalimuendo,Kalimuendo,Nott'm Forest,FWD,54,Coventry City,True,a,0.20683762
5,62,Bafodé_Diakité,Diakité,Bournemouth,DEF,50,Liverpool,True,a,0.20591675
5,301,Alex_Palmer,Palmer,Ipswich Town,GK,40,Everton,False,a,0.1940223
5,622,Kaden_Braithwaite,Braithwaite,Man City,DEF,40,Sunderland,True,a,0.18829092
5,396,Vitor_de Oliveira Nunes dos Reis,Vitor Reis,Man City,DEF,45,Sunderland,True,a,0.1869447
5,574,Jens_Hjertø-Dahl,Hjertø-Dahl,Hull City,MID,49,Newcastle,False,a,0.18456477
5,655,Yann_Gboho,Gboho,Coventry City,MID,55,Nott'm Forest,False,a,0.1782358
5,489,Ryan_Yates,Yates,Nott'm Forest,MID,45,Coventry City,True,a,0.17789179
5,256,Kenny_Tete,Tete,Fulham,DEF,44,Man Utd,True,a,0.17302468
5,158,Jamie_Bynoe-Gittens,Gittens,Chelsea,MID,59,Brentford,False,a,0.16790016
5,38,Andrés_García,A.García,Aston Villa,DEF,40,Spurs,False,a,0.15351975
5,629,Michael_Zetterer,Zetterer,Leeds,GK,40,Crystal Palace,True,a,0.14979613
5,120,Michael_Svoboda,Svoboda,Brighton,DEF,50,Arsenal,True,a,0.14727654
5,147,Tosin_Adarabioyo,Tosin,Spurs,DEF,44,Aston Villa,True,a,0.14075544
5,325,Karl_Darlow,Darlow,Man Utd,GK,45,Fulham,False,a,0.13871926
5,272,Jonah_Kusi-Asare,Kusi-Asare,Fulham,FWD,45,Man Utd,True,a,0.13670498
5,245,Tyler_Dibling,Dibling,Everton,MID,54,Ipswich Town,True,a,0.13493225
5,285,Paddy_McNair,McNair,Hull City,DEF,40,Newcastle,False,a,0.13478027
5,302,David_Button,Button,Ipswich Town,GK,40,Everton,False,a,0.12963966
5,626,Macaulay_Zepa,Zepa,Fulham,MID,45,Man Utd,True,a,0.12820259
5,351,Giorgi_Mamardashvili,Mamardashvili,Liverpool,GK,49,Bournemouth,False,a,0.1270266
5,628,Allan_Andrade Elias,Allan,Man City,MID,60,Sunderland,True,a,0.12668812
5,654,Braiden_Graham,Graham,Everton,MID,45,Ipswich Town,True,a,0.12648419
5,630,Taylor_Harwood-Bellis,Harwood-Bellis,Aston Villa,DEF,45,Spurs,False,a,0.12272376
5,648,Jean-Mattéo_Bahoya,Bahoya,Leeds,MID,50,Crystal Palace,True,a,0.12217452
5,213,Jefferson_Lerma Solís,Lerma,Crystal Palace,MID,49,Leeds,False,a,0.120793514
5,318,Jaden_Philogene,Philogene,Ipswich Town,MID,54,Everton,False,a,0.12032487
5,571,Florentino Ibrain_Morris Luís,Florentino,Ipswich Town,MID,49,Everton,False,a,0.11891173
5,344,Ilia_Gruev,Gruev,Leeds,MID,50,Crystal Palace,True,d,0.114939466
5,556,Matt_Targett,Targett,Hull City,DEF,40,Newcastle,False,a,0.113928355
5,633,Honest_Ahanor,Ahanor,Crystal Palace,DEF,45,Leeds,False,a,0.110551886
5,651,Juan_Angulo,J.Angulo,Sunderland,FWD,45,Man City,False,a,0.10965787
5,639,José María_Andrés Baixauli,Andrés,Brighton,MID,55,Arsenal,True,a,0.10935938
5,561,Aaron_Anselmino,Anselmino,Chelsea,DEF,45,Brentford,False,a,0.10717983
5,430,Mason_Mount,Mount,Man Utd,MID,54,Fulham,False,a,0.10688557
5,652,Femi_Azeez,Azeez,Brighton,MID,55,Arsenal,True,d,0.1062347
5,601,Luca_Williams-Barnett,Williams-Barnett,Spurs,MID,45,Aston Villa,True,a,0.10557717
5,107,Kaye_Furo,Furo,Brentford,FWD,45,Chelsea,True,a,0.10498447
5,126,Matt_O'Riley,O'Riley,Brighton,MID,55,Arsenal,True,a,0.10471139
5,50,Bradley_Burrowes,Burrowes,Aston Villa,MID,45,Spurs,False,a,0.1044444
5,641,Melvin_Bard,Bard,Leeds,DEF,45,Crystal Palace,True,a,0.103946805
5,227,Mark_Travers,Travers,Everton,GK,50,Ipswich Town,True,a,0.10236378
5,650,David_Affengruber,Affengruber,Fulham,DEF,45,Man Utd,True,a,0.09809128
5,172,Ben_Wilson,Wilson,Coventry City,GK,45,Nott'm Forest,False,a,0.09491492
5,587,Gerónimo_Rulli,Rulli,Man City,GK,50,Sunderland,True,a,0.093033
5,117,Diego_Coppola,Coppola,Brighton,DEF,45,Arsenal,True,a,0.092747785
5,573,Juanlu_Sánchez,Sanchez,Bournemouth,DEF,45,Liverpool,True,a,0.091679655
5,560,Mike_Penders,Penders,Chelsea,GK,45,Brentford,False,a,0.090640135
5,524,Callum_Olusesi,Olusesi,Spurs,MID,45,Aston Villa,True,a,0.09034341
5,300,Christian_Walton,Walton,Ipswich Town,GK,45,Everton,False,a,0.089430414
5,508,Ben_Davies,Davies,Spurs,DEF,40,Aston Villa,True,a,0.087949514
5,3,Illan_Meslier,Meslier,Arsenal,GK,49,Brighton,False,a,0.08785494
5,495,Brandon_Austin,Austin,Spurs,GK,40,Aston Villa,True,a,0.08738893
5,20,Max_Dowman,Dowman,Arsenal,MID,53,Brighton,False,a,0.08709088
5,2,Kepa_Arrizabalaga Revuelta,Arrizabalaga,Arsenal,GK,49,Brighton,False,a,0.08672256
5,92,Kim_Ji-soo,Ji-soo,Brentford,DEF,45,Chelsea,True,a,0.08567436
5,555,Remi_Matthews,Matthews,Crystal Palace,GK,40,Leeds,False,a,0.08560391
5,604,Alfie_Cresswell,Cresswell,Leeds,MID,45,Crystal Palace,True,a,0.085203275
5,218,Cheick_Doucouré,Doucouré,Crystal Palace,MID,49,Leeds,False,a,0.08469052
5,100,Fábio_Freitas Gouveia Carvalho,Carvalho,Brentford,MID,50,Chelsea,True,a,0.08428144
5,374,Endo_Wataru,Endo,Liverpool,MID,50,Bournemouth,False,a,0.083390765
5,613,Jules_Ahoka,Ahoka,Sunderland,MID,45,Man City,False,a,0.0830538
5,614,Jaouen_Hadjam,Hadjam,Brighton,DEF,45,Arsenal,True,a,0.08189163
5,606,Triston_Rowe,Rowe,Aston Villa,DEF,40,Spurs,False,a,0.08057019
5,468,John Victor_Maciel Furtado,John,Nott'm Forest,GK,45,Coventry City,True,a,0.08054412
5,636,Manuel Ángel_Morán Ibáñez,Ángel,Fulham,MID,50,Man Utd,True,a,0.0799158
5,251,Benjamin_Lecomte,Lecomte,Fulham,GK,40,Man Utd,True,a,0.078736626
5,324,Anis_Mehmeti,Mehmeti,Ipswich Town,MID,49,Everton,False,a,0.07868903
5,310,Azor_Matusiwa,Matusiwa,Ipswich Town,MID,49,Everton,False,a,0.078654155
5,199,Walter_Benítez,Benitez,Crystal Palace,GK,45,Leeds,False,a,0.07738305
5,612,Dayann_Méthalie,Methalie,Sunderland,DEF,45,Man City,False,a,0.07583832
5,590,Steven_Benda,Benda,Nott'm Forest,GK,45,Coventry City,True,a,0.075067915
5,440,Joshua_Zirkzee,Zirkzee,Man Utd,FWD,54,Fulham,False,a,0.07502421
5,270,Harrison_Reed,Reed,Fulham,MID,45,Man Utd,True,a,0.074744016
5,189,George_Shepherd,Shepherd,Coventry City,MID,45,Nott'm Forest,False,a,0.07452115
5,550,Djiamgone Jocelin Ta_Bi,Jocelin.T,Sunderland,MID,50,Man City,False,a,0.07420413
5,434,Jack_Fletcher,J.Fletcher,Man Utd,MID,49,Fulham,False,a,0.07289722
5,476,Omar_Richards,O.Richards,Nott'm Forest,DEF,40,Coventry City,True,a,0.07170532
5,510,James_Rowswell,Rowswell,Spurs,DEF,40,Aston Villa,True,a,0.07081539
5,645,Christos_Mouzakitis,Mouzakitis,Hull City,MID,50,Newcastle,False,a,0.0704474
5,509,Jun'ai_Byfield,Byfield,Spurs,DEF,40,Aston Villa,True,a,0.070198804
5,340,Joe_Gelhardt,Gelhardt,Hull City,MID,50,Newcastle,False,a,0.069937
5,599,Sidiki_Cherif,Cherif,Coventry City,FWD,50,Nott'm Forest,False,a,0.06967174
5,178,Jake_Bidwell,Bidwell,Coventry City,DEF,40,Nott'm Forest,False,a,0.06818146
5,228,Tom_King,King,Everton,GK,45,Ipswich Town,True,a,0.06809287
5,656,Stephen_Mfuni,Mfuni,Coventry City,DEF,40,Nott'm Forest,False,a,0.06642209
5,352,Freddie_Woodman,Woodman,Liverpool,GK,40,Bournemouth,False,a,0.066198125
5,66,Julio_Soler Barreto,Soler,Bournemouth,DEF,40,Liverpool,True,a,0.066028625
5,179,Joel_Latibeaudiere,Latibeaudiere,Coventry City,DEF,40,Nott'm Forest,False,a,0.0656753
5,83,Hákon Rafn_Valdimarsson,Valdimarsson,Brentford,GK,45,Chelsea,True,a,0.065265976
5,303,Cédric_Kipré,Kipré,Ipswich Town,DEF,40,Everton,False,a,0.06344788
5,292,Abdülkadir_Ömür,Ömür,Hull City,MID,49,Newcastle,False,a,0.06326351
5,441,Chido_Obi,Obi,Man Utd,FWD,45,Fulham,False,a,0.06257431
5,443,Mark_Gillespie,Gillespie,Newcastle,GK,45,Hull City,True,a,0.061836455
5,444,Ewen_Jaouen,Jaouen,Newcastle,GK,45,Hull City,True,d,0.06171062
5,615,Michele_Di Gregorio,Di Gregorio,Bournemouth,GK,45,Liverpool,True,a,0.06148968
5,424,Harry_Amass,Amass,Man Utd,DEF,40,Fulham,False,a,0.061160628
5,603,Jayden_Lienou,Lienou,Leeds,DEF,40,Crystal Palace,True,a,0.061150964
5,386,Marcus_Bettinelli,Bettinelli,Man City,GK,45,Sunderland,True,a,0.060637966
5,625,Alex_Cairns,Cairns,Leeds,GK,40,Crystal Palace,True,a,0.05990682
5,221,Joél_Drakes-Thomas,Drakes-Thomas,Crystal Palace,MID,45,Leeds,False,a,0.05950658
5,653,Floyd_Samba,Samba,Man City,MID,45,Sunderland,True,a,0.057440564
5,438,Tyler_Fletcher,Fletcher,Man Utd,MID,45,Fulham,False,a,0.057141952
5,437,Bendito_Mantato,Bendito Mantato,Man Utd,MID,45,Fulham,False,a,0.05697997
5,134,Nehemiah_Oriola,Oriola,Brighton,MID,45,Arsenal,True,a,0.05497959
5,637,Robinio_Vaz,Vaz,Hull City,FWD,50,Newcastle,False,a,0.05320684
5,273,Dillon_Phillips,Phillips,Hull City,GK,40,Newcastle,False,a,0.0523608
5,531,Melker_Ellborg,Ellborg,Sunderland,GK,45,Man City,False,a,0.052284468
5,288,Kieran_Dowell,Dowell,Hull City,MID,45,Newcastle,False,a,0.049808387
5,361,Wellity_Lucky,Lucky,Liverpool,DEF,40,Bournemouth,False,a,0.048748914
5,378,James_McConnell,McConnell,Liverpool,MID,45,Bournemouth,False,a,0.048575103
5,294,Óscar_Zambrano,Zambrano,Hull City,MID,45,Newcastle,False,a,0.044748906
5,355,Harvey_Davies,Davies,Liverpool,GK,40,Bournemouth,False,a,0.04339691
5,382,Jayden_Danns,Danns,Liverpool,FWD,45,Bournemouth,False,a,0.03852923
5,284,Cathal_McCarthy,McCarthy,Hull City,DEF,40,Newcastle,False,a,0.03819584
5,169,Shumaira_Mheuka,Mheuka,Chelsea,FWD,45,Brentford,False,a,0.037062727
5,6,William_Saliba,Saliba,Arsenal,DEF,59,Brighton,False,i,0.0
5,18,Gabriel_Martinelli Silva,Martinelli,Arsenal,MID,63,Brighton,False,u,0.0
5,21,Christian_Nørgaard,Nørgaard,Everton,MID,49,Ipswich Town,True,i,0.0
5,22,Ethan_Nwaneri,Nwaneri,Arsenal,MID,54,Brighton,False,u,0.0
5,23,Fábio_Ferreira Vieira,Fábio Vieira,Arsenal,MID,55,Brighton,False,u,0.0
5,24,Reiss_Nelson,Nelson,Arsenal,MID,55,Brighton,False,u,0.0
5,27,Gabriel_Fernando de Jesus,G.Jesus,Arsenal,FWD,59,Brighton,False,u,0.0
5,30,Lucas_Digne,Digne,Aston Villa,DEF,45,Spurs,False,u,0.0
5,39,Kosta_Nedeljkovic,Nedeljkovic,Aston Villa,DEF,40,Spurs,False,u,0.0
5,44,Leon_Bailey,Bailey,Aston Villa,MID,54,Spurs,False,u,0.0
5,48,Amadou_Onana,Onana,Aston Villa,MID,50,Spurs,False,i,0.0
5,49,Samuel_Iling-Junior,Iling Jr,Aston Villa,MID,50,Spurs,False,u,0.0
5,54,Joao_Gomes,Gomes,Aston Villa,MID,55,Spurs,False,s,0.0
5,55,Ollie_Watkins,Watkins,Aston Villa,FWD,78,Spurs,False,u,0.0
5,59,Will_Dennis,Dennis,Bournemouth,GK,40,Liverpool,True,u,0.0
5,63,Veljko_Milosavljevic,Milosavljević,Bournemouth,DEF,50,Liverpool,True,i,0.0
5,65,Julián_Araujo Zúñiga,J.Araujo,Bournemouth,DEF,44,Liverpool,True,i,0.0
5,77,Amine_Adli,Adli,Bournemouth,MID,49,Liverpool,True,i,0.0
5,78,Junior_Kroupi,Kroupi.Jr,Bournemouth,MID,74,Liverpool,True,i,0.0
5,80,Enes_Ünal,Enes Ünal,Bournemouth,FWD,55,Liverpool,True,u,0.0
5,84,Nathan_Collins,Collins,Brentford,DEF,55,Chelsea,True,i,0.0
5,85,Sepp_van den Berg,Van den Berg,Brentford,DEF,49,Chelsea,True,i,0.0
5,97,Mathias_Jensen,Jensen,Brentford,MID,55,Chelsea,True,i,0.0
5,99,Antoni_Milambo,Milambo,Brentford,MID,50,Chelsea,True,i,0.0
5,101,Jordan_Henderson,Henderson,Chelsea,MID,49,Brentford,False,i,0.0
5,103,Josh_Dasilva,Dasilva,Brentford,MID,50,Chelsea,True,i,0.0
5,118,Igor Julio_dos Santos de Paulo,Igor,Brighton,DEF,45,Arsenal,True,u,0.0
5,121,Mitoma_Kaoru,Mitoma,Brighton,MID,59,Arsenal,True,i,0.0
5,122,Yankuba_Minteh,Minteh,Brighton,MID,59,Arsenal,True,i,0.0
5,128,Facundo_Buonanotte,Buonanotte,Brighton,MID,50,Arsenal,True,u,0.0
5,130,Mats_Wieffer,Wieffer,Brighton,DEF,50,Arsenal,True,i,0.0
5,131,Carlos_Baleba,Baleba,Man Utd,MID,50,Fulham,False,i,0.0
5,132,Harry_Howell,Howell,Brighton,MID,45,Arsenal,True,u,0.0
5,133,Tom_Watson,Watson,Brighton,MID,50,Arsenal,True,u,0.0
5,135,Zadok_Yohanna,Yohanna,Brighton,MID,49,Arsenal,True,i,0.0
5,137,Stefanos_Tzimas,Tzimas,Brighton,FWD,55,Arsenal,True,i,0.0
5,139,Evan_Ferguson,Ferguson,Brighton,FWD,50,Arsenal,True,i,0.0
5,140,Robert_Lynch Sánchez,Sánchez,Chelsea,GK,49,Brentford,False,u,0.0
5,141,Filip_Jörgensen,Jörgensen,Chelsea,GK,50,Brentford,False,u,0.0
5,143,Trevoh_Chalobah,Chalobah,Chelsea,DEF,55,Brentford,False,u,0.0
5,146,Benoît_Badiashile Mukinayi,B.Badiashile,Chelsea,DEF,45,Brentford,False,u,0.0
5,150,Mamadou_Sarr,M.Sarr,Chelsea,DEF,45,Brentford,False,u,0.0
5,152,Marco_Palestra,Palestra,Chelsea,DEF,54,Brentford,False,i,0.0
5,159,Moisés_Caicedo Corozo,Caicedo,Chelsea,MID,54,Brentford,False,i,0.0
5,163,Dário_Luís Essugo,D.Essugo,Chelsea,MID,45,Brentford,False,u,0.0
5,168,Marc_Guiu Paz,Marc Guiu,Chelsea,FWD,50,Brentford,False,u,0.0
5,170,Emmanuel_Emegha,Emegha,Chelsea,FWD,50,Brentford,False,i,0.0
5,171,Oliver_Dovin,Dovin,Coventry City,GK,40,Nott'm Forest,False,u,0.0
5,174,Liam_Kitching,Kitching,Coventry City,DEF,40,Nott'm Forest,False,u,0.0
5,177,Kaine_Kesler-Hayden,Kesler-Hayden,Coventry City,DEF,40,Nott'm Forest,False,i,0.0
5,180,Luke_Woolfenden,Woolfenden,Coventry City,DEF,40,Nott'm Forest,False,i,0.0
5,181,Miguel_Brau,Brau,Coventry City,DEF,40,Nott'm Forest,False,u,0.0
5,187,Josh_Eccles,Eccles,Coventry City,MID,49,Nott'm Forest,False,i,0.0
5,191,Raphael_Borges Rodrigues,Borges Rodrigues,Coventry City,MID,45,Nott'm Forest,False,u,0.0
5,192,Kai_Andrews,Andrews,Coventry City,MID,45,Nott'm Forest,False,u,0.0
5,193,Haji_Wright,Wright,Coventry City,FWD,54,Nott'm Forest,False,i,0.0
5,196,Jahnoah_Markelo,Markelo,Coventry City,FWD,50,Nott'm Forest,False,u,0.0
5,197,Norman_Bassette,Bassette,Coventry City,FWD,45,Nott'm Forest,False,u,0.0
5,205,Borna_Sosa,Sosa,Crystal Palace,DEF,45,Leeds,False,u,0.0
5,206,Chadi_Riad Dnanou,Chadi Riad,Crystal Palace,DEF,44,Leeds,False,i,0.0
5,208,Ismaïla_Sarr,Sarr,Crystal Palace,MID,63,Leeds,False,i,0.0
5,215,Justin_Devenny,Devenny,Crystal Palace,MID,50,Leeds,False,u,0.0
5,216,Romain_Esse,Esse,Crystal Palace,MID,50,Leeds,False,u,0.0
5,217,Matheus_França de Oliveira,M.França,Crystal Palace,MID,49,Leeds,False,u,0.0
5,219,Jesurun_Rak-Sakyi,J.Rak-Sakyi,Crystal Palace,MID,49,Leeds,False,u,0.0
5,220,Rio_Cardines,Cardines,Crystal Palace,DEF,45,Leeds,False,u,0.0
5,223,Jean-Philippe_Mateta,Mateta,Crystal Palace,FWD,64,Leeds,False,i,0.0
5,225,Christantus_Uche,Uche,Crystal Palace,FWD,50,Leeds,False,u,0.0
5,234,Nathan_Patterson,Patterson,Everton,DEF,45,Ipswich Town,True,u,0.0
5,235,Adam_Aznou,Aznou,Everton,DEF,40,Ipswich Town,True,u,0.0
5,248,Norberto Bercique_Gomes Betuncal,Beto,Everton,FWD,54,Ipswich Town,True,u,0.0
5,252,Alfie_McNally,McNally,Fulham,GK,40,Man Utd,True,u,0.0
5,266,Tom_Cairney,Cairney,Fulham,MID,50,Man Utd,True,i,0.0
5,274,Jack_Butland,Butland,Hull City,GK,45,Newcastle,False,i,0.0
5,275,Harvey_Cartwright,Cartwright,Hull City,GK,40,Newcastle,False,u,0.0
5,276,Thimothée_Lo-Tutala,Lo-Tutala,Hull City,GK,40,Newcastle,False,u,0.0
5,278,Charlie_Hughes,Hughes,Hull City,DEF,40,Newcastle,False,i,0.0
5,281,Cody_Drameh,Drameh,Hull City,DEF,40,Newcastle,False,u,0.0
5,283,Matty_Jacob,Jacob,Hull City,DEF,40,Newcastle,False,u,0.0
5,287,Liam_Millar,Millar,Hull City,MID,50,Newcastle,False,u,0.0
5,291,Eliot_Matazo,Matazo,Hull City,MID,45,Newcastle,False,i,0.0
5,293,Abu_Kamara,Kamara,Hull City,MID,50,Newcastle,False,u,0.0
5,296,David_Akintola,Akintola,Hull City,MID,50,Newcastle,False,u,0.0
5,297,Darko_Gyabi,Gyabi,Hull City,MID,45,Newcastle,False,i,0.0
5,298,Enis_Destan,Destan,Hull City,FWD,45,Newcastle,False,u,0.0
5,299,Mason_Burstow,Burstow,Hull City,FWD,45,Newcastle,False,u,0.0
5,307,Ben_Johnson,Johnson,Ipswich Town,DEF,40,Everton,False,u,0.0
5,311,Wes_Burns,Burns,Ipswich Town,MID,50,Everton,False,u,0.0
5,312,Jack_Taylor,Taylor,Ipswich Town,MID,45,Everton,False,i,0.0
5,314,Chiedozie_Ogbene,Ogbene,Ipswich Town,MID,49,Everton,False,u,0.0
5,317,George_Hirst,Hirst,Ipswich Town,FWD,50,Everton,False,u,0.0
5,319,Sam_Szmodics,Szmodics,Ipswich Town,MID,50,Everton,False,u,0.0
5,322,Ali_Al-Hamadi,Al-Hamadi,Ipswich Town,FWD,50,Everton,False,u,0.0
5,326,Lucas Estella_Perri,Perri,Leeds,GK,45,Crystal Palace,True,u,0.0
5,329,Joe_Rodon,Rodon,Leeds,DEF,44,Crystal Palace,True,i,0.0
5,333,Sebastiaan_Bornauw,Bornauw,Leeds,DEF,45,Crystal Palace,True,u,0.0
5,341,Wilfried_Gnonto,Gnonto,Leeds,MID,50,Crystal Palace,True,u,0.0
5,342,Jack_Harrison,Harrison,Leeds,MID,50,Crystal Palace,True,u,0.0
5,348,Joël_Piroe,Piroe,Leeds,FWD,50,Crystal Palace,True,u,0.0
5,349,Mateo_Joseph Fernández-Regatillo,Mateo Joseph,Leeds,FWD,45,Crystal Palace,True,i,0.0
5,353,Armin_Pecsi,Pecsi,Liverpool,GK,40,Bournemouth,False,u,0.0
5,354,Vitezslav_Jaros,Jaros,Liverpool,GK,40,Bournemouth,False,i,0.0
5,359,Joe_Gomez,Gomez,Liverpool,DEF,50,Bournemouth,False,i,0.0
5,360,Conor_Bradley,Bradley,Liverpool,DEF,50,Bournemouth,False,i,0.0
5,363,Giovanni_Leoni,Leoni,Liverpool,DEF,40,Bournemouth,False,i,0.0
5,365,Calvin_Ramsay,Ramsay,Liverpool,DEF,40,Bournemouth,False,u,0.0
5,370,Federico_Chiesa,Chiesa,Liverpool,MID,54,Bournemouth,False,i,0.0
5,373,Curtis_Jones,C.Jones,Liverpool,MID,55,Bournemouth,False,u,0.0
5,376,Stefan_Bajčetić Maquieira,Bajcetic,Liverpool,MID,50,Bournemouth,False,u,0.0
5,380,Hugo_Ekitiké,Ekitiké,Liverpool,FWD,74,Bournemouth,False,i,0.0
5,383,Harvey_Elliott,Elliott,Liverpool,MID,54,Bournemouth,False,u,0.0
5,394,Max_Alleyne,Alleyne,Man City,DEF,50,Sunderland,True,u,0.0
5,400,Jérémy_Doku,Doku,Man City,MID,74,Sunderland,True,i,0.0
5,402,Rodrigo 'Rodri'_Hernandez Cascante,Rodrigo,Man City,MID,65,Sunderland,True,u,0.0
5,404,Tijjani_Reijnders,Reijnders,Man City,MID,60,Sunderland,True,u,0.0
5,407,Claudio_Echeverri,Echeverri,Man City,MID,49,Sunderland,True,u,0.0
5,408,Kalvin_Phillips,Phillips,Man City,MID,50,Sunderland,True,u,0.0
5,409,Divine_Mukasa,Mukasa,Man City,MID,45,Sunderland,True,u,0.0
5,410,Jeremy_Monga,Monga,Man City,MID,49,Sunderland,True,u,0.0
5,413,Altay_Bayındır,Bayindir,Man Utd,GK,45,Fulham,False,u,0.0
5,414,Tom_Heaton,Heaton,Man Utd,GK,40,Fulham,False,i,0.0
5,416,Matthijs_de Ligt,De Ligt,Man Utd,DEF,50,Fulham,False,i,0.0
5,425,Tyler_Fredricson,Fredricson,Man Utd,DEF,40,Fulham,False,u,0.0
5,431,Amad_Diallo,Amad,Man Utd,MID,58,Fulham,False,i,0.0
5,433,Manuel_Ugarte Ribeiro,Ugarte,Man Utd,MID,50,Fulham,False,i,0.0
5,436,Toby_Collyer,Collyer,Man Utd,MID,50,Fulham,False,u,0.0
5,448,Dan_Burn,Burn,Newcastle,DEF,49,Hull City,True,i,0.0
5,451,Alex_Murphy,A.Murphy,Newcastle,DEF,40,Hull City,True,u,0.0
5,458,Joelinton Cássio_Apolinário de Lira,Joelinton,Newcastle,MID,54,Hull City,True,i,0.0
5,463,Nick_Woltemade,Woltemade,Newcastle,FWD,59,Hull City,True,u,0.0
5,465,William_Osula,Osula,Newcastle,FWD,59,Hull City,True,i,0.0
5,466,Sean_Neave,Neave,Newcastle,FWD,45,Hull City,True,u,0.0
5,470,Felipe_Rodrigues da Silva,Morato,Nott'm Forest,DEF,50,Coventry City,True,u,0.0
5,475,Nicolò_Savona,Savona,Nott'm Forest,DEF,45,Coventry City,True,i,0.0
5,477,Zach_Abbott,Abbott,Nott'm Forest,DEF,40,Coventry City,True,u,0.0
5,479,Tyler_Bindon,Bindon,Nott'm Forest,DEF,40,Coventry City,True,u,0.0
5,484,Omari_Hutchinson,Hutchinson,Nott'm Forest,MID,54,Coventry City,True,u,0.0
5,485,Dilane_Bakwa,Bakwa,Nott'm Forest,MID,55,Coventry City,True,u,0.0
5,494,Guglielmo_Vicario,Vicario,Spurs,GK,45,Aston Villa,True,u,0.0
5,500,Cristian_Romero,Romero,Spurs,DEF,50,Aston Villa,True,u,0.0
5,505,Djed_Spence,Spence,Spurs,DEF,45,Aston Villa,True,u,0.0
5,507,Ashley_Phillips,Phillips,Spurs,DEF,45,Aston Villa,True,u,0.0
5,511,João Victor_de Souza Menezes,Souza,Spurs,DEF,40,Aston Villa,True,u,0.0
5,513,Xavi_Simons,Xavi,Spurs,MID,60,Aston Villa,True,i,0.0
5,517,Wilson_Odobert,Odobert,Spurs,MID,55,Aston Villa,True,i,0.0
5,518,Pape Matar_Sarr,P.M.Sarr,Spurs,MID,49,Aston Villa,True,u,0.0
5,521,Dejan_Kulusevski,Kulusevski,Spurs,MID,65,Aston Villa,True,i,0.0
5,523,Mikey_Moore,Moore,Spurs,MID,50,Aston Villa,True,u,0.0
5,527,Richarlison_de Andrade,Richarlison,Spurs,FWD,59,Aston Villa,True,u,0.0
5,528,Dane_Scarlett,Scarlett,Spurs,FWD,45,Aston Villa,True,u,0.0
5,530,Anthony_Patterson,Patterson,Sunderland,GK,40,Man City,False,u,0.0
5,537,Jenson_Seelt,Seelt,Sunderland,DEF,45,Man City,False,u,0.0
5,538,Leo Fuhr_Hjelde,Hjelde,Sunderland,DEF,40,Man City,False,u,0.0
5,540,Arthur_Masuaku,Masuaku,Sunderland,DEF,40,Man City,False,u,0.0
5,543,Habib_Diarra,Diarra,Sunderland,MID,54,Man City,False,i,0.0
5,546,Simon_Adingra,Adingra,Sunderland,MID,49,Man City,False,u,0.0
5,547,Romaine_Mundle,Mundle,Sunderland,MID,49,Man City,False,i,0.0
5,554,Kayne_van Oevelen,Van Oevelen,Ipswich Town,GK,45,Everton,False,u,0.0
5,563,Hidemasa_Morita,Morita,Hull City,MID,50,Newcastle,False,i,0.0
5,582,Brian_Madjo,Madjo,Aston Villa,FWD,55,Spurs,False,i,0.0
5,602,Cameron_Humphreys,Humphreys,Ipswich Town,MID,45,Everton,False,u,0.0
5,607,Luka_Lynch,Lynch,Aston Villa,MID,45,Spurs,False,u,0.0
5,609,Leo_Shahar,Shahar,Newcastle,DEF,40,Hull City,True,u,0.0
5,610,Luc_De Fougerolles,De Fougerolles,Fulham,DEF,40,Man Utd,True,u,0.0
5,618,Leon_Goretzka,Goretzka,Aston Villa,MID,60,Spurs,False,i,0.0
5,624,Amario_Cozier-Duberry,Cozier-Duberry,Brighton,MID,50,Arsenal,True,u,0.0
5,632,Ilyas_Ansah,Ansah,Hull City,FWD,50,Newcastle,False,i,0.0
6,411,Erling_Haaland,Haaland,Man City,FWD,155,Liverpool,False,a,6.5016356
6,426,Bruno_Borges Fernandes,B.Fernandes,Man Utd,MID,120,Spurs,True,a,5.8413215
6,165,João Pedro_Junqueira de Jesus,João Pedro,Chelsea,FWD,77,Bournemouth,True,a,5.438421
6,4,Gabriel_dos Santos Magalhães,Gabriel,Arsenal,DEF,80,Leeds,True,a,5.1413097
6,12,Bukayo_Saka,Saka,Arsenal,MID,95,Leeds,True,a,5.0956655
6,427,Bryan_Mbeumo,Mbeumo,Man Utd,MID,79,Spurs,True,a,4.723117
6,480,Morgan_Gibbs-White,Gibbs-White,Nott'm Forest,MID,79,Crystal Palace,False,a,4.715191
6,154,Cole_Palmer,Palmer,Chelsea,MID,97,Bournemouth,True,a,4.7139797
6,379,Alexander_Isak,Isak,Liverpool,FWD,91,Man City,True,a,4.6856155
6,356,Virgil_van Dijk,Virgil,Liverpool,DEF,65,Man City,True,a,4.6769156
6,591,Julio_Enciso,Enciso,Ipswich Town,MID,55,Fulham,True,a,4.6161184
6,40,Morgan_Rogers,Rogers,Chelsea,MID,76,Bournemouth,True,a,4.435889
6,200,Maxence_Lacroix,Lacroix,Chelsea,DEF,60,Bournemouth,True,a,4.2813263
6,68,Marcus_Tavernier,Tavernier,Bournemouth,MID,60,Chelsea,False,a,4.195407
6,86,Keane_Lewis-Potter,Lewis-Potter,Brentford,MID,55,Aston Villa,False,a,4.156205
6,368,Dominik_Szoboszlai,Szoboszlai,Liverpool,MID,70,Man City,True,a,4.141106
6,388,Marc_Guéhi,Guéhi,Man City,DEF,60,Liverpool,False,a,4.1091557
6,8,Riccardo_Calafiori,Calafiori,Arsenal,DEF,58,Leeds,True,a,4.0968904
6,428,Matheus_Santos Carneiro da Cunha,Cunha,Man Utd,MID,79,Spurs,True,a,4.020669
6,211,Yéremy_Pino Santos,Yeremy,Crystal Palace,MID,55,Nott'm Forest,True,a,3.965589
6,15,Martin_Ødegaard,Ødegaard,Arsenal,MID,67,Leeds,True,a,3.9297926
6,31,Ezri_Konsa Ngoyo,Konsa,Arsenal,DEF,44,Leeds,True,a,3.8950999
6,350,Alisson_Becker,A.Becker,Liverpool,GK,55,Man City,True,a,3.8836262
6,198,Dean_Henderson,Henderson,Crystal Palace,GK,50,Nott'm Forest,True,a,3.8669667
6,432,Kobbie_Mainoo,Mainoo,Man Utd,MID,55,Spurs,True,a,3.7892194
6,249,Thierno_Barry,Barry,Everton,FWD,56,Hull City,False,a,3.7829044
6,268,Josh_King,King,Fulham,MID,55,Ipswich Town,False,a,3.7504902
6,399,Rayan_Cherki,Cherki,Man City,MID,78,Liverpool,False,a,3.7472801
6,156,Pedro_Lomba Neto,Neto,Chelsea,MID,65,Bournemouth,True,a,3.7300785
6,224,Eddie_Nketiah,Nketiah,Crystal Palace,FWD,55,Nott'm Forest,True,a,3.7115479
6,13,Declan_Rice,Rice,Arsenal,MID,74,Leeds,True,a,3.6867042
6,26,Kai_Havertz,Havertz,Arsenal,FWD,75,Leeds,True,a,3.6774368
6,567,Lukás_Hornícek,Horníček,Newcastle,GK,50,Coventry City,False,a,3.631051
6,28,Emiliano_Martínez Romero,Martinez,Chelsea,GK,50,Bournemouth,True,a,3.6188312
6,1,David_Raya Martín,Raya,Arsenal,GK,60,Leeds,True,a,3.6130896
6,142,Reece_James,James,Chelsea,DEF,54,Bournemouth,True,a,3.5785873
6,43,Youri_Tielemans,Tielemans,Man Utd,MID,59,Spurs,True,a,3.568507
6,384,Gianluigi_Donnarumma,Donnarumma,Man City,GK,55,Liverpool,False,a,3.5649695
6,127,Diego_Gómez Amarilla,Gomez,Brighton,MID,50,Sunderland,False,a,3.5638406
6,453,Harvey_Barnes,Barnes,Newcastle,MID,60,Coventry City,False,a,3.563415
6,79,Francisco Evanilson_de Lima Barbosa,Evanilson,Bournemouth,FWD,60,Chelsea,False,a,3.5596192
6,367,Cody_Gakpo,Gakpo,Liverpool,MID,72,Man City,True,d,3.5365736
6,69,Alex_Scott,Scott,Bournemouth,MID,61,Chelsea,False,a,3.5099533
6,82,Caoimhín_Kelleher,Kelleher,Brentford,GK,50,Aston Villa,False,a,3.5084155
6,204,Tyrick_Mitchell,Mitchell,Crystal Palace,DEF,45,Nott'm Forest,True,a,3.4949825
6,429,Marcus_Rashford,Rashford,Man Utd,MID,70,Spurs,True,a,3.494618
6,445,Malick_Thiaw,Thiaw,Newcastle,DEF,50,Coventry City,False,a,3.492763
6,98,Vitaly_Janelt,Janelt,Brentford,MID,50,Aston Villa,False,a,3.4845679
6,449,Lewis_Hall,Hall,Newcastle,DEF,51,Coventry City,False,a,3.4768429
6,202,Chris_Richards,Richards,Crystal Palace,DEF,50,Nott'm Forest,True,a,3.4613137
6,397,Antoine_Semenyo,Semenyo,Man City,MID,84,Liverpool,False,a,3.4450493
6,544,Granit_Xhaka,Xhaka,Sunderland,MID,55,Brighton,True,a,3.4089005
6,214,Daichi_Kamada,Kamada,Crystal Palace,MID,50,Nott'm Forest,True,a,3.4009728
6,572,Konstantinos_Tzolakis,Tzolakis,Hull City,GK,46,Everton,True,a,3.3805401
6,148,Jorrel_Hato,Hato,Chelsea,DEF,45,Bournemouth,True,a,3.3715906
6,115,Maxim_De Cuyper,De Cuyper,Brighton,DEF,48,Sunderland,False,a,3.3336663
6,569,Gonzalo_García,Gonzalo,Fulham,FWD,60,Ipswich Town,False,a,3.3044152
6,210,Adam_Wharton,Wharton,Crystal Palace,MID,55,Nott'm Forest,True,a,3.2751539
6,472,Murillo_Costa dos Santos,Murillo,Nott'm Forest,DEF,55,Crystal Palace,False,a,3.245737
6,467,Matz_Sels,Sels,Nott'm Forest,GK,50,Crystal Palace,False,a,3.2250164
6,588,Anan_Khalaili,Khalaili,Crystal Palace,DEF,50,Nott'm Forest,True,a,3.222461
6,10,Benjamin_White,White,Arsenal,DEF,55,Leeds,True,a,3.200206
6,597,Zion_Suzuki,Suzuki,Aston Villa,GK,50,Brentford,True,a,3.1989598
6,226,Jordan_Pickford,Pickford,Everton,GK,55,Hull City,False,a,3.1899517
6,236,Kiernan_Dewsbury-Hall,Dewsbury-Hall,Everton,MID,65,Hull City,False,a,3.186674
6,579,Ronald_Araujo,Araujo,Liverpool,DEF,54,Man City,True,a,3.174637
6,277,John_Egan,Egan,Hull City,DEF,41,Everton,True,a,3.145569
6,362,Jeremy_Jacquet,Jacquet,Liverpool,DEF,50,Man City,True,a,3.133813
6,124,Pascal_Groß,Groß,Brighton,MID,56,Sunderland,False,a,3.1245291
6,94,Kevin_Schade,Schade,Brentford,MID,60,Aston Villa,False,a,3.1196926
6,41,Emiliano_Buendía Stati,Buendía,Aston Villa,MID,59,Brentford,True,a,3.1163151
6,377,Victor_Munoz,Munoz,Liverpool,MID,65,Man City,True,a,3.0968375
6,503,Micky_van de Ven,Van de Ven,Spurs,DEF,50,Man Utd,False,a,3.093896
6,499,Pedro_Porro Sauceda,Pedro Porro,Spurs,DEF,55,Man Utd,False,a,3.0753899
6,166,Nicolas_Jackson,N.Jackson,Aston Villa,FWD,65,Brentford,True,a,3.0704513
6,483,Dan_Ndoye,Ndoye,Nott'm Forest,MID,55,Crystal Palace,False,a,3.0672865
6,57,Đorđe_Petrović,Petrović,Bournemouth,GK,45,Chelsea,False,a,3.0641956
6,264,Oscar_Bobb,Bobb,Fulham,MID,55,Ipswich Town,False,a,3.0552387
6,286,Mohamed_Belloumi,Belloumi,Hull City,MID,50,Everton,True,a,3.053935
6,45,John_McGinn,McGinn,Aston Villa,MID,54,Brentford,True,a,3.0480592
6,316,Emersonn_Correia da Silva,Emersonn,Ipswich Town,FWD,55,Fulham,True,a,3.0442414
6,358,Milos_Kerkez,Kerkez,Liverpool,DEF,54,Man City,True,a,3.0379663
6,454,Anthony_Elanga,Elanga,Newcastle,MID,61,Coventry City,False,a,3.037905
6,471,Nikola_Milenković,Milenković,Nott'm Forest,DEF,55,Crystal Palace,False,a,3.0245407
6,250,Bernd_Leno,Leno,Fulham,GK,45,Ipswich Town,False,a,3.0205536
6,469,Neco_Williams,N.Williams,Nott'm Forest,DEF,50,Crystal Palace,False,a,3.0148013
6,391,Joško_Gvardiol,Gvardiol,Man City,DEF,56,Liverpool,False,a,3.0013092
6,464,Yoane_Wissa,Wissa,Newcastle,FWD,62,Coventry City,False,a,2.99348
6,390,Rúben_dos Santos Gato Alves Dias,Rúben,Man City,DEF,55,Liverpool,False,a,2.9748065
6,564,Kjell_Scherpen,Scherpen,Ipswich Town,GK,45,Fulham,True,a,2.9630654
6,385,James_Trafford,Trafford,Leeds,GK,50,Arsenal,False,a,2.9471307
6,393,Abdukodir_Khusanov,Khusanov,Man City,DEF,55,Liverpool,False,a,2.9157965
6,229,James_Tarkowski,Tarkowski,Everton,DEF,60,Hull City,False,a,2.9131854
6,261,Alex_Iwobi,Iwobi,Fulham,MID,54,Ipswich Town,False,a,2.9109354
6,109,Bart_Verbruggen,Verbruggen,Brighton,GK,45,Sunderland,False,a,2.9014099
6,60,James_Hill,Hill,Bournemouth,DEF,55,Chelsea,False,a,2.9004588
6,259,Issa_Diop,Diop,Ipswich Town,DEF,40,Fulham,True,a,2.8951504
6,116,Lewis_Dunk,Dunk,Brighton,DEF,45,Sunderland,False,a,2.8901083
6,315,Abdul_Fatawu,Fatawu,Ipswich Town,MID,55,Fulham,True,a,2.8895676
6,627,Bradley_Barcola,Barcola,Liverpool,MID,80,Man City,True,a,2.8890486
6,447,Sven_Botman,Botman,Newcastle,DEF,50,Coventry City,False,a,2.8748577
6,258,Timothy_Castagne,Castagne,Fulham,DEF,45,Ipswich Town,False,a,2.8687835
6,61,Adrien_Truffert,Truffert,Bournemouth,DEF,55,Chelsea,False,a,2.8639588
6,279,Semi_Ajayi,Ajayi,Hull City,DEF,41,Everton,True,a,2.8392427
6,346,Dominic_Calvert-Lewin,Calvert-Lewin,Leeds,FWD,60,Arsenal,False,a,2.8386362
6,586,Nobel_Mendy,Mendy,Hull City,DEF,41,Everton,True,a,2.823219
6,545,Noah_Sadiki,Sadiki,Sunderland,MID,49,Brighton,True,a,2.8139384
6,290,Regan_Slater,Slater,Hull City,MID,45,Everton,True,a,2.7819412
6,481,Elliot_Anderson,Anderson,Man City,MID,63,Liverpool,False,a,2.7712545
6,282,Ryan_Giles,Giles,Hull City,DEF,40,Everton,True,a,2.7695122
6,230,Jarrad_Branthwaite,Branthwaite,Everton,DEF,55,Hull City,False,a,2.7360504
6,112,Jan Paul_van Hecke,Van Hecke,Spurs,DEF,49,Man Utd,False,a,2.7355766
6,295,Oli_McBurnie,McBurnie,Hull City,FWD,55,Everton,True,a,2.7261913
6,366,Florian_Wirtz,Wirtz,Liverpool,MID,74,Man City,True,a,2.7207975
6,533,Nordi_Mukiele,Mukiele,Sunderland,DEF,55,Brighton,True,a,2.7035446
6,203,Jaydee_Canvot,Canvot,Crystal Palace,DEF,49,Nott'm Forest,True,a,2.699854
6,155,Enzo_Fernández,Enzo,Man City,MID,69,Liverpool,False,a,2.699049
6,335,Anton_Stach,Stach,Leeds,MID,60,Arsenal,False,a,2.6933055
6,593,Amar_Dedic,Dedić,Newcastle,DEF,45,Coventry City,False,d,2.6735935
6,46,Ross_Barkley,Barkley,Aston Villa,MID,50,Brentford,True,a,2.664705
6,372,Alexis_Mac Allister,Mac Allister,Liverpool,MID,54,Man City,True,a,2.6582742
6,542,Enzo_Le Fée,E.Le Fée,Sunderland,MID,59,Brighton,True,a,2.6385765
6,504,Luka_Vušković,Vuskovic,Brighton,DEF,50,Sunderland,False,a,2.614871
6,455,Sandro_Tonali,Tonali,Spurs,MID,54,Man Utd,False,a,2.5898921
6,496,Antonín_Kinský,Kinsky,Spurs,GK,45,Man Utd,False,a,2.5842643
6,87,Kristoffer_Ajer,Ajer,Brentford,DEF,45,Aston Villa,False,a,2.5731256
6,460,Joe_Willock,Willock,Newcastle,MID,50,Coventry City,False,a,2.5716429
6,305,Leif_Davis,Davis,Ipswich Town,DEF,40,Fulham,True,a,2.5676925
6,7,Myles_Lewis-Skelly,Lewis-Skelly,Arsenal,MID,55,Leeds,True,a,2.5673988
6,144,Malo_Gusto,Gusto,Chelsea,DEF,50,Bournemouth,True,a,2.5643919
6,67,Rayan Vitor_Simplício Rocha,Rayan,Bournemouth,MID,64,Chelsea,False,a,2.5606532
6,486,James_McAtee,McAtee,Nott'm Forest,MID,55,Crystal Palace,False,a,2.5517387
6,644,Quinten_Timber,Timber,Crystal Palace,MID,50,Nott'm Forest,True,a,2.5398324
6,267,Saša_Lukić,Lukić,Ipswich Town,MID,50,Fulham,True,a,2.5395968
6,242,Tyrique_George,George,Everton,MID,55,Hull City,False,a,2.532534
6,474,Jair_Paula da Cunha Filho,Jair Cunha,Nott'm Forest,DEF,45,Crystal Palace,False,a,2.5253012
6,553,Wilson_Isidor,Isidor,Sunderland,FWD,55,Brighton,True,a,2.5156145
6,401,Omar_Marmoush,Marmoush,Spurs,FWD,70,Man Utd,False,a,2.5097997
6,88,Michael_Kayode,Kayode,Brentford,DEF,46,Aston Villa,False,a,2.498772
6,47,Boubacar_Kamara,Kamara,Aston Villa,MID,50,Brentford,True,a,2.4881103
6,184,Matt_Grimes,Grimes,Coventry City,MID,50,Newcastle,True,a,2.4672158
6,570,César_Palacios,Palacios,Fulham,MID,55,Ipswich Town,False,a,2.4319224
6,514,Mathys_Tel,Tel,Spurs,MID,58,Man Utd,False,a,2.420019
6,110,Carl_Rushworth,Rushworth,Coventry City,GK,45,Newcastle,True,a,2.4185853
6,233,Vitalii_Mykolenko,Mykolenko,Everton,DEF,45,Hull City,False,a,2.418461
6,222,Jørgen_Strand Larsen,Strand Larsen,Crystal Palace,FWD,60,Nott'm Forest,True,a,2.4126232
6,516,Rodrigo_Bentancur,Bentancur,Spurs,MID,55,Man Utd,False,a,2.411519
6,36,Ian_Maatsen,Maatsen,Aston Villa,DEF,45,Brentford,True,a,2.409778
6,605,Malick_Yalcouyé,Yalcouyé,Brighton,MID,45,Sunderland,False,a,2.4072828
6,338,Ethan_Ampadu,Ampadu,Leeds,MID,55,Arsenal,False,a,2.4001353
6,161,Roméo_Lavia,Lavia,Chelsea,MID,50,Bournemouth,True,a,2.3938746
6,32,Matty_Cash,Cash,Aston Villa,DEF,45,Brentford,True,d,2.3904488
6,70,Justin_Kluivert,Kluivert,Bournemouth,MID,60,Chelsea,False,a,2.3841379
6,439,Benjamin_Sesko,Šeško,Man Utd,FWD,70,Spurs,True,a,2.383398
6,334,Tarik_Muharemović,Muharemović,Leeds,DEF,50,Arsenal,False,a,2.362102
6,529,Robin_Roefs,Roefs,Sunderland,GK,50,Brighton,True,a,2.3542516
6,419,Lisandro_Martínez,Martinez,Man Utd,DEF,50,Spurs,True,a,2.342884
6,96,Mikkel_Damsgaard,Damsgaard,Brentford,MID,55,Aston Villa,False,a,2.34127
6,51,George_Hemmings,George Hemmings,Aston Villa,MID,45,Brentford,True,a,2.338889
6,138,Charalampos_Kostoulas,Kostoulas,Brighton,FWD,55,Sunderland,False,a,2.2976165
6,536,Reinildo_Mandava,Reinildo,Sunderland,DEF,45,Brighton,True,a,2.2899945
6,551,Nilson_Angulo,N.Angulo,Sunderland,MID,50,Brighton,True,a,2.2637699
6,330,Jayden_Bogle,Bogle,Leeds,DEF,45,Arsenal,False,a,2.2636466
6,541,Thomas_Meunier,Meunier,Sunderland,DEF,45,Brighton,True,a,2.2597044
6,459,Lewis_Miley,L.Miley,Newcastle,MID,55,Coventry City,False,a,2.2407653
6,145,Wesley_Fofana,Fofana,Chelsea,DEF,50,Bournemouth,True,a,2.2381165
6,173,Bobby_Thomas,Thomas,Coventry City,DEF,40,Newcastle,True,a,2.2291248
6,562,Daizen_Maeda,Maeda,Ipswich Town,MID,54,Fulham,True,a,2.2038746
6,566,António João_Pereira de Albuquerque Tavares da Silva,Silva,Bournemouth,DEF,50,Chelsea,False,a,2.20238
6,265,Sander_Berge,Berge,Fulham,MID,50,Ipswich Town,False,a,2.1925278
6,183,Jack_Rudoni,Rudoni,Coventry City,MID,50,Newcastle,True,a,2.1895654
6,244,Harrison_Armstrong,Armstrong,Everton,MID,50,Hull City,False,a,2.1374917
6,151,Josh_Acheampong,Acheampong,Chelsea,DEF,45,Bournemouth,True,a,2.1274223
6,239,James_Garner,Garner,Everton,MID,60,Hull City,False,d,2.108185
6,105,Jaidon_Anthony,Anthony,Brentford,MID,60,Aston Villa,False,a,2.0886593
6,114,Olivier_Boscagli,Boscagli,Brighton,DEF,45,Sunderland,False,a,2.0859122
6,565,Mamadou_Sangaré,M.Sangaré,Brentford,MID,57,Aston Villa,False,a,2.0849226
6,37,Victor_Lindelöf,Lindelöf,Aston Villa,DEF,45,Brentford,True,a,2.04256
6,167,Liam_Delap,Delap,Nott'm Forest,FWD,55,Crystal Palace,False,a,2.0231838
6,552,Brian_Brobbey,Brobbey,Sunderland,FWD,59,Brighton,True,a,2.0223238
6,190,Loum_Tchaouna,Tchaouna,Coventry City,MID,54,Newcastle,True,a,1.9824834
6,304,Dara_O'Shea,O'Shea,Ipswich Town,DEF,40,Fulham,True,a,1.95608
6,257,Calvin_Bassey,Bassey,Fulham,DEF,45,Ipswich Town,False,a,1.9324403
6,576,Elliot_Stroud,Stroud,Hull City,MID,50,Everton,True,a,1.9147455
6,643,Ben_Chilwell,Chilwell,Crystal Palace,DEF,45,Nott'm Forest,True,a,1.9077215
6,254,Antonee_Robinson,Robinson,Fulham,DEF,45,Ipswich Town,False,a,1.8872572
6,332,James_Justin,Justin,Leeds,DEF,45,Arsenal,False,a,1.8830788
6,619,Exequiel_Palacios,Palacios,Ipswich Town,MID,50,Fulham,True,a,1.8729948
6,280,Lewie_Coyle,Coyle,Hull City,DEF,40,Everton,True,a,1.8627859
6,95,Dango_Ouattara,O.Dango,Brentford,MID,64,Aston Villa,False,a,1.8249663
6,417,Diogo_Dalot Teixeira,Dalot,Man Utd,DEF,49,Spurs,True,a,1.8027613
6,246,Merlin_Röhl,Röhl,Everton,MID,50,Hull City,False,a,1.7841793
6,405,Nico_González Iglesias,N.Gonzalez,Newcastle,MID,55,Coventry City,False,a,1.7802953
6,473,Ola_Aina,Aina,Nott'm Forest,DEF,45,Crystal Palace,False,a,1.7435262
6,129,Yasin_Ayari,Ayari,Brighton,MID,54,Sunderland,False,a,1.7431542
6,558,Xaver_Schlager,Schlager,Nott'm Forest,MID,50,Crystal Palace,False,a,1.7427981
6,253,Joachim_Andersen,Andersen,Fulham,DEF,50,Ipswich Town,False,a,1.7359781
6,403,Sávio_Moreira de Oliveira,Sávio,Spurs,MID,65,Man Utd,False,a,1.711292
6,106,Igor Thiago_Nascimento Rodrigues,Thiago,Brentford,FWD,79,Aston Villa,False,a,1.6998665
6,398,Phil_Foden,Foden,Man City,MID,70,Liverpool,False,a,1.6859016
6,194,Brandon_Thomas-Asante,Thomas-Asante,Coventry City,FWD,50,Newcastle,True,a,1.6589687
6,153,Axel_Disasi,Disasi,Crystal Palace,DEF,45,Nott'm Forest,True,a,1.6546046
6,491,Igor Jesus_Maciel da Cruz,Igor Jesus,Nott'm Forest,FWD,59,Crystal Palace,False,a,1.644881
6,238,Jack_Grealish,Grealish,Everton,MID,65,Hull City,False,a,1.6448082
6,33,Tyrone_Mings,Mings,Aston Villa,DEF,45,Brentford,True,a,1.6252043
6,575,Caleb_Yirenkyi,Yirenkyi,Coventry City,MID,49,Newcastle,True,a,1.6075239
6,73,Tyler_Adams,Adams,Bournemouth,MID,50,Chelsea,False,a,1.5970949
6,492,Taiwo_Awoniyi,Awoniyi,Coventry City,FWD,55,Newcastle,True,a,1.597034
6,337,Brenden_Aaronson,Aaronson,Leeds,MID,54,Arsenal,False,a,1.5883992
6,71,Lewis_Cook,Cook,Bournemouth,MID,50,Chelsea,False,a,1.587678
6,186,Ephron_Mason-Clark,Mason-Clark,Coventry City,MID,54,Newcastle,True,a,1.5708383
6,309,Marcelino_Núñez,Núñez,Ipswich Town,MID,50,Fulham,True,a,1.5685307
6,336,Noah_Okafor,Okafor,Leeds,MID,59,Arsenal,False,a,1.5515392
6,456,Jacob_Ramsey,J.Ramsey,Newcastle,MID,49,Coventry City,False,a,1.545659
6,104,Frank_Onyeka,Onyeka,Coventry City,MID,49,Newcastle,True,a,1.5365621
6,113,Ferdi_Kadıoğlu,F.Kadıoğlu,Brighton,DEF,44,Sunderland,False,a,1.5335919
6,306,Jacob_Greaves,Greaves,Ipswich Town,DEF,40,Fulham,True,a,1.5251477
6,635,Hugo_Larsson,Larsson,Fulham,MID,50,Ipswich Town,False,a,1.5237575
6,64,Adam_Smith,Smith,Bournemouth,DEF,45,Chelsea,False,a,1.515417
6,583,Pep_Chavarría,Chavarria,Chelsea,DEF,49,Bournemouth,True,a,1.5090526
6,412,Senne_Lammens,Lammens,Man Utd,GK,50,Spurs,True,a,1.5078416
6,371,Ryan_Gravenberch,Gravenberch,Liverpool,MID,59,Man City,True,a,1.4904708
6,634,Matias_Fernandez-Pardo,Fernandez-Pardo,Newcastle,FWD,60,Coventry City,False,a,1.4734595
6,176,Jay_Dasilva,Dasilva,Coventry City,DEF,40,Newcastle,True,a,1.4733099
6,522,Archie_Gray,Gray,Spurs,MID,50,Man Utd,False,a,1.4709475
6,320,Chuba_Akpom,Akpom,Ipswich Town,FWD,50,Fulham,True,a,1.4701958
6,269,Ryan_Sessegnon,Sessegnon,Fulham,DEF,45,Ipswich Town,False,a,1.452152
6,34,Pau_Torres,Pau,Aston Villa,DEF,45,Brentford,True,a,1.4435191
6,557,Christos_Tzolis,Tzolis,Arsenal,MID,64,Leeds,True,a,1.442981
6,209,Brennan_Johnson,Johnson,Everton,MID,59,Hull City,False,a,1.432032
6,247,Hayden_Hackney,Hackney,Everton,MID,55,Hull City,False,a,1.3975284
6,175,Milan_van Ewijk,van Ewijk,Coventry City,DEF,40,Newcastle,True,a,1.3881351
6,580,Shea_Charles,Charles,Fulham,MID,50,Ipswich Town,False,a,1.3871537
6,519,Conor_Gallagher,Gallagher,Spurs,MID,54,Man Utd,False,a,1.3870947
6,345,Tanaka_Ao,Tanaka,Leeds,MID,49,Arsenal,False,a,1.3762454
6,149,Levi_Samuels Colwill,Colwill,Chelsea,DEF,49,Bournemouth,True,a,1.3709974
6,327,Jaka_Bijol,Bijol,Leeds,DEF,50,Arsenal,False,a,1.3385756
6,241,Dwight_McNeil,McNeil,Crystal Palace,MID,54,Nott'm Forest,True,a,1.3345107
6,237,Iliman_Ndiaye,Ndiaye,Man City,MID,59,Liverpool,False,a,1.322232
6,420,Leny_Yoro,Yoro,Man Utd,DEF,49,Spurs,True,a,1.3157339
6,182,Aurèle_Amenda,Amenda,Coventry City,DEF,40,Newcastle,True,a,1.3124974
6,201,Daniel_Muñoz Mejía,Muñoz,Nott'm Forest,DEF,54,Crystal Palace,False,a,1.3028286
6,195,Ellis_Simms,Simms,Coventry City,FWD,50,Newcastle,True,a,1.2971644
6,598,Nico_Elvedi,Elvedi,Leeds,DEF,45,Arsenal,False,a,1.2900523
6,526,Dominic_Solanke-Mitchell,Solanke,Spurs,FWD,59,Man Utd,False,a,1.2828157
6,532,Daniel_Ballard,Ballard,Sunderland,DEF,49,Brighton,True,a,1.2764094
6,498,Marcos_Senesi Barón,Senesi,Spurs,DEF,59,Man Utd,False,a,1.2751392
6,577,Takehiro_Tomiyasu,Tomiyasu,Crystal Palace,DEF,45,Nott'm Forest,True,a,1.2714938
6,14,Eberechi_Eze,Eze,Arsenal,MID,64,Leeds,True,a,1.2689819
6,525,Mateus_Fernandes,Fernandes,Spurs,MID,58,Man Utd,False,a,1.2682602
6,123,Jack_Hinshelwood,Hinshelwood,Brighton,MID,60,Sunderland,False,d,1.2672338
6,19,Martín_Zubimendi Ibáñez,Zubimendi,Arsenal,MID,54,Leeds,True,a,1.2666112
6,9,Piero_Hincapié,Hincapie,Arsenal,DEF,53,Leeds,True,a,1.2637204
6,422,Noussair_Mazraoui,Mazraoui,Man Utd,DEF,44,Spurs,True,a,1.2396594
6,389,Matheus_Nunes,Matheus N.,Man City,DEF,59,Liverpool,False,a,1.2165592
6,512,Mohammed_Kudus,Kudus,Spurs,MID,65,Man Utd,False,a,1.204509
6,640,Zian_Flemming,Flemming,Ipswich Town,FWD,55,Fulham,True,a,1.1969793
6,162,Andrey_Nascimento dos Santos,Andrey Santos,Man Utd,MID,49,Spurs,True,a,1.1735059
6,42,Evann_Guessand,Guessand,Crystal Palace,MID,55,Nott'm Forest,True,a,1.1643236
6,157,Estêvão_Almeida de Oliveira Gonçalves,Estêvão,Chelsea,MID,64,Bournemouth,True,a,1.1580657
6,415,Patrick_Dorgu,Dorgu,Man Utd,MID,58,Spurs,True,a,1.1529139
6,488,Ibrahim_Sangaré,I.Sangaré,Nott'm Forest,MID,49,Crystal Palace,False,a,1.147045
6,262,Emile_Smith Rowe,Smith Rowe,Fulham,MID,54,Ipswich Town,False,a,1.1470282
6,506,Destiny_Udogie,Udogie,Spurs,DEF,45,Man Utd,False,a,1.1401882
6,501,Kevin_Danso,Danso,Sunderland,DEF,50,Brighton,True,a,1.1381266
6,160,Alejandro_Garnacho Ferreyra,Garnacho,Aston Villa,MID,59,Brentford,True,a,1.1334547
6,93,Jannik_Schuster,Schuster,Brentford,DEF,45,Aston Villa,False,a,1.1252201
6,17,Mikel_Merino Zazón,Merino,Arsenal,MID,59,Leeds,True,a,1.1031216
6,589,Lucas_Gourna-Douath,Gourna-Douath,Hull City,MID,50,Everton,True,a,1.0937426
6,16,Noni_Madueke,Madueke,Arsenal,MID,63,Leeds,True,a,1.0866299
6,347,Lukas_Nmecha,Nmecha,Leeds,FWD,54,Arsenal,False,a,1.0830361
6,646,Malick_Fofana,Fofana,Sunderland,MID,55,Brighton,True,a,1.0827513
6,421,Ayden_Heaven,Heaven,Man Utd,DEF,44,Spurs,True,a,1.0761822
6,457,Jacob_Murphy,J.Murphy,Newcastle,MID,59,Coventry City,False,a,1.0677736
6,125,Georginio_Rutter,Georginio,Brighton,FWD,55,Sunderland,False,d,1.0676181
6,638,Brooke_Norton-Cuffy,Norton-Cuffy,Hull City,DEF,40,Everton,True,a,1.0514181
6,642,Sorba_Thomas,Thomas,Hull City,MID,55,Everton,True,a,1.0510969
6,462,Sean_Steur,Steur,Newcastle,MID,49,Coventry City,False,a,1.0490878
6,649,Ainsley_Maitland-Niles,Maitland-Niles,Everton,DEF,45,Hull City,False,a,1.0360287
6,102,Yehor_Yarmoliuk,Yarmoliuk,Brentford,MID,49,Aston Villa,False,a,1.031297
6,313,Jack_Clarke,Clarke,Ipswich Town,MID,55,Fulham,True,a,1.0236048
6,25,Viktor_Gyökeres,Gyökeres,Arsenal,FWD,72,Leeds,True,a,1.022828
6,584,Gustavo_Hamer,Hamer,Coventry City,MID,54,Newcastle,True,a,1.0197204
6,369,Rio_Ngumoha,Ngumoha,Liverpool,MID,58,Man City,True,a,1.0188204
6,490,Chris_Wood,Wood,Nott'm Forest,FWD,59,Crystal Palace,False,a,1.0148844
6,91,Ethan_Pinnock,Pinnock,Coventry City,DEF,45,Newcastle,True,a,1.0116835
6,255,Jorge_Cuenca Barreno,J.Cuenca,Fulham,DEF,45,Ipswich Town,False,a,0.9972035
6,188,Victor_Torp,Torp,Coventry City,MID,54,Newcastle,True,a,0.9908806
6,611,Aaron_Wan-Bissaka,Wan-Bissaka,Aston Villa,DEF,45,Brentford,True,a,0.9839761
6,90,Aaron_Hickey,Hickey,Brentford,DEF,45,Aston Villa,False,a,0.9813817
6,647,Darío_Osorio,Osorio,Crystal Palace,MID,55,Nott'm Forest,True,a,0.9626002
6,263,Kevin_Santos Lopes de Macedo,Kevin,Fulham,MID,54,Ipswich Town,False,a,0.9589739
6,616,Ayyoub_Bouaddi,Bouaddi,Man City,MID,55,Liverpool,False,a,0.95586926
6,119,João Pedro_Loureiro da Costa,Costinha,Brighton,DEF,45,Sunderland,False,a,0.94599164
6,331,Gabriel_Gudmundsson,Gudmundsson,Leeds,DEF,45,Arsenal,False,a,0.94386494
6,323,Kasey_McAteer,McAteer,Ipswich Town,MID,45,Fulham,True,a,0.9345796
6,260,Harry_Wilson,Wilson,Leeds,MID,63,Arsenal,False,a,0.9326844
6,108,Callum_Wilson,Wilson,Brentford,FWD,55,Aston Villa,False,a,0.9186111
6,406,Mateo_Kovačić,Kovačić,Man City,MID,54,Liverpool,False,a,0.91041285
6,271,Rodrigo_Muniz Carvalho,Muniz,Fulham,FWD,54,Ipswich Town,False,a,0.9030427
6,617,Mohamed-Ali_Cho,Cho,Hull City,MID,50,Everton,True,a,0.8731993
6,452,Bruno_Guimarães Rodriguez Moura,Bruno G.,Arsenal,MID,68,Leeds,True,a,0.86653465
6,592,Abdoul_Ouattara,Ouattara,Ipswich Town,DEF,40,Fulham,True,a,0.85031855
6,502,Andrew_Robertson,Robertson,Spurs,DEF,45,Man Utd,False,a,0.84545904
6,74,David_Brooks,Brooks,Bournemouth,MID,50,Chelsea,False,a,0.83943015
6,328,Pascal_Struijk,Struijk,Brighton,DEF,50,Sunderland,False,a,0.8349148
6,600,Ibrahim_Osman,Osman,Brighton,MID,50,Sunderland,False,a,0.8177673
6,621,Ryan_McAidoo,McAidoo,Man City,MID,45,Liverpool,False,a,0.8136262
6,520,Lucas_Bergvall,Bergvall,Spurs,MID,54,Man Utd,False,a,0.8114103
6,52,Alysson Edward Franco_da Rocha dos Santos,Alysson,Aston Villa,MID,50,Brentford,True,a,0.8093092
6,535,Omar_Alderete,Alderete,Sunderland,DEF,49,Brighton,True,a,0.8038479
6,289,Matt_Crooks,Crooks,Hull City,MID,45,Everton,True,a,0.79595363
6,381,Lewis_Koumas,Koumas,Liverpool,MID,50,Man City,True,a,0.7917238
6,207,Oscar_Mingueza,Mingueza,Crystal Palace,DEF,44,Nott'm Forest,True,a,0.7837322
6,136,Danny_Welbeck,Welbeck,Chelsea,FWD,59,Bournemouth,True,a,0.7804885
6,395,Rico_Lewis,Lewis,Man City,DEF,45,Liverpool,False,a,0.77786016
6,357,Jeremie_Frimpong,Frimpong,Liverpool,DEF,54,Man City,True,a,0.7720879
6,549,Chemsdine_Talbi,Talbi,Sunderland,MID,54,Brighton,True,a,0.7662119
6,343,Daniel_James,James,Leeds,MID,50,Arsenal,False,a,0.75999
6,594,Promise_David,David,Brighton,FWD,60,Sunderland,False,a,0.7556119
6,212,Will_Hughes,Hughes,Crystal Palace,MID,45,Nott'm Forest,True,a,0.75399506
6,375,Trey_Nyoni,Nyoni,Liverpool,MID,49,Man City,True,a,0.72797775
6,515,James_Maddison,Maddison,Spurs,MID,63,Man Utd,False,a,0.7236332
6,585,Lucas_Herrington,Herrington,Hull City,DEF,40,Everton,True,a,0.71938485
6,450,Tino_Livramento,Livramento,Newcastle,DEF,49,Coventry City,False,a,0.71513057
6,56,Tammy_Abraham,Abraham,Aston Villa,FWD,55,Brentford,True,a,0.70132464
6,75,Ryan_Christie,Christie,Bournemouth,MID,50,Chelsea,False,a,0.69233894
6,548,Chris_Rigg,Rigg,Sunderland,MID,49,Brighton,True,a,0.68451524
6,185,Tatsuhiro_Sakamoto,Sakamoto,Coventry City,MID,49,Newcastle,True,a,0.6456162
6,482,Callum_Hudson-Odoi,Hudson-Odoi,Nott'm Forest,MID,59,Crystal Palace,False,a,0.63468856
6,29,Marco_Bizot,M.Bizot,Aston Villa,GK,45,Brentford,True,a,0.6313705
6,578,Mykhailo_Mudryk,Mudryk,Spurs,MID,54,Man Utd,False,a,0.62776136
6,446,Fabian_Schär,Schär,Newcastle,DEF,50,Coventry City,False,a,0.62773526
6,364,Kostas_Tsimikas,Tsimikas,Liverpool,DEF,49,Man City,True,a,0.6066575
6,596,Matteo_Ruggeri,Ruggeri,Aston Villa,DEF,45,Brentford,True,a,0.6020607
6,581,Ousmane_Diomande,Diomande,Nott'm Forest,DEF,54,Crystal Palace,False,a,0.60045093
6,11,Cristhian_Mosquera,Mosquera,Arsenal,DEF,54,Leeds,True,d,0.5790837
6,35,Lamare_Bogarde,Bogarde,Aston Villa,MID,50,Brentford,True,a,0.57497483
6,418,Harry_Maguire,Maguire,Man Utd,DEF,49,Spurs,True,a,0.5737217
6,478,Luca_Netz,Netz,Nott'm Forest,DEF,45,Crystal Palace,False,a,0.57155836
6,595,Zavier_Gozo,Gozo,Crystal Palace,MID,50,Nott'm Forest,True,a,0.5563266
6,461,Bazoumana_Touré,Touré,Newcastle,MID,58,Coventry City,False,a,0.5523364
6,608,Daniel_Jebbison,Jebbison,Bournemouth,FWD,50,Chelsea,False,a,0.5449995
6,72,Ben_Gannon-Doak,Gannon-Doak,Bournemouth,MID,49,Chelsea,False,a,0.5319001
6,423,Luke_Shaw,Shaw,Man Utd,DEF,44,Spurs,True,d,0.5279052
6,568,Valentín_Barco,Barco,Chelsea,MID,55,Bournemouth,True,a,0.5164999
6,539,Luke_O'Nien,O'Nien,Sunderland,DEF,40,Brighton,True,a,0.50022835
6,321,Sindre_Walle Egeli,Walle Egeli,Ipswich Town,FWD,45,Fulham,True,a,0.48352066
6,534,Trai_Hume,Hume,Sunderland,DEF,44,Brighton,True,a,0.48339486
6,243,Carlos_Alcaraz Durán,Alcaraz,Everton,MID,50,Hull City,False,a,0.44686753
6,89,Rico_Henry,Henry,Brentford,DEF,45,Aston Villa,False,a,0.42561185
6,164,Geovany_Quenda,Quenda,Chelsea,MID,54,Bournemouth,True,a,0.42140892
6,559,Aladji_Bamba,Bamba,Newcastle,MID,49,Coventry City,False,a,0.4057503
6,232,Jake_O'Brien,O'Brien,Everton,DEF,49,Hull City,False,a,0.38507336
6,76,Alex_Tóth,Tóth.A,Bournemouth,MID,50,Chelsea,False,a,0.37828702
6,487,Nicolás_Domínguez,Dominguez,Nott'm Forest,MID,49,Crystal Palace,False,a,0.3722186
6,81,Álvaro_Rodríguez,Rodríguez,Bournemouth,FWD,60,Chelsea,False,a,0.36851555
6,631,Ibrahim_Mbaye,Mbaye,Aston Villa,MID,60,Brentford,True,a,0.36084256
6,5,Jurriën_Timber,J.Timber,Arsenal,DEF,65,Leeds,True,d,0.33980945
6,339,Sean_Longstaff,Longstaff,Leeds,MID,49,Arsenal,False,a,0.33397123
6,240,Tim_Iroegbunam,Iroegbunam,Hull City,MID,50,Everton,True,a,0.32882753
6,442,Nick_Pope,Pope,Newcastle,GK,49,Coventry City,False,a,0.32213938
6,620,El Hadji Malick_Diouf,Diouf,Brentford,DEF,45,Aston Villa,False,a,0.31559882
6,231,Michael_Keane,Keane,Everton,DEF,49,Hull City,False,a,0.30692124
6,435,Shea_Lacey,Lacey,Man Utd,MID,49,Spurs,True,a,0.30686373
6,111,Jason_Steele,Steele,Brighton,GK,40,Sunderland,False,a,0.30573088
6,497,Martin_Dubravka,Dubravka,Spurs,GK,40,Man Utd,False,a,0.295727
6,58,Fraser_Forster,Forster,Bournemouth,GK,40,Chelsea,False,a,0.2857671
6,392,Rayan_Aït-Nouri,Aït-Nouri,Man City,DEF,53,Liverpool,False,a,0.27757406
6,623,Dan_Bentley,Bentley,Coventry City,GK,40,Newcastle,True,a,0.26832458
6,308,Darnell_Furlong,Furlong,Ipswich Town,DEF,40,Fulham,True,a,0.2653884
6,53,Johan_Manzambi,Manzambi,Aston Villa,MID,59,Brentford,True,d,0.2608365
6,62,Bafodé_Diakité,Diakité,Bournemouth,DEF,50,Chelsea,False,a,0.25346172
6,387,Nico_O'Reilly,O'Reilly,Man City,DEF,64,Liverpool,False,a,0.25145453
6,655,Yann_Gboho,Gboho,Coventry City,MID,55,Newcastle,True,a,0.25035357
6,574,Jens_Hjertø-Dahl,Hjertø-Dahl,Hull City,MID,49,Everton,True,a,0.21307603
6,493,Arnaud_Kalimuendo,Kalimuendo,Nott'm Forest,FWD,54,Crystal Palace,False,a,0.20633495
6,158,Jamie_Bynoe-Gittens,Gittens,Chelsea,MID,59,Bournemouth,True,a,0.20065142
6,301,Alex_Palmer,Palmer,Ipswich Town,GK,40,Fulham,True,a,0.20043468
6,628,Allan_Andrade Elias,Allan,Man City,MID,60,Liverpool,False,a,0.1981765
6,396,Vitor_de Oliveira Nunes dos Reis,Vitor Reis,Man City,DEF,45,Liverpool,False,a,0.19772153
6,622,Kaden_Braithwaite,Braithwaite,Man City,DEF,40,Liverpool,False,a,0.19528769
6,120,Michael_Svoboda,Svoboda,Brighton,DEF,50,Sunderland,False,a,0.19118218
6,256,Kenny_Tete,Tete,Fulham,DEF,44,Ipswich Town,False,a,0.18408158
6,430,Mason_Mount,Mount,Man Utd,MID,54,Spurs,True,a,0.17865373
6,213,Jefferson_Lerma Solís,Lerma,Crystal Palace,MID,49,Nott'm Forest,True,a,0.17103967
6,318,Jaden_Philogene,Philogene,Ipswich Town,MID,54,Fulham,True,a,0.16677256
6,571,Florentino Ibrain_Morris Luís,Florentino,Ipswich Town,MID,49,Fulham,True,a,0.16035688
6,285,Paddy_McNair,McNair,Hull City,DEF,40,Everton,True,a,0.15789418
6,126,Matt_O'Riley,O'Riley,Brighton,MID,55,Sunderland,False,a,0.15419613
6,639,José María_Andrés Baixauli,Andrés,Brighton,MID,55,Sunderland,False,a,0.15259637
6,245,Tyler_Dibling,Dibling,Everton,MID,54,Hull City,False,a,0.15202925
6,325,Karl_Darlow,Darlow,Man Utd,GK,45,Spurs,True,a,0.15006016
6,652,Femi_Azeez,Azeez,Brighton,MID,55,Sunderland,False,d,0.14781144
6,626,Macaulay_Zepa,Zepa,Fulham,MID,45,Ipswich Town,False,a,0.147655
6,556,Matt_Targett,Targett,Hull City,DEF,40,Everton,True,a,0.14487743
6,489,Ryan_Yates,Yates,Nott'm Forest,MID,45,Crystal Palace,False,a,0.13799267
6,302,David_Button,Button,Ipswich Town,GK,40,Fulham,True,a,0.13430409
6,633,Honest_Ahanor,Ahanor,Crystal Palace,DEF,45,Nott'm Forest,True,a,0.13158089
6,147,Tosin_Adarabioyo,Tosin,Spurs,DEF,44,Man Utd,False,a,0.13100936
6,344,Ilia_Gruev,Gruev,Leeds,MID,50,Arsenal,False,d,0.129781
6,272,Jonah_Kusi-Asare,Kusi-Asare,Fulham,FWD,45,Ipswich Town,False,a,0.12962833
6,38,Andrés_García,A.García,Aston Villa,DEF,40,Brentford,True,a,0.124358885
6,20,Max_Dowman,Dowman,Arsenal,MID,53,Leeds,True,a,0.12372927
6,561,Aaron_Anselmino,Anselmino,Chelsea,DEF,45,Bournemouth,True,a,0.12119195
6,100,Fábio_Freitas Gouveia Carvalho,Carvalho,Brentford,MID,50,Aston Villa,False,a,0.11830532
6,172,Ben_Wilson,Wilson,Coventry City,GK,45,Newcastle,True,a,0.11774922
6,650,David_Affengruber,Affengruber,Fulham,DEF,45,Ipswich Town,False,a,0.1164827
6,587,Gerónimo_Rulli,Rulli,Man City,GK,50,Liverpool,False,a,0.115168646
6,651,Juan_Angulo,J.Angulo,Sunderland,FWD,45,Brighton,True,a,0.1139805
6,630,Taylor_Harwood-Bellis,Harwood-Bellis,Aston Villa,DEF,45,Brentford,True,a,0.113019586
6,117,Diego_Coppola,Coppola,Brighton,DEF,45,Sunderland,False,a,0.112946086
6,227,Mark_Travers,Travers,Everton,GK,50,Hull City,False,a,0.11216398
6,440,Joshua_Zirkzee,Zirkzee,Man Utd,FWD,54,Spurs,True,a,0.111497544
6,218,Cheick_Doucouré,Doucouré,Crystal Palace,MID,49,Nott'm Forest,True,a,0.11028871
6,636,Manuel Ángel_Morán Ibáñez,Ángel,Fulham,MID,50,Ipswich Town,False,a,0.10978057
6,50,Bradley_Burrowes,Burrowes,Aston Villa,MID,45,Brentford,True,a,0.10887668
6,573,Juanlu_Sánchez,Sanchez,Bournemouth,DEF,45,Chelsea,False,a,0.107676074
6,92,Kim_Ji-soo,Ji-soo,Brentford,DEF,45,Aston Villa,False,a,0.10554197
6,324,Anis_Mehmeti,Mehmeti,Ipswich Town,MID,49,Fulham,True,a,0.10386229
6,629,Michael_Zetterer,Zetterer,Leeds,GK,40,Arsenal,False,a,0.103633106
6,300,Christian_Walton,Walton,Ipswich Town,GK,45,Fulham,True,a,0.10342508
6,310,Azor_Matusiwa,Matusiwa,Ipswich Town,MID,49,Fulham,True,a,0.1033976
6,613,Jules_Ahoka,Ahoka,Sunderland,MID,45,Brighton,True,a,0.102665186
6,614,Jaouen_Hadjam,Hadjam,Brighton,DEF,45,Sunderland,False,a,0.10265998
6,351,Giorgi_Mamardashvili,Mamardashvili,Liverpool,GK,49,Man City,True,a,0.100345604
6,654,Braiden_Graham,Graham,Everton,MID,45,Hull City,False,a,0.09977012
6,374,Endo_Wataru,Endo,Liverpool,MID,50,Man City,True,a,0.09858987
6,648,Jean-Mattéo_Bahoya,Bahoya,Leeds,MID,50,Arsenal,False,a,0.098487936
6,612,Dayann_Méthalie,Methalie,Sunderland,DEF,45,Brighton,True,a,0.0984266
6,550,Djiamgone Jocelin Ta_Bi,Jocelin.T,Sunderland,MID,50,Brighton,True,a,0.097718276
6,560,Mike_Penders,Penders,Chelsea,GK,45,Bournemouth,True,a,0.09733106
6,251,Benjamin_Lecomte,Lecomte,Fulham,GK,40,Ipswich Town,False,a,0.09633716
6,434,Jack_Fletcher,J.Fletcher,Man Utd,MID,49,Spurs,True,a,0.09505489
6,443,Mark_Gillespie,Gillespie,Newcastle,GK,45,Coventry City,False,a,0.092964314
6,444,Ewen_Jaouen,Jaouen,Newcastle,GK,45,Coventry City,False,d,0.0927641
6,189,George_Shepherd,Shepherd,Coventry City,MID,45,Newcastle,True,a,0.09261188
6,599,Sidiki_Cherif,Cherif,Coventry City,FWD,50,Newcastle,True,a,0.09162011
6,645,Christos_Mouzakitis,Mouzakitis,Hull City,MID,50,Everton,True,a,0.09155942
6,340,Joe_Gelhardt,Gelhardt,Hull City,MID,50,Everton,True,a,0.09105356
6,601,Luca_Williams-Barnett,Williams-Barnett,Spurs,MID,45,Man Utd,False,a,0.09010879
6,178,Jake_Bidwell,Bidwell,Coventry City,DEF,40,Newcastle,True,a,0.089392945
6,656,Stephen_Mfuni,Mfuni,Coventry City,DEF,40,Newcastle,True,a,0.08765067
6,83,Hákon Rafn_Valdimarsson,Valdimarsson,Brentford,GK,45,Aston Villa,False,a,0.08678118
6,179,Joel_Latibeaudiere,Latibeaudiere,Coventry City,DEF,40,Newcastle,True,a,0.086776495
6,3,Illan_Meslier,Meslier,Arsenal,GK,49,Leeds,True,a,0.08667599
6,495,Brandon_Austin,Austin,Spurs,GK,40,Man Utd,False,a,0.08548889
6,524,Callum_Olusesi,Olusesi,Spurs,MID,45,Man Utd,False,a,0.08523793
6,441,Chido_Obi,Obi,Man Utd,FWD,45,Spurs,True,a,0.085219935
6,107,Kaye_Furo,Furo,Brentford,FWD,45,Aston Villa,False,a,0.084976465
6,303,Cédric_Kipré,Kipré,Ipswich Town,DEF,40,Fulham,True,a,0.084126644
6,270,Harrison_Reed,Reed,Fulham,MID,45,Ipswich Town,False,a,0.08358365
6,292,Abdülkadir_Ömür,Ömür,Hull City,MID,49,Everton,True,a,0.08346461
6,590,Steven_Benda,Benda,Nott'm Forest,GK,45,Crystal Palace,False,a,0.0833971
6,555,Remi_Matthews,Matthews,Crystal Palace,GK,40,Nott'm Forest,True,a,0.082942896
6,641,Melvin_Bard,Bard,Leeds,DEF,45,Arsenal,False,a,0.08283794
6,615,Michele_Di Gregorio,Di Gregorio,Bournemouth,GK,45,Chelsea,False,a,0.08246836
6,468,John Victor_Maciel Furtado,John,Nott'm Forest,GK,45,Crystal Palace,False,a,0.07911181
6,424,Harry_Amass,Amass,Man Utd,DEF,40,Spurs,True,a,0.0786839
6,66,Julio_Soler Barreto,Soler,Bournemouth,DEF,40,Chelsea,False,a,0.07716139
6,606,Triston_Rowe,Rowe,Aston Villa,DEF,40,Brentford,True,a,0.076418415
6,508,Ben_Davies,Davies,Spurs,DEF,40,Man Utd,False,a,0.07554247
6,2,Kepa_Arrizabalaga Revuelta,Arrizabalaga,Arsenal,GK,49,Leeds,True,a,0.075536825
6,221,Joél_Drakes-Thomas,Drakes-Thomas,Crystal Palace,MID,45,Nott'm Forest,True,a,0.074877754
6,604,Alfie_Cresswell,Cresswell,Leeds,MID,45,Arsenal,False,a,0.072482504
6,438,Tyler_Fletcher,Fletcher,Man Utd,MID,45,Spurs,True,a,0.071923256
6,510,James_Rowswell,Rowswell,Spurs,DEF,40,Man Utd,False,a,0.07179428
6,437,Bendito_Mantato,Bendito Mantato,Man Utd,MID,45,Spurs,True,a,0.07130532
6,509,Jun'ai_Byfield,Byfield,Spurs,DEF,40,Man Utd,False,a,0.07109833
6,476,Omar_Richards,O.Richards,Nott'm Forest,DEF,40,Crystal Palace,False,a,0.06926905
6,134,Nehemiah_Oriola,Oriola,Brighton,MID,45,Sunderland,False,a,0.068322666
6,288,Kieran_Dowell,Dowell,Hull City,MID,45,Everton,True,a,0.06732995
6,653,Floyd_Samba,Samba,Man City,MID,45,Liverpool,False,a,0.06726032
6,386,Marcus_Bettinelli,Bettinelli,Man City,GK,45,Liverpool,False,a,0.06672752
6,228,Tom_King,King,Everton,GK,45,Hull City,False,a,0.06648568
6,199,Walter_Benítez,Benitez,Crystal Palace,GK,45,Nott'm Forest,True,a,0.06463095
6,378,James_McConnell,McConnell,Liverpool,MID,45,Man City,True,a,0.063642256
6,637,Robinio_Vaz,Vaz,Hull City,FWD,50,Everton,True,a,0.06332593
6,294,Óscar_Zambrano,Zambrano,Hull City,MID,45,Everton,True,a,0.061322697
6,273,Dillon_Phillips,Phillips,Hull City,GK,40,Everton,True,a,0.056157015
6,531,Melker_Ellborg,Ellborg,Sunderland,GK,45,Brighton,True,a,0.052734587
6,361,Wellity_Lucky,Lucky,Liverpool,DEF,40,Man City,True,a,0.05220316
6,284,Cathal_McCarthy,McCarthy,Hull City,DEF,40,Everton,True,a,0.051250763
6,603,Jayden_Lienou,Lienou,Leeds,DEF,40,Arsenal,False,a,0.050376542
6,169,Shumaira_Mheuka,Mheuka,Chelsea,FWD,45,Bournemouth,True,a,0.04931514
6,625,Alex_Cairns,Cairns,Leeds,GK,40,Arsenal,False,a,0.04831499
6,352,Freddie_Woodman,Woodman,Liverpool,GK,40,Man City,True,a,0.046746984
6,382,Jayden_Danns,Danns,Liverpool,FWD,45,Man City,True,a,0.043282297
6,355,Harvey_Davies,Davies,Liverpool,GK,40,Man City,True,a,0.039182194
6,6,William_Saliba,Saliba,Arsenal,DEF,59,Leeds,True,i,0.0
6,18,Gabriel_Martinelli Silva,Martinelli,Arsenal,MID,63,Leeds,True,u,0.0
6,21,Christian_Nørgaard,Nørgaard,Everton,MID,49,Hull City,False,i,0.0
6,22,Ethan_Nwaneri,Nwaneri,Arsenal,MID,54,Leeds,True,u,0.0
6,23,Fábio_Ferreira Vieira,Fábio Vieira,Arsenal,MID,55,Leeds,True,u,0.0
6,24,Reiss_Nelson,Nelson,Arsenal,MID,55,Leeds,True,u,0.0
6,27,Gabriel_Fernando de Jesus,G.Jesus,Arsenal,FWD,59,Leeds,True,u,0.0
6,30,Lucas_Digne,Digne,Aston Villa,DEF,45,Brentford,True,u,0.0
6,39,Kosta_Nedeljkovic,Nedeljkovic,Aston Villa,DEF,40,Brentford,True,u,0.0
6,44,Leon_Bailey,Bailey,Aston Villa,MID,54,Brentford,True,u,0.0
6,48,Amadou_Onana,Onana,Aston Villa,MID,50,Brentford,True,i,0.0
6,49,Samuel_Iling-Junior,Iling Jr,Aston Villa,MID,50,Brentford,True,u,0.0
6,54,Joao_Gomes,Gomes,Aston Villa,MID,55,Brentford,True,s,0.0
6,55,Ollie_Watkins,Watkins,Aston Villa,FWD,78,Brentford,True,u,0.0
6,59,Will_Dennis,Dennis,Bournemouth,GK,40,Chelsea,False,u,0.0
6,63,Veljko_Milosavljevic,Milosavljević,Bournemouth,DEF,50,Chelsea,False,i,0.0
6,65,Julián_Araujo Zúñiga,J.Araujo,Bournemouth,DEF,44,Chelsea,False,i,0.0
6,77,Amine_Adli,Adli,Bournemouth,MID,49,Chelsea,False,i,0.0
6,78,Junior_Kroupi,Kroupi.Jr,Bournemouth,MID,74,Chelsea,False,i,0.0
6,80,Enes_Ünal,Enes Ünal,Bournemouth,FWD,55,Chelsea,False,u,0.0
6,84,Nathan_Collins,Collins,Brentford,DEF,55,Aston Villa,False,i,0.0
6,85,Sepp_van den Berg,Van den Berg,Brentford,DEF,49,Aston Villa,False,i,0.0
6,97,Mathias_Jensen,Jensen,Brentford,MID,55,Aston Villa,False,i,0.0
6,99,Antoni_Milambo,Milambo,Brentford,MID,50,Aston Villa,False,i,0.0
6,101,Jordan_Henderson,Henderson,Chelsea,MID,49,Bournemouth,True,i,0.0
6,103,Josh_Dasilva,Dasilva,Brentford,MID,50,Aston Villa,False,i,0.0
6,118,Igor Julio_dos Santos de Paulo,Igor,Brighton,DEF,45,Sunderland,False,u,0.0
6,121,Mitoma_Kaoru,Mitoma,Brighton,MID,59,Sunderland,False,i,0.0
6,122,Yankuba_Minteh,Minteh,Brighton,MID,59,Sunderland,False,i,0.0
6,128,Facundo_Buonanotte,Buonanotte,Brighton,MID,50,Sunderland,False,u,0.0
6,130,Mats_Wieffer,Wieffer,Brighton,DEF,50,Sunderland,False,i,0.0
6,131,Carlos_Baleba,Baleba,Man Utd,MID,50,Spurs,True,i,0.0
6,132,Harry_Howell,Howell,Brighton,MID,45,Sunderland,False,u,0.0
6,133,Tom_Watson,Watson,Brighton,MID,50,Sunderland,False,u,0.0
6,135,Zadok_Yohanna,Yohanna,Brighton,MID,49,Sunderland,False,i,0.0
6,137,Stefanos_Tzimas,Tzimas,Brighton,FWD,55,Sunderland,False,i,0.0
6,139,Evan_Ferguson,Ferguson,Brighton,FWD,50,Sunderland,False,i,0.0
6,140,Robert_Lynch Sánchez,Sánchez,Chelsea,GK,49,Bournemouth,True,u,0.0
6,141,Filip_Jörgensen,Jörgensen,Chelsea,GK,50,Bournemouth,True,u,0.0
6,143,Trevoh_Chalobah,Chalobah,Chelsea,DEF,55,Bournemouth,True,u,0.0
6,146,Benoît_Badiashile Mukinayi,B.Badiashile,Chelsea,DEF,45,Bournemouth,True,u,0.0
6,150,Mamadou_Sarr,M.Sarr,Chelsea,DEF,45,Bournemouth,True,u,0.0
6,152,Marco_Palestra,Palestra,Chelsea,DEF,54,Bournemouth,True,i,0.0
6,159,Moisés_Caicedo Corozo,Caicedo,Chelsea,MID,54,Bournemouth,True,i,0.0
6,163,Dário_Luís Essugo,D.Essugo,Chelsea,MID,45,Bournemouth,True,u,0.0
6,168,Marc_Guiu Paz,Marc Guiu,Chelsea,FWD,50,Bournemouth,True,u,0.0
6,170,Emmanuel_Emegha,Emegha,Chelsea,FWD,50,Bournemouth,True,i,0.0
6,171,Oliver_Dovin,Dovin,Coventry City,GK,40,Newcastle,True,u,0.0
6,174,Liam_Kitching,Kitching,Coventry City,DEF,40,Newcastle,True,u,0.0
6,177,Kaine_Kesler-Hayden,Kesler-Hayden,Coventry City,DEF,40,Newcastle,True,i,0.0
6,180,Luke_Woolfenden,Woolfenden,Coventry City,DEF,40,Newcastle,True,i,0.0
6,181,Miguel_Brau,Brau,Coventry City,DEF,40,Newcastle,True,u,0.0
6,187,Josh_Eccles,Eccles,Coventry City,MID,49,Newcastle,True,i,0.0
6,191,Raphael_Borges Rodrigues,Borges Rodrigues,Coventry City,MID,45,Newcastle,True,u,0.0
6,192,Kai_Andrews,Andrews,Coventry City,MID,45,Newcastle,True,u,0.0
6,193,Haji_Wright,Wright,Coventry City,FWD,54,Newcastle,True,i,0.0
6,196,Jahnoah_Markelo,Markelo,Coventry City,FWD,50,Newcastle,True,u,0.0
6,197,Norman_Bassette,Bassette,Coventry City,FWD,45,Newcastle,True,u,0.0
6,205,Borna_Sosa,Sosa,Crystal Palace,DEF,45,Nott'm Forest,True,u,0.0
6,206,Chadi_Riad Dnanou,Chadi Riad,Crystal Palace,DEF,44,Nott'm Forest,True,i,0.0
6,208,Ismaïla_Sarr,Sarr,Crystal Palace,MID,63,Nott'm Forest,True,i,0.0
6,215,Justin_Devenny,Devenny,Crystal Palace,MID,50,Nott'm Forest,True,u,0.0
6,216,Romain_Esse,Esse,Crystal Palace,MID,50,Nott'm Forest,True,u,0.0
6,217,Matheus_França de Oliveira,M.França,Crystal Palace,MID,49,Nott'm Forest,True,u,0.0
6,219,Jesurun_Rak-Sakyi,J.Rak-Sakyi,Crystal Palace,MID,49,Nott'm Forest,True,u,0.0
6,220,Rio_Cardines,Cardines,Crystal Palace,DEF,45,Nott'm Forest,True,u,0.0
6,223,Jean-Philippe_Mateta,Mateta,Crystal Palace,FWD,64,Nott'm Forest,True,i,0.0
6,225,Christantus_Uche,Uche,Crystal Palace,FWD,50,Nott'm Forest,True,u,0.0
6,234,Nathan_Patterson,Patterson,Everton,DEF,45,Hull City,False,u,0.0
6,235,Adam_Aznou,Aznou,Everton,DEF,40,Hull City,False,u,0.0
6,248,Norberto Bercique_Gomes Betuncal,Beto,Everton,FWD,54,Hull City,False,u,0.0
6,252,Alfie_McNally,McNally,Fulham,GK,40,Ipswich Town,False,u,0.0
6,266,Tom_Cairney,Cairney,Fulham,MID,50,Ipswich Town,False,i,0.0
6,274,Jack_Butland,Butland,Hull City,GK,45,Everton,True,i,0.0
6,275,Harvey_Cartwright,Cartwright,Hull City,GK,40,Everton,True,u,0.0
6,276,Thimothée_Lo-Tutala,Lo-Tutala,Hull City,GK,40,Everton,True,u,0.0
6,278,Charlie_Hughes,Hughes,Hull City,DEF,40,Everton,True,i,0.0
6,281,Cody_Drameh,Drameh,Hull City,DEF,40,Everton,True,u,0.0
6,283,Matty_Jacob,Jacob,Hull City,DEF,40,Everton,True,u,0.0
6,287,Liam_Millar,Millar,Hull City,MID,50,Everton,True,u,0.0
6,291,Eliot_Matazo,Matazo,Hull City,MID,45,Everton,True,i,0.0
6,293,Abu_Kamara,Kamara,Hull City,MID,50,Everton,True,u,0.0
6,296,David_Akintola,Akintola,Hull City,MID,50,Everton,True,u,0.0
6,297,Darko_Gyabi,Gyabi,Hull City,MID,45,Everton,True,i,0.0
6,298,Enis_Destan,Destan,Hull City,FWD,45,Everton,True,u,0.0
6,299,Mason_Burstow,Burstow,Hull City,FWD,45,Everton,True,u,0.0
6,307,Ben_Johnson,Johnson,Ipswich Town,DEF,40,Fulham,True,u,0.0
6,311,Wes_Burns,Burns,Ipswich Town,MID,50,Fulham,True,u,0.0
6,312,Jack_Taylor,Taylor,Ipswich Town,MID,45,Fulham,True,i,0.0
6,314,Chiedozie_Ogbene,Ogbene,Ipswich Town,MID,49,Fulham,True,u,0.0
6,317,George_Hirst,Hirst,Ipswich Town,FWD,50,Fulham,True,u,0.0
6,319,Sam_Szmodics,Szmodics,Ipswich Town,MID,50,Fulham,True,u,0.0
6,322,Ali_Al-Hamadi,Al-Hamadi,Ipswich Town,FWD,50,Fulham,True,u,0.0
6,326,Lucas Estella_Perri,Perri,Leeds,GK,45,Arsenal,False,u,0.0
6,329,Joe_Rodon,Rodon,Leeds,DEF,44,Arsenal,False,i,0.0
6,333,Sebastiaan_Bornauw,Bornauw,Leeds,DEF,45,Arsenal,False,u,0.0
6,341,Wilfried_Gnonto,Gnonto,Leeds,MID,50,Arsenal,False,u,0.0
6,342,Jack_Harrison,Harrison,Leeds,MID,50,Arsenal,False,u,0.0
6,348,Joël_Piroe,Piroe,Leeds,FWD,50,Arsenal,False,u,0.0
6,349,Mateo_Joseph Fernández-Regatillo,Mateo Joseph,Leeds,FWD,45,Arsenal,False,i,0.0
6,353,Armin_Pecsi,Pecsi,Liverpool,GK,40,Man City,True,u,0.0
6,354,Vitezslav_Jaros,Jaros,Liverpool,GK,40,Man City,True,i,0.0
6,359,Joe_Gomez,Gomez,Liverpool,DEF,50,Man City,True,i,0.0
6,360,Conor_Bradley,Bradley,Liverpool,DEF,50,Man City,True,i,0.0
6,363,Giovanni_Leoni,Leoni,Liverpool,DEF,40,Man City,True,i,0.0
6,365,Calvin_Ramsay,Ramsay,Liverpool,DEF,40,Man City,True,u,0.0
6,370,Federico_Chiesa,Chiesa,Liverpool,MID,54,Man City,True,i,0.0
6,373,Curtis_Jones,C.Jones,Liverpool,MID,55,Man City,True,u,0.0
6,376,Stefan_Bajčetić Maquieira,Bajcetic,Liverpool,MID,50,Man City,True,u,0.0
6,380,Hugo_Ekitiké,Ekitiké,Liverpool,FWD,74,Man City,True,i,0.0
6,383,Harvey_Elliott,Elliott,Liverpool,MID,54,Man City,True,u,0.0
6,394,Max_Alleyne,Alleyne,Man City,DEF,50,Liverpool,False,u,0.0
6,400,Jérémy_Doku,Doku,Man City,MID,74,Liverpool,False,i,0.0
6,402,Rodrigo 'Rodri'_Hernandez Cascante,Rodrigo,Man City,MID,65,Liverpool,False,u,0.0
6,404,Tijjani_Reijnders,Reijnders,Man City,MID,60,Liverpool,False,u,0.0
6,407,Claudio_Echeverri,Echeverri,Man City,MID,49,Liverpool,False,u,0.0
6,408,Kalvin_Phillips,Phillips,Man City,MID,50,Liverpool,False,u,0.0
6,409,Divine_Mukasa,Mukasa,Man City,MID,45,Liverpool,False,u,0.0
6,410,Jeremy_Monga,Monga,Man City,MID,49,Liverpool,False,u,0.0
6,413,Altay_Bayındır,Bayindir,Man Utd,GK,45,Spurs,True,u,0.0
6,414,Tom_Heaton,Heaton,Man Utd,GK,40,Spurs,True,i,0.0
6,416,Matthijs_de Ligt,De Ligt,Man Utd,DEF,50,Spurs,True,i,0.0
6,425,Tyler_Fredricson,Fredricson,Man Utd,DEF,40,Spurs,True,u,0.0
6,431,Amad_Diallo,Amad,Man Utd,MID,58,Spurs,True,i,0.0
6,433,Manuel_Ugarte Ribeiro,Ugarte,Man Utd,MID,50,Spurs,True,i,0.0
6,436,Toby_Collyer,Collyer,Man Utd,MID,50,Spurs,True,u,0.0
6,448,Dan_Burn,Burn,Newcastle,DEF,49,Coventry City,False,i,0.0
6,451,Alex_Murphy,A.Murphy,Newcastle,DEF,40,Coventry City,False,u,0.0
6,458,Joelinton Cássio_Apolinário de Lira,Joelinton,Newcastle,MID,54,Coventry City,False,i,0.0
6,463,Nick_Woltemade,Woltemade,Newcastle,FWD,59,Coventry City,False,u,0.0
6,465,William_Osula,Osula,Newcastle,FWD,59,Coventry City,False,i,0.0
6,466,Sean_Neave,Neave,Newcastle,FWD,45,Coventry City,False,u,0.0
6,470,Felipe_Rodrigues da Silva,Morato,Nott'm Forest,DEF,50,Crystal Palace,False,u,0.0
6,475,Nicolò_Savona,Savona,Nott'm Forest,DEF,45,Crystal Palace,False,i,0.0
6,477,Zach_Abbott,Abbott,Nott'm Forest,DEF,40,Crystal Palace,False,u,0.0
6,479,Tyler_Bindon,Bindon,Nott'm Forest,DEF,40,Crystal Palace,False,u,0.0
6,484,Omari_Hutchinson,Hutchinson,Nott'm Forest,MID,54,Crystal Palace,False,u,0.0
6,485,Dilane_Bakwa,Bakwa,Nott'm Forest,MID,55,Crystal Palace,False,u,0.0
6,494,Guglielmo_Vicario,Vicario,Spurs,GK,45,Man Utd,False,u,0.0
6,500,Cristian_Romero,Romero,Spurs,DEF,50,Man Utd,False,u,0.0
6,505,Djed_Spence,Spence,Spurs,DEF,45,Man Utd,False,u,0.0
6,507,Ashley_Phillips,Phillips,Spurs,DEF,45,Man Utd,False,u,0.0
6,511,João Victor_de Souza Menezes,Souza,Spurs,DEF,40,Man Utd,False,u,0.0
6,513,Xavi_Simons,Xavi,Spurs,MID,60,Man Utd,False,i,0.0
6,517,Wilson_Odobert,Odobert,Spurs,MID,55,Man Utd,False,i,0.0
6,518,Pape Matar_Sarr,P.M.Sarr,Spurs,MID,49,Man Utd,False,u,0.0
6,521,Dejan_Kulusevski,Kulusevski,Spurs,MID,65,Man Utd,False,i,0.0
6,523,Mikey_Moore,Moore,Spurs,MID,50,Man Utd,False,u,0.0
6,527,Richarlison_de Andrade,Richarlison,Spurs,FWD,59,Man Utd,False,u,0.0
6,528,Dane_Scarlett,Scarlett,Spurs,FWD,45,Man Utd,False,u,0.0
6,530,Anthony_Patterson,Patterson,Sunderland,GK,40,Brighton,True,u,0.0
6,537,Jenson_Seelt,Seelt,Sunderland,DEF,45,Brighton,True,u,0.0
6,538,Leo Fuhr_Hjelde,Hjelde,Sunderland,DEF,40,Brighton,True,u,0.0
6,540,Arthur_Masuaku,Masuaku,Sunderland,DEF,40,Brighton,True,u,0.0
6,543,Habib_Diarra,Diarra,Sunderland,MID,54,Brighton,True,i,0.0
6,546,Simon_Adingra,Adingra,Sunderland,MID,49,Brighton,True,u,0.0
6,547,Romaine_Mundle,Mundle,Sunderland,MID,49,Brighton,True,i,0.0
6,554,Kayne_van Oevelen,Van Oevelen,Ipswich Town,GK,45,Fulham,True,u,0.0
6,563,Hidemasa_Morita,Morita,Hull City,MID,50,Everton,True,i,0.0
6,582,Brian_Madjo,Madjo,Aston Villa,FWD,55,Brentford,True,i,0.0
6,602,Cameron_Humphreys,Humphreys,Ipswich Town,MID,45,Fulham,True,u,0.0
6,607,Luka_Lynch,Lynch,Aston Villa,MID,45,Brentford,True,u,0.0
6,609,Leo_Shahar,Shahar,Newcastle,DEF,40,Coventry City,False,u,0.0
6,610,Luc_De Fougerolles,De Fougerolles,Fulham,DEF,40,Ipswich Town,False,u,0.0
6,618,Leon_Goretzka,Goretzka,Aston Villa,MID,60,Brentford,True,i,0.0
6,624,Amario_Cozier-Duberry,Cozier-Duberry,Brighton,MID,50,Sunderland,False,u,0.0
6,632,Ilyas_Ansah,Ansah,Hull City,FWD,50,Everton,True,i,0.0
7,411,Erling_Haaland,Haaland,Man City,FWD,155,Ipswich Town,True,a,6.837873
7,426,Bruno_Borges Fernandes,B.Fernandes,Man Utd,MID,120,Leeds,False,a,5.284269
7,388,Marc_Guéhi,Guéhi,Man City,DEF,60,Ipswich Town,True,a,5.2487783
7,165,João Pedro_Junqueira de Jesus,João Pedro,Chelsea,FWD,77,Everton,False,a,4.91679
7,12,Bukayo_Saka,Saka,Arsenal,MID,95,Nott'm Forest,False,a,4.803628
7,127,Diego_Gómez Amarilla,Gomez,Brighton,MID,50,Crystal Palace,True,a,4.600891
7,4,Gabriel_dos Santos Magalhães,Gabriel,Arsenal,DEF,80,Nott'm Forest,False,a,4.5771027
7,249,Thierno_Barry,Barry,Everton,FWD,56,Chelsea,True,a,4.537579
7,68,Marcus_Tavernier,Tavernier,Bournemouth,MID,60,Sunderland,True,a,4.392815
7,379,Alexander_Isak,Isak,Liverpool,FWD,91,Brentford,False,a,4.3736305
7,86,Keane_Lewis-Potter,Lewis-Potter,Brentford,MID,55,Liverpool,True,a,4.3029137
7,480,Morgan_Gibbs-White,Gibbs-White,Nott'm Forest,MID,79,Arsenal,True,a,4.218129
7,236,Kiernan_Dewsbury-Hall,Dewsbury-Hall,Everton,MID,65,Chelsea,True,a,4.2063823
7,427,Bryan_Mbeumo,Mbeumo,Man Utd,MID,79,Leeds,False,a,4.1085205
7,399,Rayan_Cherki,Cherki,Man City,MID,78,Ipswich Town,True,a,4.102367
7,115,Maxim_De Cuyper,De Cuyper,Brighton,DEF,48,Crystal Palace,True,a,4.0687957
7,397,Antoine_Semenyo,Semenyo,Man City,MID,84,Ipswich Town,True,a,4.024695
7,154,Cole_Palmer,Palmer,Chelsea,MID,97,Everton,False,a,4.0071893
7,79,Francisco Evanilson_de Lima Barbosa,Evanilson,Bournemouth,FWD,60,Sunderland,True,a,3.912727
7,230,Jarrad_Branthwaite,Branthwaite,Everton,DEF,55,Chelsea,True,a,3.9039564
7,40,Morgan_Rogers,Rogers,Chelsea,MID,76,Everton,False,a,3.8995867
7,229,James_Tarkowski,Tarkowski,Everton,DEF,60,Chelsea,True,a,3.8836806
7,335,Anton_Stach,Stach,Leeds,MID,60,Man Utd,True,a,3.857645
7,124,Pascal_Groß,Groß,Brighton,MID,56,Crystal Palace,True,a,3.8509798
7,368,Dominik_Szoboszlai,Szoboszlai,Liverpool,MID,70,Brentford,False,a,3.8244824
7,226,Jordan_Pickford,Pickford,Everton,GK,55,Chelsea,True,a,3.8003209
7,449,Lewis_Hall,Hall,Newcastle,DEF,51,Aston Villa,True,a,3.7656255
7,499,Pedro_Porro Sauceda,Pedro Porro,Spurs,DEF,55,Coventry City,True,a,3.7236617
7,567,Lukás_Hornícek,Horníček,Newcastle,GK,50,Aston Villa,True,a,3.7133346
7,15,Martin_Ødegaard,Ødegaard,Arsenal,MID,67,Nott'm Forest,False,a,3.6634061
7,453,Harvey_Barnes,Barnes,Newcastle,MID,60,Aston Villa,True,a,3.6596785
7,385,James_Trafford,Trafford,Leeds,GK,50,Man Utd,True,a,3.6572647
7,503,Micky_van de Ven,Van de Ven,Spurs,DEF,50,Coventry City,True,a,3.655194
7,356,Virgil_van Dijk,Virgil,Liverpool,DEF,65,Brentford,False,a,3.6297817
7,390,Rúben_dos Santos Gato Alves Dias,Rúben,Man City,DEF,55,Ipswich Town,True,a,3.6157873
7,242,Tyrique_George,George,Everton,MID,55,Chelsea,True,a,3.6123898
7,31,Ezri_Konsa Ngoyo,Konsa,Arsenal,DEF,44,Nott'm Forest,False,a,3.6085424
7,8,Riccardo_Calafiori,Calafiori,Arsenal,DEF,58,Nott'm Forest,False,a,3.6063256
7,94,Kevin_Schade,Schade,Brentford,MID,60,Liverpool,True,a,3.5856347
7,346,Dominic_Calvert-Lewin,Calvert-Lewin,Leeds,FWD,60,Man Utd,True,a,3.5811412
7,112,Jan Paul_van Hecke,Van Hecke,Spurs,DEF,49,Coventry City,True,a,3.5499403
7,69,Alex_Scott,Scott,Bournemouth,MID,61,Sunderland,True,a,3.5472355
7,445,Malick_Thiaw,Thiaw,Newcastle,DEF,50,Aston Villa,True,a,3.511882
7,82,Caoimhín_Kelleher,Kelleher,Brentford,GK,50,Liverpool,True,a,3.49306
7,504,Luka_Vušković,Vuskovic,Brighton,DEF,50,Crystal Palace,True,a,3.4525876
7,1,David_Raya Martín,Raya,Arsenal,GK,60,Nott'm Forest,False,a,3.449194
7,98,Vitaly_Janelt,Janelt,Brentford,MID,50,Liverpool,True,a,3.4317317
7,350,Alisson_Becker,A.Becker,Liverpool,GK,55,Brentford,False,a,3.4200828
7,57,Đorđe_Petrović,Petrović,Bournemouth,GK,45,Sunderland,True,a,3.4156168
7,572,Konstantinos_Tzolakis,Tzolakis,Hull City,GK,46,Fulham,False,a,3.4155152
7,384,Gianluigi_Donnarumma,Donnarumma,Man City,GK,55,Ipswich Town,True,a,3.4139774
7,26,Kai_Havertz,Havertz,Arsenal,FWD,75,Nott'm Forest,False,a,3.3959386
7,233,Vitalii_Mykolenko,Mykolenko,Everton,DEF,45,Chelsea,True,a,3.3878515
7,116,Lewis_Dunk,Dunk,Brighton,DEF,45,Crystal Palace,True,a,3.3597848
7,334,Tarik_Muharemović,Muharemović,Leeds,DEF,50,Man Utd,True,a,3.3535604
7,481,Elliot_Anderson,Anderson,Man City,MID,63,Ipswich Town,True,a,3.3441544
7,13,Declan_Rice,Rice,Arsenal,MID,74,Nott'm Forest,False,a,3.3238266
7,391,Joško_Gvardiol,Gvardiol,Man City,DEF,56,Ipswich Town,True,a,3.3201196
7,268,Josh_King,King,Fulham,MID,55,Hull City,True,a,3.3166223
7,244,Harrison_Armstrong,Armstrong,Everton,MID,50,Chelsea,True,a,3.2991216
7,428,Matheus_Santos Carneiro da Cunha,Cunha,Man Utd,MID,79,Leeds,False,a,3.2868013
7,28,Emiliano_Martínez Romero,Martinez,Chelsea,GK,50,Everton,False,a,3.2805586
7,367,Cody_Gakpo,Gakpo,Liverpool,MID,72,Brentford,False,d,3.2748432
7,330,Jayden_Bogle,Bogle,Leeds,DEF,45,Man Utd,True,a,3.2294633
7,332,James_Justin,Justin,Leeds,DEF,45,Man Utd,True,a,3.227788
7,544,Granit_Xhaka,Xhaka,Sunderland,MID,55,Bournemouth,False,a,3.2221026
7,61,Adrien_Truffert,Truffert,Bournemouth,DEF,55,Sunderland,True,a,3.202897
7,277,John_Egan,Egan,Hull City,DEF,41,Fulham,False,a,3.163637
7,60,James_Hill,Hill,Bournemouth,DEF,55,Sunderland,True,a,3.1550255
7,393,Abdukodir_Khusanov,Khusanov,Man City,DEF,55,Ipswich Town,True,a,3.1225004
7,200,Maxence_Lacroix,Lacroix,Chelsea,DEF,60,Everton,False,a,3.1058152
7,455,Sandro_Tonali,Tonali,Spurs,MID,54,Coventry City,True,a,3.0973127
7,454,Anthony_Elanga,Elanga,Newcastle,MID,61,Aston Villa,True,a,3.0930495
7,401,Omar_Marmoush,Marmoush,Spurs,FWD,70,Coventry City,True,a,3.0826573
7,156,Pedro_Lomba Neto,Neto,Chelsea,MID,65,Everton,False,a,3.0759296
7,447,Sven_Botman,Botman,Newcastle,DEF,50,Aston Villa,True,a,3.0732045
7,211,Yéremy_Pino Santos,Yeremy,Crystal Palace,MID,55,Brighton,False,a,3.07245
7,286,Mohamed_Belloumi,Belloumi,Hull City,MID,50,Fulham,False,a,3.0660517
7,10,Benjamin_White,White,Arsenal,DEF,55,Nott'm Forest,False,a,3.0573072
7,464,Yoane_Wissa,Wissa,Newcastle,FWD,62,Aston Villa,True,a,3.0560055
7,569,Gonzalo_García,Gonzalo,Fulham,FWD,60,Hull City,True,a,3.049241
7,109,Bart_Verbruggen,Verbruggen,Brighton,GK,45,Crystal Palace,True,a,3.0450072
7,155,Enzo_Fernández,Enzo,Man City,MID,69,Ipswich Town,True,a,3.0126011
7,460,Joe_Willock,Willock,Newcastle,MID,50,Aston Villa,True,a,3.0098386
7,496,Antonín_Kinský,Kinsky,Spurs,GK,45,Coventry City,True,a,2.9996028
7,597,Zion_Suzuki,Suzuki,Aston Villa,GK,50,Newcastle,False,a,2.985654
7,593,Amar_Dedic,Dedić,Newcastle,DEF,45,Aston Villa,True,d,2.9840171
7,224,Eddie_Nketiah,Nketiah,Crystal Palace,FWD,55,Brighton,False,a,2.9786894
7,483,Dan_Ndoye,Ndoye,Nott'm Forest,MID,55,Arsenal,True,a,2.9773607
7,264,Oscar_Bobb,Bobb,Fulham,MID,55,Hull City,True,a,2.9720936
7,467,Matz_Sels,Sels,Nott'm Forest,GK,50,Arsenal,True,a,2.9543488
7,605,Malick_Yalcouyé,Yalcouyé,Brighton,MID,45,Crystal Palace,True,a,2.9492662
7,198,Dean_Henderson,Henderson,Crystal Palace,GK,50,Brighton,False,a,2.933074
7,591,Julio_Enciso,Enciso,Ipswich Town,MID,55,Man City,False,a,2.918876
7,142,Reece_James,James,Chelsea,DEF,54,Everton,False,a,2.9179254
7,472,Murillo_Costa dos Santos,Murillo,Nott'm Forest,DEF,55,Arsenal,True,a,2.8995862
7,138,Charalampos_Kostoulas,Kostoulas,Brighton,FWD,55,Crystal Palace,True,a,2.8740804
7,282,Ryan_Giles,Giles,Hull City,DEF,40,Fulham,False,a,2.8653812
7,67,Rayan Vitor_Simplício Rocha,Rayan,Bournemouth,MID,64,Sunderland,True,a,2.8540466
7,586,Nobel_Mendy,Mendy,Hull City,DEF,41,Fulham,False,a,2.839722
7,279,Semi_Ajayi,Ajayi,Hull City,DEF,41,Fulham,False,a,2.8384397
7,250,Bernd_Leno,Leno,Fulham,GK,45,Hull City,True,a,2.8346756
7,114,Olivier_Boscagli,Boscagli,Brighton,DEF,45,Crystal Palace,True,a,2.8248463
7,290,Regan_Slater,Slater,Hull City,MID,45,Fulham,False,a,2.8039143
7,432,Kobbie_Mainoo,Mainoo,Man Utd,MID,55,Leeds,False,a,2.8007312
7,261,Alex_Iwobi,Iwobi,Fulham,MID,54,Hull City,True,a,2.796939
7,514,Mathys_Tel,Tel,Spurs,MID,58,Coventry City,True,a,2.7968252
7,471,Nikola_Milenković,Milenković,Nott'm Forest,DEF,55,Arsenal,True,a,2.7792623
7,338,Ethan_Ampadu,Ampadu,Leeds,MID,55,Man Utd,True,a,2.759133
7,210,Adam_Wharton,Wharton,Crystal Palace,MID,55,Brighton,False,a,2.755109
7,566,António João_Pereira de Albuquerque Tavares da Silva,Silva,Bournemouth,DEF,50,Sunderland,True,a,2.743638
7,579,Ronald_Araujo,Araujo,Liverpool,DEF,54,Brentford,False,a,2.7275867
7,96,Mikkel_Damsgaard,Damsgaard,Brentford,MID,55,Liverpool,True,a,2.7141936
7,553,Wilson_Isidor,Isidor,Sunderland,FWD,55,Bournemouth,False,a,2.7141428
7,516,Rodrigo_Bentancur,Bentancur,Spurs,MID,55,Coventry City,True,a,2.7046523
7,70,Justin_Kluivert,Kluivert,Bournemouth,MID,60,Sunderland,True,a,2.6868799
7,377,Victor_Munoz,Munoz,Liverpool,MID,65,Brentford,False,a,2.6760511
7,429,Marcus_Rashford,Rashford,Man Utd,MID,70,Leeds,False,a,2.6741865
7,295,Oli_McBurnie,McBurnie,Hull City,FWD,55,Fulham,False,a,2.6426783
7,366,Florian_Wirtz,Wirtz,Liverpool,MID,74,Brentford,False,a,2.6379268
7,214,Daichi_Kamada,Kamada,Crystal Palace,MID,50,Brighton,False,a,2.6374037
7,166,Nicolas_Jackson,N.Jackson,Aston Villa,FWD,65,Newcastle,False,a,2.6247652
7,43,Youri_Tielemans,Tielemans,Man Utd,MID,59,Leeds,False,a,2.6176233
7,204,Tyrick_Mitchell,Mitchell,Crystal Palace,DEF,45,Brighton,False,a,2.61062
7,41,Emiliano_Buendía Stati,Buendía,Aston Villa,MID,59,Newcastle,False,a,2.5959892
7,486,James_McAtee,McAtee,Nott'm Forest,MID,55,Arsenal,True,a,2.592
7,258,Timothy_Castagne,Castagne,Fulham,DEF,45,Hull City,True,a,2.5842621
7,87,Kristoffer_Ajer,Ajer,Brentford,DEF,45,Liverpool,True,a,2.5712464
7,362,Jeremy_Jacquet,Jacquet,Liverpool,DEF,50,Brentford,False,a,2.5514786
7,545,Noah_Sadiki,Sadiki,Sunderland,MID,49,Bournemouth,False,a,2.5501316
7,627,Bradley_Barcola,Barcola,Liverpool,MID,80,Brentford,False,a,2.5328534
7,45,John_McGinn,McGinn,Aston Villa,MID,54,Newcastle,False,a,2.532227
7,148,Jorrel_Hato,Hato,Chelsea,DEF,45,Everton,False,a,2.5048015
7,542,Enzo_Le Fée,E.Le Fée,Sunderland,MID,59,Bournemouth,False,a,2.4701543
7,372,Alexis_Mac Allister,Mac Allister,Liverpool,MID,54,Brentford,False,a,2.4585133
7,358,Milos_Kerkez,Kerkez,Liverpool,DEF,54,Brentford,False,a,2.4569774
7,88,Michael_Kayode,Kayode,Brentford,DEF,46,Liverpool,True,a,2.451447
7,202,Chris_Richards,Richards,Crystal Palace,DEF,50,Brighton,False,a,2.4501235
7,459,Lewis_Miley,L.Miley,Newcastle,MID,55,Aston Villa,True,a,2.447756
7,7,Myles_Lewis-Skelly,Lewis-Skelly,Arsenal,MID,55,Nott'm Forest,False,a,2.4375284
7,529,Robin_Roefs,Roefs,Sunderland,GK,50,Bournemouth,False,a,2.4160032
7,469,Neco_Williams,N.Williams,Nott'm Forest,DEF,50,Arsenal,True,a,2.3804886
7,247,Hayden_Hackney,Hackney,Everton,MID,55,Chelsea,True,a,2.3791804
7,110,Carl_Rushworth,Rushworth,Coventry City,GK,45,Spurs,False,a,2.3775408
7,565,Mamadou_Sangaré,M.Sangaré,Brentford,MID,57,Liverpool,True,a,2.3715787
7,46,Ross_Barkley,Barkley,Aston Villa,MID,50,Newcastle,False,a,2.3318655
7,265,Sander_Berge,Berge,Fulham,MID,50,Hull City,True,a,2.3210902
7,456,Jacob_Ramsey,J.Ramsey,Newcastle,MID,49,Aston Villa,True,a,2.3183203
7,238,Jack_Grealish,Grealish,Everton,MID,65,Chelsea,True,a,2.3101103
7,327,Jaka_Bijol,Bijol,Leeds,DEF,50,Man Utd,True,a,2.3098142
7,316,Emersonn_Correia da Silva,Emersonn,Ipswich Town,FWD,55,Man City,False,a,2.305668
7,570,César_Palacios,Palacios,Fulham,MID,55,Hull City,True,a,2.2968097
7,533,Nordi_Mukiele,Mukiele,Sunderland,DEF,55,Bournemouth,False,a,2.2909296
7,246,Merlin_Röhl,Röhl,Everton,MID,50,Chelsea,True,a,2.2717776
7,184,Matt_Grimes,Grimes,Coventry City,MID,50,Spurs,False,a,2.247401
7,105,Jaidon_Anthony,Anthony,Brentford,MID,60,Liverpool,True,a,2.2242374
7,398,Phil_Foden,Foden,Man City,MID,70,Ipswich Town,True,a,2.1918848
7,144,Malo_Gusto,Gusto,Chelsea,DEF,50,Everton,False,a,2.184357
7,576,Elliot_Stroud,Stroud,Hull City,MID,50,Fulham,False,a,2.1791387
7,315,Abdul_Fatawu,Fatawu,Ipswich Town,MID,55,Man City,False,a,2.172191
7,536,Reinildo_Mandava,Reinildo,Sunderland,DEF,45,Bournemouth,False,a,2.1712418
7,551,Nilson_Angulo,N.Angulo,Sunderland,MID,50,Bournemouth,False,a,2.1628206
7,47,Boubacar_Kamara,Kamara,Aston Villa,MID,50,Newcastle,False,a,2.159757
7,64,Adam_Smith,Smith,Bournemouth,DEF,45,Sunderland,True,a,2.1544316
7,51,George_Hemmings,George Hemmings,Aston Villa,MID,45,Newcastle,False,a,2.139345
7,588,Anan_Khalaili,Khalaili,Crystal Palace,DEF,50,Brighton,False,a,2.1232984
7,336,Noah_Okafor,Okafor,Leeds,MID,59,Man Utd,True,a,2.1220024
7,257,Calvin_Bassey,Bassey,Fulham,DEF,45,Hull City,True,a,2.112818
7,253,Joachim_Andersen,Andersen,Fulham,DEF,50,Hull City,True,a,2.112059
7,474,Jair_Paula da Cunha Filho,Jair Cunha,Nott'm Forest,DEF,45,Arsenal,True,a,2.111697
7,405,Nico_González Iglesias,N.Gonzalez,Newcastle,MID,55,Aston Villa,True,a,2.0930152
7,403,Sávio_Moreira de Oliveira,Sávio,Spurs,MID,65,Coventry City,True,a,2.078166
7,36,Ian_Maatsen,Maatsen,Aston Villa,DEF,45,Newcastle,False,a,2.0755491
7,239,James_Garner,Garner,Everton,MID,60,Chelsea,True,d,2.0477228
7,183,Jack_Rudoni,Rudoni,Coventry City,MID,50,Spurs,False,a,2.045593
7,173,Bobby_Thomas,Thomas,Coventry City,DEF,40,Spurs,False,a,2.0445745
7,439,Benjamin_Sesko,Šeško,Man Utd,FWD,70,Leeds,False,a,2.028108
7,145,Wesley_Fofana,Fofana,Chelsea,DEF,50,Everton,False,a,2.0203435
7,222,Jørgen_Strand Larsen,Strand Larsen,Crystal Palace,FWD,60,Brighton,False,a,2.0200896
7,541,Thomas_Meunier,Meunier,Sunderland,DEF,45,Bournemouth,False,a,2.0180628
7,161,Roméo_Lavia,Lavia,Chelsea,MID,50,Everton,False,a,1.9816692
7,267,Saša_Lukić,Lukić,Ipswich Town,MID,50,Man City,False,a,1.9793997
7,95,Dango_Ouattara,O.Dango,Brentford,MID,64,Liverpool,True,a,1.9728314
7,129,Yasin_Ayari,Ayari,Brighton,MID,54,Crystal Palace,True,a,1.9526368
7,419,Lisandro_Martínez,Martinez,Man Utd,DEF,50,Leeds,False,a,1.9373441
7,644,Quinten_Timber,Timber,Crystal Palace,MID,50,Brighton,False,a,1.924259
7,106,Igor Thiago_Nascimento Rodrigues,Thiago,Brentford,FWD,79,Liverpool,True,a,1.9052678
7,32,Matty_Cash,Cash,Aston Villa,DEF,45,Newcastle,False,d,1.8989222
7,491,Igor Jesus_Maciel da Cruz,Igor Jesus,Nott'm Forest,FWD,59,Arsenal,True,a,1.8909422
7,280,Lewie_Coyle,Coyle,Hull City,DEF,40,Fulham,False,a,1.888907
7,598,Nico_Elvedi,Elvedi,Leeds,DEF,45,Man Utd,True,a,1.8813255
7,190,Loum_Tchaouna,Tchaouna,Coventry City,MID,54,Spurs,False,a,1.8627845
7,552,Brian_Brobbey,Brobbey,Sunderland,FWD,59,Bournemouth,False,a,1.862767
7,254,Antonee_Robinson,Robinson,Fulham,DEF,45,Hull City,True,a,1.8591949
7,203,Jaydee_Canvot,Canvot,Crystal Palace,DEF,49,Brighton,False,a,1.843366
7,113,Ferdi_Kadıoğlu,F.Kadıoğlu,Brighton,DEF,44,Crystal Palace,True,a,1.8366948
7,492,Taiwo_Awoniyi,Awoniyi,Coventry City,FWD,55,Spurs,False,a,1.8197212
7,562,Daizen_Maeda,Maeda,Ipswich Town,MID,54,Man City,False,a,1.8014367
7,337,Brenden_Aaronson,Aaronson,Leeds,MID,54,Man Utd,True,a,1.7960488
7,151,Josh_Acheampong,Acheampong,Chelsea,DEF,45,Everton,False,a,1.7955577
7,194,Brandon_Thomas-Asante,Thomas-Asante,Coventry City,FWD,50,Spurs,False,a,1.7806411
7,237,Iliman_Ndiaye,Ndiaye,Man City,MID,59,Ipswich Town,True,a,1.7607083
7,643,Ben_Chilwell,Chilwell,Crystal Palace,DEF,45,Brighton,False,a,1.7483779
7,320,Chuba_Akpom,Akpom,Ipswich Town,FWD,50,Man City,False,a,1.7351178
7,167,Liam_Delap,Delap,Nott'm Forest,FWD,55,Arsenal,True,a,1.7298616
7,73,Tyler_Adams,Adams,Bournemouth,MID,50,Sunderland,True,a,1.7164694
7,557,Christos_Tzolis,Tzolis,Arsenal,MID,64,Nott'm Forest,False,a,1.6919013
7,558,Xaver_Schlager,Schlager,Nott'm Forest,MID,50,Arsenal,True,a,1.6530035
7,564,Kjell_Scherpen,Scherpen,Ipswich Town,GK,45,Man City,False,a,1.6359694
7,37,Victor_Lindelöf,Lindelöf,Aston Villa,DEF,45,Newcastle,False,a,1.6350307
7,417,Diogo_Dalot Teixeira,Dalot,Man Utd,DEF,49,Leeds,False,a,1.6281509
7,575,Caleb_Yirenkyi,Yirenkyi,Coventry City,MID,49,Spurs,False,a,1.6223292
7,522,Archie_Gray,Gray,Spurs,MID,50,Coventry City,True,a,1.6005169
7,71,Lewis_Cook,Cook,Bournemouth,MID,50,Sunderland,True,a,1.599254
7,259,Issa_Diop,Diop,Ipswich Town,DEF,40,Man City,False,a,1.5926559
7,473,Ola_Aina,Aina,Nott'm Forest,DEF,45,Arsenal,True,a,1.581372
7,345,Tanaka_Ao,Tanaka,Leeds,MID,49,Man Utd,True,a,1.5732325
7,389,Matheus_Nunes,Matheus N.,Man City,DEF,59,Ipswich Town,True,a,1.5730869
7,209,Brennan_Johnson,Johnson,Everton,MID,59,Chelsea,True,a,1.563024
7,186,Ephron_Mason-Clark,Mason-Clark,Coventry City,MID,54,Spurs,False,a,1.5557303
7,519,Conor_Gallagher,Gallagher,Spurs,MID,54,Coventry City,True,a,1.5385113
7,589,Lucas_Gourna-Douath,Gourna-Douath,Hull City,MID,50,Fulham,False,a,1.5342937
7,506,Destiny_Udogie,Udogie,Spurs,DEF,45,Coventry City,True,a,1.5213206
7,619,Exequiel_Palacios,Palacios,Ipswich Town,MID,50,Man City,False,a,1.516398
7,175,Milan_van Ewijk,van Ewijk,Coventry City,DEF,40,Spurs,False,a,1.5036867
7,176,Jay_Dasilva,Dasilva,Coventry City,DEF,40,Spurs,False,a,1.4917293
7,642,Sorba_Thomas,Thomas,Hull City,MID,55,Fulham,False,a,1.4644694
7,347,Lukas_Nmecha,Nmecha,Leeds,FWD,54,Man Utd,True,a,1.4581046
7,634,Matias_Fernandez-Pardo,Fernandez-Pardo,Newcastle,FWD,60,Aston Villa,True,a,1.454936
7,580,Shea_Charles,Charles,Fulham,MID,50,Hull City,True,a,1.4456316
7,412,Senne_Lammens,Lammens,Man Utd,GK,50,Leeds,False,a,1.4401648
7,525,Mateus_Fernandes,Fernandes,Spurs,MID,58,Coventry City,True,a,1.4179287
7,331,Gabriel_Gudmundsson,Gudmundsson,Leeds,DEF,45,Man Utd,True,a,1.4140092
7,119,João Pedro_Loureiro da Costa,Costinha,Brighton,DEF,45,Crystal Palace,True,a,1.4020814
7,182,Aurèle_Amenda,Amenda,Coventry City,DEF,40,Spurs,False,a,1.3988748
7,195,Ellis_Simms,Simms,Coventry City,FWD,50,Spurs,False,a,1.3884076
7,616,Ayyoub_Bouaddi,Bouaddi,Man City,MID,55,Ipswich Town,True,a,1.3879167
7,93,Jannik_Schuster,Schuster,Brentford,DEF,45,Liverpool,True,a,1.3862919
7,309,Marcelino_Núñez,Núñez,Ipswich Town,MID,50,Man City,False,a,1.3859414
7,33,Tyrone_Mings,Mings,Aston Villa,DEF,45,Newcastle,False,a,1.3829428
7,371,Ryan_Gravenberch,Gravenberch,Liverpool,MID,59,Brentford,False,a,1.3826034
7,269,Ryan_Sessegnon,Sessegnon,Fulham,DEF,45,Hull City,True,a,1.3787848
7,104,Frank_Onyeka,Onyeka,Coventry City,MID,49,Spurs,False,a,1.362446
7,512,Mohammed_Kudus,Kudus,Spurs,MID,65,Coventry City,True,a,1.360806
7,457,Jacob_Murphy,J.Murphy,Newcastle,MID,59,Aston Villa,True,a,1.3582397
7,635,Hugo_Larsson,Larsson,Fulham,MID,50,Hull City,True,a,1.3440925
7,462,Sean_Steur,Steur,Newcastle,MID,49,Aston Villa,True,a,1.3326954
7,498,Marcos_Senesi Barón,Senesi,Spurs,DEF,59,Coventry City,True,a,1.3289564
7,9,Piero_Hincapié,Hincapie,Arsenal,DEF,53,Nott'm Forest,False,a,1.3035392
7,153,Axel_Disasi,Disasi,Crystal Palace,DEF,45,Brighton,False,a,1.2974374
7,406,Mateo_Kovačić,Kovačić,Man City,MID,54,Ipswich Town,True,a,1.276919
7,149,Levi_Samuels Colwill,Colwill,Chelsea,DEF,49,Everton,False,a,1.2683117
7,649,Ainsley_Maitland-Niles,Maitland-Niles,Everton,DEF,45,Chelsea,True,a,1.2579089
7,395,Rico_Lewis,Lewis,Man City,DEF,45,Ipswich Town,True,a,1.243203
7,305,Leif_Davis,Davis,Ipswich Town,DEF,40,Man City,False,a,1.2339137
7,583,Pep_Chavarría,Chavarria,Chelsea,DEF,49,Everton,False,a,1.2317717
7,34,Pau_Torres,Pau,Aston Villa,DEF,45,Newcastle,False,a,1.2311178
7,241,Dwight_McNeil,McNeil,Crystal Palace,MID,54,Brighton,False,a,1.2141458
7,638,Brooke_Norton-Cuffy,Norton-Cuffy,Hull City,DEF,40,Fulham,False,a,1.2079593
7,415,Patrick_Dorgu,Dorgu,Man Utd,MID,58,Leeds,False,a,1.2064453
7,123,Jack_Hinshelwood,Hinshelwood,Brighton,MID,60,Crystal Palace,True,d,1.198102
7,526,Dominic_Solanke-Mitchell,Solanke,Spurs,FWD,59,Coventry City,True,a,1.1953089
7,304,Dara_O'Shea,O'Shea,Ipswich Town,DEF,40,Man City,False,a,1.187764
7,640,Zian_Flemming,Flemming,Ipswich Town,FWD,55,Man City,False,a,1.1775031
7,313,Jack_Clarke,Clarke,Ipswich Town,MID,55,Man City,False,a,1.1761677
7,19,Martín_Zubimendi Ibáñez,Zubimendi,Arsenal,MID,54,Nott'm Forest,False,a,1.170865
7,501,Kevin_Danso,Danso,Sunderland,DEF,50,Bournemouth,False,a,1.1574826
7,162,Andrey_Nascimento dos Santos,Andrey Santos,Man Utd,MID,49,Leeds,False,a,1.1514989
7,646,Malick_Fofana,Fofana,Sunderland,MID,55,Bournemouth,False,a,1.1512575
7,125,Georginio_Rutter,Georginio,Brighton,FWD,55,Crystal Palace,True,d,1.1297456
7,262,Emile_Smith Rowe,Smith Rowe,Fulham,MID,54,Hull City,True,a,1.1254835
7,621,Ryan_McAidoo,McAidoo,Man City,MID,45,Ipswich Town,True,a,1.1221349
7,255,Jorge_Cuenca Barreno,J.Cuenca,Fulham,DEF,45,Hull City,True,a,1.1174538
7,157,Estêvão_Almeida de Oliveira Gonçalves,Estêvão,Chelsea,MID,64,Everton,False,a,1.1168872
7,102,Yehor_Yarmoliuk,Yarmoliuk,Brentford,MID,49,Liverpool,True,a,1.1152188
7,14,Eberechi_Eze,Eze,Arsenal,MID,64,Nott'm Forest,False,a,1.1049227
7,160,Alejandro_Garnacho Ferreyra,Garnacho,Aston Villa,MID,59,Newcastle,False,a,1.0964032
7,201,Daniel_Muñoz Mejía,Muñoz,Nott'm Forest,DEF,54,Arsenal,True,a,1.0866092
7,502,Andrew_Robertson,Robertson,Spurs,DEF,45,Coventry City,True,a,1.0836184
7,584,Gustavo_Hamer,Hamer,Coventry City,MID,54,Spurs,False,a,1.0639609
7,17,Mikel_Merino Zazón,Merino,Arsenal,MID,59,Nott'm Forest,False,a,1.0606956
7,42,Evann_Guessand,Guessand,Crystal Palace,MID,55,Brighton,False,a,1.0603391
7,188,Victor_Torp,Torp,Coventry City,MID,54,Spurs,False,a,1.0579164
7,600,Ibrahim_Osman,Osman,Brighton,MID,50,Crystal Palace,True,a,1.0555441
7,90,Aaron_Hickey,Hickey,Brentford,DEF,45,Liverpool,True,a,1.053203
7,271,Rodrigo_Muniz Carvalho,Muniz,Fulham,FWD,54,Hull City,True,a,1.0505295
7,488,Ibrahim_Sangaré,I.Sangaré,Nott'm Forest,MID,49,Arsenal,True,a,1.0474445
7,490,Chris_Wood,Wood,Nott'm Forest,FWD,59,Arsenal,True,a,1.0432585
7,260,Harry_Wilson,Wilson,Leeds,MID,63,Man Utd,True,a,1.034073
7,16,Noni_Madueke,Madueke,Arsenal,MID,63,Nott'm Forest,False,a,1.0331146
7,422,Noussair_Mazraoui,Mazraoui,Man Utd,DEF,44,Leeds,False,a,1.0186272
7,532,Daniel_Ballard,Ballard,Sunderland,DEF,49,Bournemouth,False,a,1.0120808
7,108,Callum_Wilson,Wilson,Brentford,FWD,55,Liverpool,True,a,1.0059158
7,420,Leny_Yoro,Yoro,Man Utd,DEF,49,Leeds,False,a,0.9996869
7,323,Kasey_McAteer,McAteer,Ipswich Town,MID,45,Man City,False,a,0.99769986
7,289,Matt_Crooks,Crooks,Hull City,MID,45,Fulham,False,a,0.9733821
7,306,Jacob_Greaves,Greaves,Ipswich Town,DEF,40,Man City,False,a,0.96801835
7,263,Kevin_Santos Lopes de Macedo,Kevin,Fulham,MID,54,Hull City,True,a,0.96289575
7,577,Takehiro_Tomiyasu,Tomiyasu,Crystal Palace,DEF,45,Brighton,False,a,0.9472208
7,611,Aaron_Wan-Bissaka,Wan-Bissaka,Aston Villa,DEF,45,Newcastle,False,a,0.9448443
7,617,Mohamed-Ali_Cho,Cho,Hull City,MID,50,Fulham,False,a,0.9370822
7,74,David_Brooks,Brooks,Bournemouth,MID,50,Sunderland,True,a,0.92561543
7,91,Ethan_Pinnock,Pinnock,Coventry City,DEF,45,Spurs,False,a,0.91842
7,343,Daniel_James,James,Leeds,MID,50,Man Utd,True,a,0.9165959
7,369,Rio_Ngumoha,Ngumoha,Liverpool,MID,58,Brentford,False,a,0.9141807
7,520,Lucas_Bergvall,Bergvall,Spurs,MID,54,Coventry City,True,a,0.91155803
7,647,Darío_Osorio,Osorio,Crystal Palace,MID,55,Brighton,False,a,0.89992535
7,421,Ayden_Heaven,Heaven,Man Utd,DEF,44,Leeds,False,a,0.89678556
7,328,Pascal_Struijk,Struijk,Brighton,DEF,50,Crystal Palace,True,a,0.88584304
7,52,Alysson Edward Franco_da Rocha dos Santos,Alysson,Aston Villa,MID,50,Newcastle,False,a,0.8653135
7,450,Tino_Livramento,Livramento,Newcastle,DEF,49,Aston Villa,True,a,0.84321856
7,585,Lucas_Herrington,Herrington,Hull City,DEF,40,Fulham,False,a,0.8152018
7,594,Promise_David,David,Brighton,FWD,60,Crystal Palace,True,a,0.79313225
7,535,Omar_Alderete,Alderete,Sunderland,DEF,49,Bournemouth,False,a,0.79007804
7,75,Ryan_Christie,Christie,Bournemouth,MID,50,Sunderland,True,a,0.7696033
7,357,Jeremie_Frimpong,Frimpong,Liverpool,DEF,54,Brentford,False,a,0.7465012
7,25,Viktor_Gyökeres,Gyökeres,Arsenal,FWD,72,Nott'm Forest,False,a,0.74508286
7,548,Chris_Rigg,Rigg,Sunderland,MID,49,Bournemouth,False,a,0.74480325
7,578,Mykhailo_Mudryk,Mudryk,Spurs,MID,54,Coventry City,True,a,0.7268196
7,381,Lewis_Koumas,Koumas,Liverpool,MID,50,Brentford,False,a,0.7244652
7,608,Daniel_Jebbison,Jebbison,Bournemouth,FWD,50,Sunderland,True,a,0.70455915
7,56,Tammy_Abraham,Abraham,Aston Villa,FWD,55,Newcastle,False,a,0.7040353
7,446,Fabian_Schär,Schär,Newcastle,DEF,50,Aston Villa,True,a,0.6803251
7,207,Oscar_Mingueza,Mingueza,Crystal Palace,DEF,44,Brighton,False,a,0.6792364
7,549,Chemsdine_Talbi,Talbi,Sunderland,MID,54,Bournemouth,False,a,0.6784107
7,515,James_Maddison,Maddison,Spurs,MID,63,Coventry City,True,a,0.6772521
7,375,Trey_Nyoni,Nyoni,Liverpool,MID,49,Brentford,False,a,0.6714137
7,364,Kostas_Tsimikas,Tsimikas,Liverpool,DEF,49,Brentford,False,a,0.65284204
7,185,Tatsuhiro_Sakamoto,Sakamoto,Coventry City,MID,49,Spurs,False,a,0.6488196
7,592,Abdoul_Ouattara,Ouattara,Ipswich Town,DEF,40,Man City,False,a,0.64093107
7,452,Bruno_Guimarães Rodriguez Moura,Bruno G.,Arsenal,MID,68,Nott'm Forest,False,a,0.634874
7,72,Ben_Gannon-Doak,Gannon-Doak,Bournemouth,MID,49,Sunderland,True,a,0.6160141
7,596,Matteo_Ruggeri,Ruggeri,Aston Villa,DEF,45,Newcastle,False,a,0.6115491
7,29,Marco_Bizot,M.Bizot,Aston Villa,GK,45,Newcastle,False,a,0.6099855
7,136,Danny_Welbeck,Welbeck,Chelsea,FWD,59,Everton,False,a,0.5997676
7,539,Luke_O'Nien,O'Nien,Sunderland,DEF,40,Bournemouth,False,a,0.5585278
7,418,Harry_Maguire,Maguire,Man Utd,DEF,49,Leeds,False,a,0.52340883
7,423,Luke_Shaw,Shaw,Man Utd,DEF,44,Leeds,False,d,0.49480182
7,11,Cristhian_Mosquera,Mosquera,Arsenal,DEF,54,Nott'm Forest,False,d,0.49232092
7,478,Luca_Netz,Netz,Nott'm Forest,DEF,45,Arsenal,True,a,0.49167767
7,243,Carlos_Alcaraz Durán,Alcaraz,Everton,MID,50,Chelsea,True,a,0.48439732
7,568,Valentín_Barco,Barco,Chelsea,MID,55,Everton,False,a,0.47763744
7,321,Sindre_Walle Egeli,Walle Egeli,Ipswich Town,FWD,45,Man City,False,a,0.47713396
7,595,Zavier_Gozo,Gozo,Crystal Palace,MID,50,Brighton,False,a,0.47333437
7,534,Trai_Hume,Hume,Sunderland,DEF,44,Bournemouth,False,a,0.47136
7,35,Lamare_Bogarde,Bogarde,Aston Villa,MID,50,Newcastle,False,a,0.45411524
7,581,Ousmane_Diomande,Diomande,Nott'm Forest,DEF,54,Arsenal,True,a,0.45265993
7,212,Will_Hughes,Hughes,Crystal Palace,MID,45,Brighton,False,a,0.44135523
7,387,Nico_O'Reilly,O'Reilly,Man City,DEF,64,Ipswich Town,True,a,0.40265983
7,482,Callum_Hudson-Odoi,Hudson-Odoi,Nott'm Forest,MID,59,Arsenal,True,a,0.38986012
7,76,Alex_Tóth,Tóth.A,Bournemouth,MID,50,Sunderland,True,a,0.38250038
7,559,Aladji_Bamba,Bamba,Newcastle,MID,49,Aston Villa,True,a,0.37963426
7,461,Bazoumana_Touré,Touré,Newcastle,MID,58,Aston Villa,True,a,0.37274665
7,164,Geovany_Quenda,Quenda,Chelsea,MID,54,Everton,False,a,0.36789885
7,232,Jake_O'Brien,O'Brien,Everton,DEF,49,Chelsea,True,a,0.35380176
7,89,Rico_Henry,Henry,Brentford,DEF,45,Liverpool,True,a,0.3258589
7,111,Jason_Steele,Steele,Brighton,GK,40,Crystal Palace,True,a,0.32473958
7,81,Álvaro_Rodríguez,Rodríguez,Bournemouth,FWD,60,Sunderland,True,a,0.28737643
7,497,Martin_Dubravka,Dubravka,Spurs,GK,40,Coventry City,True,a,0.2855845
7,392,Rayan_Aït-Nouri,Aït-Nouri,Man City,DEF,53,Ipswich Town,True,a,0.28272003
7,231,Michael_Keane,Keane,Everton,DEF,49,Chelsea,True,a,0.277262
7,487,Nicolás_Domínguez,Dominguez,Nott'm Forest,MID,49,Arsenal,True,a,0.2719339
7,339,Sean_Longstaff,Longstaff,Leeds,MID,49,Man Utd,True,a,0.2718
7,442,Nick_Pope,Pope,Newcastle,GK,49,Aston Villa,True,a,0.26551548
7,435,Shea_Lacey,Lacey,Man Utd,MID,49,Leeds,False,a,0.2534373
7,5,Jurriën_Timber,J.Timber,Arsenal,DEF,65,Nott'm Forest,False,d,0.2475192
7,631,Ibrahim_Mbaye,Mbaye,Aston Villa,MID,60,Newcastle,False,a,0.2467131
7,623,Dan_Bentley,Bentley,Coventry City,GK,40,Spurs,False,a,0.24564557
7,58,Fraser_Forster,Forster,Bournemouth,GK,40,Sunderland,True,a,0.2395981
7,620,El Hadji Malick_Diouf,Diouf,Brentford,DEF,45,Liverpool,True,a,0.23329023
7,62,Bafodé_Diakité,Diakité,Bournemouth,DEF,50,Sunderland,True,a,0.23087609
7,622,Kaden_Braithwaite,Braithwaite,Man City,DEF,40,Ipswich Town,True,a,0.22922805
7,308,Darnell_Furlong,Furlong,Ipswich Town,DEF,40,Man City,False,a,0.21791567
7,396,Vitor_de Oliveira Nunes dos Reis,Vitor Reis,Man City,DEF,45,Ipswich Town,True,a,0.21762383
7,240,Tim_Iroegbunam,Iroegbunam,Hull City,MID,50,Fulham,False,a,0.20718871
7,574,Jens_Hjertø-Dahl,Hjertø-Dahl,Hull City,MID,49,Fulham,False,a,0.20395897
7,301,Alex_Palmer,Palmer,Ipswich Town,GK,40,Man City,False,a,0.19486603
7,120,Michael_Svoboda,Svoboda,Brighton,DEF,50,Crystal Palace,True,a,0.1861418
7,256,Kenny_Tete,Tete,Fulham,DEF,44,Hull City,True,a,0.18393719
7,53,Johan_Manzambi,Manzambi,Aston Villa,MID,59,Newcastle,False,d,0.17974313
7,628,Allan_Andrade Elias,Allan,Man City,MID,60,Ipswich Town,True,a,0.17826885
7,655,Yann_Gboho,Gboho,Coventry City,MID,55,Spurs,False,a,0.17532791
7,158,Jamie_Bynoe-Gittens,Gittens,Chelsea,MID,59,Everton,False,a,0.15992264
7,493,Arnaud_Kalimuendo,Kalimuendo,Nott'm Forest,FWD,54,Arsenal,True,a,0.15566914
7,285,Paddy_McNair,McNair,Hull City,DEF,40,Fulham,False,a,0.15351354
7,38,Andrés_García,A.García,Aston Villa,DEF,40,Newcastle,False,a,0.1424878
7,325,Karl_Darlow,Darlow,Man Utd,GK,45,Leeds,False,a,0.14229693
7,147,Tosin_Adarabioyo,Tosin,Spurs,DEF,44,Coventry City,True,a,0.14030577
7,639,José María_Andrés Baixauli,Andrés,Brighton,MID,55,Crystal Palace,True,a,0.13325758
7,351,Giorgi_Mamardashvili,Mamardashvili,Liverpool,GK,49,Brentford,False,a,0.13223615
7,652,Femi_Azeez,Azeez,Brighton,MID,55,Crystal Palace,True,d,0.12806839
7,556,Matt_Targett,Targett,Hull City,DEF,40,Fulham,False,a,0.12642233
7,302,David_Button,Button,Ipswich Town,GK,40,Man City,False,a,0.12579852
7,126,Matt_O'Riley,O'Riley,Brighton,MID,55,Crystal Palace,True,a,0.123888396
7,318,Jaden_Philogene,Philogene,Ipswich Town,MID,54,Man City,False,a,0.1236543
7,626,Macaulay_Zepa,Zepa,Fulham,MID,45,Hull City,True,a,0.122750685
7,489,Ryan_Yates,Yates,Nott'm Forest,MID,45,Arsenal,True,a,0.12268205
7,430,Mason_Mount,Mount,Man Utd,MID,54,Leeds,False,a,0.12226694
7,651,Juan_Angulo,J.Angulo,Sunderland,FWD,45,Bournemouth,False,a,0.120634176
7,654,Braiden_Graham,Graham,Everton,MID,45,Chelsea,True,a,0.11678127
7,272,Jonah_Kusi-Asare,Kusi-Asare,Fulham,FWD,45,Hull City,True,a,0.11645684
7,571,Florentino Ibrain_Morris Luís,Florentino,Ipswich Town,MID,49,Man City,False,a,0.11589826
7,630,Taylor_Harwood-Bellis,Harwood-Bellis,Aston Villa,DEF,45,Newcastle,False,a,0.11332664
7,629,Michael_Zetterer,Zetterer,Leeds,GK,40,Man Utd,True,a,0.11254641
7,245,Tyler_Dibling,Dibling,Everton,MID,54,Chelsea,True,a,0.112485915
7,614,Jaouen_Hadjam,Hadjam,Brighton,DEF,45,Crystal Palace,True,a,0.11064084
7,561,Aaron_Anselmino,Anselmino,Chelsea,DEF,45,Everton,False,a,0.10727505
7,20,Max_Dowman,Dowman,Arsenal,MID,53,Nott'm Forest,False,a,0.10581503
7,633,Honest_Ahanor,Ahanor,Crystal Palace,DEF,45,Brighton,False,a,0.105249055
7,50,Bradley_Burrowes,Burrowes,Aston Villa,MID,45,Newcastle,False,a,0.105054416
7,587,Gerónimo_Rulli,Rulli,Man City,GK,50,Ipswich Town,True,a,0.104489096
7,117,Diego_Coppola,Coppola,Brighton,DEF,45,Crystal Palace,True,a,0.104222916
7,601,Luca_Williams-Barnett,Williams-Barnett,Spurs,MID,45,Coventry City,True,a,0.101706706
7,573,Juanlu_Sánchez,Sanchez,Bournemouth,DEF,45,Sunderland,True,a,0.10032526
7,650,David_Affengruber,Affengruber,Fulham,DEF,45,Hull City,True,a,0.09887015
7,3,Illan_Meslier,Meslier,Arsenal,GK,49,Nott'm Forest,False,a,0.09826738
7,648,Jean-Mattéo_Bahoya,Bahoya,Leeds,MID,50,Man Utd,True,a,0.09544159
7,560,Mike_Penders,Penders,Chelsea,GK,45,Everton,False,a,0.0952165
7,227,Mark_Travers,Travers,Everton,GK,50,Chelsea,True,a,0.09405411
7,344,Ilia_Gruev,Gruev,Leeds,MID,50,Man Utd,True,d,0.09402756
7,2,Kepa_Arrizabalaga Revuelta,Arrizabalaga,Arsenal,GK,49,Nott'm Forest,False,a,0.09199805
7,172,Ben_Wilson,Wilson,Coventry City,GK,45,Spurs,False,a,0.09176954
7,213,Jefferson_Lerma Solís,Lerma,Crystal Palace,MID,49,Brighton,False,a,0.09111621
7,636,Manuel Ángel_Morán Ibáñez,Ángel,Fulham,MID,50,Hull City,True,a,0.08952995
7,555,Remi_Matthews,Matthews,Crystal Palace,GK,40,Brighton,False,a,0.08842579
7,270,Harrison_Reed,Reed,Fulham,MID,45,Hull City,True,a,0.08673407
7,508,Ben_Davies,Davies,Spurs,DEF,40,Coventry City,True,a,0.08672007
7,524,Callum_Olusesi,Olusesi,Spurs,MID,45,Coventry City,True,a,0.08663547
7,612,Dayann_Méthalie,Methalie,Sunderland,DEF,45,Bournemouth,False,a,0.08590289
7,613,Jules_Ahoka,Ahoka,Sunderland,MID,45,Bournemouth,False,a,0.08588511
7,495,Brandon_Austin,Austin,Spurs,GK,40,Coventry City,True,a,0.0850594
7,641,Melvin_Bard,Bard,Leeds,DEF,45,Man Utd,True,a,0.08450406
7,443,Mark_Gillespie,Gillespie,Newcastle,GK,45,Aston Villa,True,a,0.08284381
7,444,Ewen_Jaouen,Jaouen,Newcastle,GK,45,Aston Villa,True,d,0.082631655
7,300,Christian_Walton,Walton,Ipswich Town,GK,45,Man City,False,a,0.08205989
7,606,Triston_Rowe,Rowe,Aston Villa,DEF,40,Newcastle,False,a,0.08133431
7,550,Djiamgone Jocelin Ta_Bi,Jocelin.T,Sunderland,MID,50,Bournemouth,False,a,0.07980909
7,310,Azor_Matusiwa,Matusiwa,Ipswich Town,MID,49,Man City,False,a,0.07934746
7,324,Anis_Mehmeti,Mehmeti,Ipswich Town,MID,49,Man City,False,a,0.07933217
7,645,Christos_Mouzakitis,Mouzakitis,Hull City,MID,50,Fulham,False,a,0.078366674
7,340,Joe_Gelhardt,Gelhardt,Hull City,MID,50,Fulham,False,a,0.07770228
7,92,Kim_Ji-soo,Ji-soo,Brentford,DEF,45,Liverpool,True,a,0.07709502
7,218,Cheick_Doucouré,Doucouré,Crystal Palace,MID,49,Brighton,False,a,0.07700328
7,199,Walter_Benítez,Benitez,Crystal Palace,GK,45,Brighton,False,a,0.076855026
7,107,Kaye_Furo,Furo,Brentford,FWD,45,Liverpool,True,a,0.07655829
7,189,George_Shepherd,Shepherd,Coventry City,MID,45,Spurs,False,a,0.07473554
7,66,Julio_Soler Barreto,Soler,Bournemouth,DEF,40,Sunderland,True,a,0.07416618
7,100,Fábio_Freitas Gouveia Carvalho,Carvalho,Brentford,MID,50,Liverpool,True,a,0.073893875
7,251,Benjamin_Lecomte,Lecomte,Fulham,GK,40,Hull City,True,a,0.073393606
7,374,Endo_Wataru,Endo,Liverpool,MID,50,Brentford,False,a,0.072915286
7,386,Marcus_Bettinelli,Bettinelli,Man City,GK,45,Ipswich Town,True,a,0.07202679
7,653,Floyd_Samba,Samba,Man City,MID,45,Ipswich Town,True,a,0.07166173
7,510,James_Rowswell,Rowswell,Spurs,DEF,40,Coventry City,True,a,0.070704475
7,292,Abdülkadir_Ömür,Ömür,Hull City,MID,49,Fulham,False,a,0.07037302
7,178,Jake_Bidwell,Bidwell,Coventry City,DEF,40,Spurs,False,a,0.070121236
7,509,Jun'ai_Byfield,Byfield,Spurs,DEF,40,Coventry City,True,a,0.07006431
7,440,Joshua_Zirkzee,Zirkzee,Man Utd,FWD,54,Leeds,False,a,0.06915462
7,434,Jack_Fletcher,J.Fletcher,Man Utd,MID,49,Leeds,False,a,0.0687043
7,656,Stephen_Mfuni,Mfuni,Coventry City,DEF,40,Spurs,False,a,0.068556175
7,604,Alfie_Cresswell,Cresswell,Leeds,MID,45,Man Utd,True,a,0.06830022
7,179,Joel_Latibeaudiere,Latibeaudiere,Coventry City,DEF,40,Spurs,False,a,0.06787763
7,599,Sidiki_Cherif,Cherif,Coventry City,FWD,50,Spurs,False,a,0.06711552
7,134,Nehemiah_Oriola,Oriola,Brighton,MID,45,Crystal Palace,True,a,0.067094326
7,615,Michele_Di Gregorio,Di Gregorio,Bournemouth,GK,45,Sunderland,True,a,0.06584201
7,531,Melker_Ellborg,Ellborg,Sunderland,GK,45,Bournemouth,False,a,0.0644038
7,352,Freddie_Woodman,Woodman,Liverpool,GK,40,Brentford,False,a,0.062882975
7,228,Tom_King,King,Everton,GK,45,Chelsea,True,a,0.06251082
7,590,Steven_Benda,Benda,Nott'm Forest,GK,45,Arsenal,True,a,0.05991542
7,468,John Victor_Maciel Furtado,John,Nott'm Forest,GK,45,Arsenal,True,a,0.059751987
7,637,Robinio_Vaz,Vaz,Hull City,FWD,50,Fulham,False,a,0.05829951
7,303,Cédric_Kipré,Kipré,Ipswich Town,DEF,40,Man City,False,a,0.058001038
7,424,Harry_Amass,Amass,Man Utd,DEF,40,Leeds,False,a,0.05789819
7,83,Hákon Rafn_Valdimarsson,Valdimarsson,Brentford,GK,45,Liverpool,True,a,0.057584565
7,476,Omar_Richards,O.Richards,Nott'm Forest,DEF,40,Arsenal,True,a,0.057176173
7,273,Dillon_Phillips,Phillips,Hull City,GK,40,Fulham,False,a,0.056808077
7,221,Joél_Drakes-Thomas,Drakes-Thomas,Crystal Palace,MID,45,Brighton,False,a,0.05537275
7,288,Kieran_Dowell,Dowell,Hull City,MID,45,Fulham,False,a,0.05393555
7,441,Chido_Obi,Obi,Man Utd,FWD,45,Leeds,False,a,0.05325462
7,438,Tyler_Fletcher,Fletcher,Man Utd,MID,45,Leeds,False,a,0.052148033
7,437,Bendito_Mantato,Bendito Mantato,Man Utd,MID,45,Leeds,False,a,0.051797427
7,603,Jayden_Lienou,Lienou,Leeds,DEF,40,Man Utd,True,a,0.04883312
7,294,Óscar_Zambrano,Zambrano,Hull City,MID,45,Fulham,False,a,0.04860632
7,625,Alex_Cairns,Cairns,Leeds,GK,40,Man Utd,True,a,0.047431678
7,361,Wellity_Lucky,Lucky,Liverpool,DEF,40,Brentford,False,a,0.045227744
7,378,James_McConnell,McConnell,Liverpool,MID,45,Brentford,False,a,0.04449829
7,284,Cathal_McCarthy,McCarthy,Hull City,DEF,40,Fulham,False,a,0.04261837
7,355,Harvey_Davies,Davies,Liverpool,GK,40,Brentford,False,a,0.042020842
7,169,Shumaira_Mheuka,Mheuka,Chelsea,FWD,45,Everton,False,a,0.037886348
7,382,Jayden_Danns,Danns,Liverpool,FWD,45,Brentford,False,a,0.034403276
7,6,William_Saliba,Saliba,Arsenal,DEF,59,Nott'm Forest,False,i,0.0
7,18,Gabriel_Martinelli Silva,Martinelli,Arsenal,MID,63,Nott'm Forest,False,u,0.0
7,21,Christian_Nørgaard,Nørgaard,Everton,MID,49,Chelsea,True,i,0.0
7,22,Ethan_Nwaneri,Nwaneri,Arsenal,MID,54,Nott'm Forest,False,u,0.0
7,23,Fábio_Ferreira Vieira,Fábio Vieira,Arsenal,MID,55,Nott'm Forest,False,u,0.0
7,24,Reiss_Nelson,Nelson,Arsenal,MID,55,Nott'm Forest,False,u,0.0
7,27,Gabriel_Fernando de Jesus,G.Jesus,Arsenal,FWD,59,Nott'm Forest,False,u,0.0
7,30,Lucas_Digne,Digne,Aston Villa,DEF,45,Newcastle,False,u,0.0
7,39,Kosta_Nedeljkovic,Nedeljkovic,Aston Villa,DEF,40,Newcastle,False,u,0.0
7,44,Leon_Bailey,Bailey,Aston Villa,MID,54,Newcastle,False,u,0.0
7,48,Amadou_Onana,Onana,Aston Villa,MID,50,Newcastle,False,i,0.0
7,49,Samuel_Iling-Junior,Iling Jr,Aston Villa,MID,50,Newcastle,False,u,0.0
7,54,Joao_Gomes,Gomes,Aston Villa,MID,55,Newcastle,False,s,0.0
7,55,Ollie_Watkins,Watkins,Aston Villa,FWD,78,Newcastle,False,u,0.0
7,59,Will_Dennis,Dennis,Bournemouth,GK,40,Sunderland,True,u,0.0
7,63,Veljko_Milosavljevic,Milosavljević,Bournemouth,DEF,50,Sunderland,True,i,0.0
7,65,Julián_Araujo Zúñiga,J.Araujo,Bournemouth,DEF,44,Sunderland,True,i,0.0
7,77,Amine_Adli,Adli,Bournemouth,MID,49,Sunderland,True,i,0.0
7,78,Junior_Kroupi,Kroupi.Jr,Bournemouth,MID,74,Sunderland,True,i,0.0
7,80,Enes_Ünal,Enes Ünal,Bournemouth,FWD,55,Sunderland,True,u,0.0
7,84,Nathan_Collins,Collins,Brentford,DEF,55,Liverpool,True,i,0.0
7,85,Sepp_van den Berg,Van den Berg,Brentford,DEF,49,Liverpool,True,i,0.0
7,97,Mathias_Jensen,Jensen,Brentford,MID,55,Liverpool,True,i,0.0
7,99,Antoni_Milambo,Milambo,Brentford,MID,50,Liverpool,True,i,0.0
7,101,Jordan_Henderson,Henderson,Chelsea,MID,49,Everton,False,i,0.0
7,103,Josh_Dasilva,Dasilva,Brentford,MID,50,Liverpool,True,i,0.0
7,118,Igor Julio_dos Santos de Paulo,Igor,Brighton,DEF,45,Crystal Palace,True,u,0.0
7,121,Mitoma_Kaoru,Mitoma,Brighton,MID,59,Crystal Palace,True,i,0.0
7,122,Yankuba_Minteh,Minteh,Brighton,MID,59,Crystal Palace,True,i,0.0
7,128,Facundo_Buonanotte,Buonanotte,Brighton,MID,50,Crystal Palace,True,u,0.0
7,130,Mats_Wieffer,Wieffer,Brighton,DEF,50,Crystal Palace,True,i,0.0
7,131,Carlos_Baleba,Baleba,Man Utd,MID,50,Leeds,False,i,0.0
7,132,Harry_Howell,Howell,Brighton,MID,45,Crystal Palace,True,u,0.0
7,133,Tom_Watson,Watson,Brighton,MID,50,Crystal Palace,True,u,0.0
7,135,Zadok_Yohanna,Yohanna,Brighton,MID,49,Crystal Palace,True,i,0.0
7,137,Stefanos_Tzimas,Tzimas,Brighton,FWD,55,Crystal Palace,True,i,0.0
7,139,Evan_Ferguson,Ferguson,Brighton,FWD,50,Crystal Palace,True,i,0.0
7,140,Robert_Lynch Sánchez,Sánchez,Chelsea,GK,49,Everton,False,u,0.0
7,141,Filip_Jörgensen,Jörgensen,Chelsea,GK,50,Everton,False,u,0.0
7,143,Trevoh_Chalobah,Chalobah,Chelsea,DEF,55,Everton,False,u,0.0
7,146,Benoît_Badiashile Mukinayi,B.Badiashile,Chelsea,DEF,45,Everton,False,u,0.0
7,150,Mamadou_Sarr,M.Sarr,Chelsea,DEF,45,Everton,False,u,0.0
7,152,Marco_Palestra,Palestra,Chelsea,DEF,54,Everton,False,i,0.0
7,159,Moisés_Caicedo Corozo,Caicedo,Chelsea,MID,54,Everton,False,i,0.0
7,163,Dário_Luís Essugo,D.Essugo,Chelsea,MID,45,Everton,False,u,0.0
7,168,Marc_Guiu Paz,Marc Guiu,Chelsea,FWD,50,Everton,False,u,0.0
7,170,Emmanuel_Emegha,Emegha,Chelsea,FWD,50,Everton,False,i,0.0
7,171,Oliver_Dovin,Dovin,Coventry City,GK,40,Spurs,False,u,0.0
7,174,Liam_Kitching,Kitching,Coventry City,DEF,40,Spurs,False,u,0.0
7,177,Kaine_Kesler-Hayden,Kesler-Hayden,Coventry City,DEF,40,Spurs,False,i,0.0
7,180,Luke_Woolfenden,Woolfenden,Coventry City,DEF,40,Spurs,False,i,0.0
7,181,Miguel_Brau,Brau,Coventry City,DEF,40,Spurs,False,u,0.0
7,187,Josh_Eccles,Eccles,Coventry City,MID,49,Spurs,False,i,0.0
7,191,Raphael_Borges Rodrigues,Borges Rodrigues,Coventry City,MID,45,Spurs,False,u,0.0
7,192,Kai_Andrews,Andrews,Coventry City,MID,45,Spurs,False,u,0.0
7,193,Haji_Wright,Wright,Coventry City,FWD,54,Spurs,False,i,0.0
7,196,Jahnoah_Markelo,Markelo,Coventry City,FWD,50,Spurs,False,u,0.0
7,197,Norman_Bassette,Bassette,Coventry City,FWD,45,Spurs,False,u,0.0
7,205,Borna_Sosa,Sosa,Crystal Palace,DEF,45,Brighton,False,u,0.0
7,206,Chadi_Riad Dnanou,Chadi Riad,Crystal Palace,DEF,44,Brighton,False,i,0.0
7,208,Ismaïla_Sarr,Sarr,Crystal Palace,MID,63,Brighton,False,i,0.0
7,215,Justin_Devenny,Devenny,Crystal Palace,MID,50,Brighton,False,u,0.0
7,216,Romain_Esse,Esse,Crystal Palace,MID,50,Brighton,False,u,0.0
7,217,Matheus_França de Oliveira,M.França,Crystal Palace,MID,49,Brighton,False,u,0.0
7,219,Jesurun_Rak-Sakyi,J.Rak-Sakyi,Crystal Palace,MID,49,Brighton,False,u,0.0
7,220,Rio_Cardines,Cardines,Crystal Palace,DEF,45,Brighton,False,u,0.0
7,223,Jean-Philippe_Mateta,Mateta,Crystal Palace,FWD,64,Brighton,False,i,0.0
7,225,Christantus_Uche,Uche,Crystal Palace,FWD,50,Brighton,False,u,0.0
7,234,Nathan_Patterson,Patterson,Everton,DEF,45,Chelsea,True,u,0.0
7,235,Adam_Aznou,Aznou,Everton,DEF,40,Chelsea,True,u,0.0
7,248,Norberto Bercique_Gomes Betuncal,Beto,Everton,FWD,54,Chelsea,True,u,0.0
7,252,Alfie_McNally,McNally,Fulham,GK,40,Hull City,True,u,0.0
7,266,Tom_Cairney,Cairney,Fulham,MID,50,Hull City,True,i,0.0
7,274,Jack_Butland,Butland,Hull City,GK,45,Fulham,False,i,0.0
7,275,Harvey_Cartwright,Cartwright,Hull City,GK,40,Fulham,False,u,0.0
7,276,Thimothée_Lo-Tutala,Lo-Tutala,Hull City,GK,40,Fulham,False,u,0.0
7,278,Charlie_Hughes,Hughes,Hull City,DEF,40,Fulham,False,i,0.0
7,281,Cody_Drameh,Drameh,Hull City,DEF,40,Fulham,False,u,0.0
7,283,Matty_Jacob,Jacob,Hull City,DEF,40,Fulham,False,u,0.0
7,287,Liam_Millar,Millar,Hull City,MID,50,Fulham,False,u,0.0
7,291,Eliot_Matazo,Matazo,Hull City,MID,45,Fulham,False,i,0.0
7,293,Abu_Kamara,Kamara,Hull City,MID,50,Fulham,False,u,0.0
7,296,David_Akintola,Akintola,Hull City,MID,50,Fulham,False,u,0.0
7,297,Darko_Gyabi,Gyabi,Hull City,MID,45,Fulham,False,i,0.0
7,298,Enis_Destan,Destan,Hull City,FWD,45,Fulham,False,u,0.0
7,299,Mason_Burstow,Burstow,Hull City,FWD,45,Fulham,False,u,0.0
7,307,Ben_Johnson,Johnson,Ipswich Town,DEF,40,Man City,False,u,0.0
7,311,Wes_Burns,Burns,Ipswich Town,MID,50,Man City,False,u,0.0
7,312,Jack_Taylor,Taylor,Ipswich Town,MID,45,Man City,False,i,0.0
7,314,Chiedozie_Ogbene,Ogbene,Ipswich Town,MID,49,Man City,False,u,0.0
7,317,George_Hirst,Hirst,Ipswich Town,FWD,50,Man City,False,u,0.0
7,319,Sam_Szmodics,Szmodics,Ipswich Town,MID,50,Man City,False,u,0.0
7,322,Ali_Al-Hamadi,Al-Hamadi,Ipswich Town,FWD,50,Man City,False,u,0.0
7,326,Lucas Estella_Perri,Perri,Leeds,GK,45,Man Utd,True,u,0.0
7,329,Joe_Rodon,Rodon,Leeds,DEF,44,Man Utd,True,i,0.0
7,333,Sebastiaan_Bornauw,Bornauw,Leeds,DEF,45,Man Utd,True,u,0.0
7,341,Wilfried_Gnonto,Gnonto,Leeds,MID,50,Man Utd,True,u,0.0
7,342,Jack_Harrison,Harrison,Leeds,MID,50,Man Utd,True,u,0.0
7,348,Joël_Piroe,Piroe,Leeds,FWD,50,Man Utd,True,u,0.0
7,349,Mateo_Joseph Fernández-Regatillo,Mateo Joseph,Leeds,FWD,45,Man Utd,True,i,0.0
7,353,Armin_Pecsi,Pecsi,Liverpool,GK,40,Brentford,False,u,0.0
7,354,Vitezslav_Jaros,Jaros,Liverpool,GK,40,Brentford,False,i,0.0
7,359,Joe_Gomez,Gomez,Liverpool,DEF,50,Brentford,False,i,0.0
7,360,Conor_Bradley,Bradley,Liverpool,DEF,50,Brentford,False,i,0.0
7,363,Giovanni_Leoni,Leoni,Liverpool,DEF,40,Brentford,False,i,0.0
7,365,Calvin_Ramsay,Ramsay,Liverpool,DEF,40,Brentford,False,u,0.0
7,370,Federico_Chiesa,Chiesa,Liverpool,MID,54,Brentford,False,i,0.0
7,373,Curtis_Jones,C.Jones,Liverpool,MID,55,Brentford,False,u,0.0
7,376,Stefan_Bajčetić Maquieira,Bajcetic,Liverpool,MID,50,Brentford,False,u,0.0
7,380,Hugo_Ekitiké,Ekitiké,Liverpool,FWD,74,Brentford,False,i,0.0
7,383,Harvey_Elliott,Elliott,Liverpool,MID,54,Brentford,False,u,0.0
7,394,Max_Alleyne,Alleyne,Man City,DEF,50,Ipswich Town,True,u,0.0
7,400,Jérémy_Doku,Doku,Man City,MID,74,Ipswich Town,True,i,0.0
7,402,Rodrigo 'Rodri'_Hernandez Cascante,Rodrigo,Man City,MID,65,Ipswich Town,True,u,0.0
7,404,Tijjani_Reijnders,Reijnders,Man City,MID,60,Ipswich Town,True,u,0.0
7,407,Claudio_Echeverri,Echeverri,Man City,MID,49,Ipswich Town,True,u,0.0
7,408,Kalvin_Phillips,Phillips,Man City,MID,50,Ipswich Town,True,u,0.0
7,409,Divine_Mukasa,Mukasa,Man City,MID,45,Ipswich Town,True,u,0.0
7,410,Jeremy_Monga,Monga,Man City,MID,49,Ipswich Town,True,u,0.0
7,413,Altay_Bayındır,Bayindir,Man Utd,GK,45,Leeds,False,u,0.0
7,414,Tom_Heaton,Heaton,Man Utd,GK,40,Leeds,False,i,0.0
7,416,Matthijs_de Ligt,De Ligt,Man Utd,DEF,50,Leeds,False,i,0.0
7,425,Tyler_Fredricson,Fredricson,Man Utd,DEF,40,Leeds,False,u,0.0
7,431,Amad_Diallo,Amad,Man Utd,MID,58,Leeds,False,i,0.0
7,433,Manuel_Ugarte Ribeiro,Ugarte,Man Utd,MID,50,Leeds,False,i,0.0
7,436,Toby_Collyer,Collyer,Man Utd,MID,50,Leeds,False,u,0.0
7,448,Dan_Burn,Burn,Newcastle,DEF,49,Aston Villa,True,i,0.0
7,451,Alex_Murphy,A.Murphy,Newcastle,DEF,40,Aston Villa,True,u,0.0
7,458,Joelinton Cássio_Apolinário de Lira,Joelinton,Newcastle,MID,54,Aston Villa,True,i,0.0
7,463,Nick_Woltemade,Woltemade,Newcastle,FWD,59,Aston Villa,True,u,0.0
7,465,William_Osula,Osula,Newcastle,FWD,59,Aston Villa,True,i,0.0
7,466,Sean_Neave,Neave,Newcastle,FWD,45,Aston Villa,True,u,0.0
7,470,Felipe_Rodrigues da Silva,Morato,Nott'm Forest,DEF,50,Arsenal,True,u,0.0
7,475,Nicolò_Savona,Savona,Nott'm Forest,DEF,45,Arsenal,True,i,0.0
7,477,Zach_Abbott,Abbott,Nott'm Forest,DEF,40,Arsenal,True,u,0.0
7,479,Tyler_Bindon,Bindon,Nott'm Forest,DEF,40,Arsenal,True,u,0.0
7,484,Omari_Hutchinson,Hutchinson,Nott'm Forest,MID,54,Arsenal,True,u,0.0
7,485,Dilane_Bakwa,Bakwa,Nott'm Forest,MID,55,Arsenal,True,u,0.0
7,494,Guglielmo_Vicario,Vicario,Spurs,GK,45,Coventry City,True,u,0.0
7,500,Cristian_Romero,Romero,Spurs,DEF,50,Coventry City,True,u,0.0
7,505,Djed_Spence,Spence,Spurs,DEF,45,Coventry City,True,u,0.0
7,507,Ashley_Phillips,Phillips,Spurs,DEF,45,Coventry City,True,u,0.0
7,511,João Victor_de Souza Menezes,Souza,Spurs,DEF,40,Coventry City,True,u,0.0
7,513,Xavi_Simons,Xavi,Spurs,MID,60,Coventry City,True,i,0.0
7,517,Wilson_Odobert,Odobert,Spurs,MID,55,Coventry City,True,i,0.0
7,518,Pape Matar_Sarr,P.M.Sarr,Spurs,MID,49,Coventry City,True,u,0.0
7,521,Dejan_Kulusevski,Kulusevski,Spurs,MID,65,Coventry City,True,i,0.0
7,523,Mikey_Moore,Moore,Spurs,MID,50,Coventry City,True,u,0.0
7,527,Richarlison_de Andrade,Richarlison,Spurs,FWD,59,Coventry City,True,u,0.0
7,528,Dane_Scarlett,Scarlett,Spurs,FWD,45,Coventry City,True,u,0.0
7,530,Anthony_Patterson,Patterson,Sunderland,GK,40,Bournemouth,False,u,0.0
7,537,Jenson_Seelt,Seelt,Sunderland,DEF,45,Bournemouth,False,u,0.0
7,538,Leo Fuhr_Hjelde,Hjelde,Sunderland,DEF,40,Bournemouth,False,u,0.0
7,540,Arthur_Masuaku,Masuaku,Sunderland,DEF,40,Bournemouth,False,u,0.0
7,543,Habib_Diarra,Diarra,Sunderland,MID,54,Bournemouth,False,i,0.0
7,546,Simon_Adingra,Adingra,Sunderland,MID,49,Bournemouth,False,u,0.0
7,547,Romaine_Mundle,Mundle,Sunderland,MID,49,Bournemouth,False,i,0.0
7,554,Kayne_van Oevelen,Van Oevelen,Ipswich Town,GK,45,Man City,False,u,0.0
7,563,Hidemasa_Morita,Morita,Hull City,MID,50,Fulham,False,i,0.0
7,582,Brian_Madjo,Madjo,Aston Villa,FWD,55,Newcastle,False,i,0.0
7,602,Cameron_Humphreys,Humphreys,Ipswich Town,MID,45,Man City,False,u,0.0
7,607,Luka_Lynch,Lynch,Aston Villa,MID,45,Newcastle,False,u,0.0
7,609,Leo_Shahar,Shahar,Newcastle,DEF,40,Aston Villa,True,u,0.0
7,610,Luc_De Fougerolles,De Fougerolles,Fulham,DEF,40,Hull City,True,u,0.0
7,618,Leon_Goretzka,Goretzka,Aston Villa,MID,60,Newcastle,False,i,0.0
7,624,Amario_Cozier-Duberry,Cozier-Duberry,Brighton,MID,50,Crystal Palace,True,u,0.0
7,632,Ilyas_Ansah,Ansah,Hull City,FWD,50,Fulham,False,i,0.0
